candidate,margin_threshold,best_similarity_threshold,duration_minimum_seconds,duration_margin_threshold,session,utterance_count,score,accuracy,unassigned_rate,error_rate,misattributed_seconds,correct_count,unassigned_count,wrong_count
production,,,,,20260818-end,195,0.9128205128205128,0.8205128205128205,0.15384615384615385,0.02564102564102564,4.30000000000004,160,30,5
production,,,,,20260825-end,243,0.8971193415637861,0.7736625514403292,0.205761316872428,0.0205761316872428,4.660000000000053,188,50,5
production,,,,,pooled,438,0.904109589041096,0.7945205479452054,0.182648401826484,0.0228310502283105,8.960000000000093,348,80,10
margin>=0.06,0.06,,,,20260818-end,195,0.9046153846153846,0.8307692307692308,0.12307692307692308,0.046153846153846156,6.830000000000027,162,24,9
margin>=0.06,0.06,,,,20260825-end,243,0.8954732510288067,0.7942386831275721,0.16872427983539096,0.037037037037037035,5.910000000000014,193,41,9
margin>=0.06,0.06,,,,pooled,438,0.8995433789954338,0.8105022831050228,0.14840182648401826,0.0410958904109589,12.740000000000041,355,65,18
margin>=0.06 dur[1.0s->0.0],0.06,,1.0,0.0,20260818-end,195,0.9015384615384615,0.8461538461538461,0.09230769230769231,0.06153846153846154,13.319999999999979,165,18,12
margin>=0.06 dur[1.0s->0.0],0.06,,1.0,0.0,20260825-end,243,0.9069958847736626,0.8353909465020576,0.11934156378600823,0.04526748971193416,8.37000000000005,203,29,11
margin>=0.06 dur[1.0s->0.0],0.06,,1.0,0.0,pooled,438,0.9045662100456621,0.8401826484018264,0.10730593607305935,0.05251141552511415,21.69000000000003,368,47,23
margin>=0.06 dur[1.0s->0.02],0.06,,1.0,0.02,20260818-end,195,0.9015384615384615,0.8461538461538461,0.09230769230769231,0.06153846153846154,13.319999999999979,165,18,12
margin>=0.06 dur[1.0s->0.02],0.06,,1.0,0.02,20260825-end,243,0.8954732510288066,0.8065843621399177,0.14814814814814814,0.04526748971193416,8.37000000000005,196,36,11
margin>=0.06 dur[1.0s->0.02],0.06,,1.0,0.02,pooled,438,0.8981735159817352,0.8242009132420092,0.1232876712328767,0.05251141552511415,21.69000000000003,361,54,23
margin>=0.06 dur[1.0s->0.04],0.06,,1.0,0.04,20260818-end,195,0.9056410256410257,0.841025641025641,0.1076923076923077,0.05128205128205128,8.370000000000019,164,21,10
margin>=0.06 dur[1.0s->0.04],0.06,,1.0,0.04,20260825-end,243,0.9004115226337449,0.8065843621399177,0.15637860082304528,0.037037037037037035,5.910000000000014,196,38,9
margin>=0.06 dur[1.0s->0.04],0.06,,1.0,0.04,pooled,438,0.9027397260273973,0.821917808219178,0.13470319634703196,0.04337899543378995,14.280000000000033,360,59,19
margin>=0.06 dur[1.0s->0.06],0.06,,1.0,0.06,20260818-end,195,0.9046153846153846,0.8307692307692308,0.12307692307692308,0.046153846153846156,6.830000000000027,162,24,9
margin>=0.06 dur[1.0s->0.06],0.06,,1.0,0.06,20260825-end,243,0.8954732510288067,0.7942386831275721,0.16872427983539096,0.037037037037037035,5.910000000000014,193,41,9
margin>=0.06 dur[1.0s->0.06],0.06,,1.0,0.06,pooled,438,0.8995433789954338,0.8105022831050228,0.14840182648401826,0.0410958904109589,12.740000000000041,355,65,18
margin>=0.06 dur[1.5s->0.0],0.06,,1.5,0.0,20260818-end,195,0.9025641025641026,0.841025641025641,0.10256410256410256,0.05641025641025641,12.149999999999991,164,20,11
margin>=0.06 dur[1.5s->0.0],0.06,,1.5,0.0,20260825-end,243,0.9037037037037038,0.8148148148148148,0.14814814814814814,0.037037037037037035,5.910000000000014,198,36,9
margin>=0.06 dur[1.5s->0.0],0.06,,1.5,0.0,pooled,438,0.9031963470319635,0.8264840182648402,0.1278538812785388,0.045662100456621,18.060000000000006,362,56,20
margin>=0.06 dur[1.5s->0.02],0.06,,1.5,0.02,20260818-end,195,0.9025641025641026,0.841025641025641,0.10256410256410256,0.05641025641025641,12.149999999999991,164,20,11
margin>=0.06 dur[1.5s->0.02],0.06,,1.5,0.02,20260825-end,243,0.8971193415637861,0.7983539094650206,0.1646090534979424,0.037037037037037035,5.910000000000014,194,40,9
margin>=0.06 dur[1.5s->0.02],0.06,,1.5,0.02,pooled,438,0.8995433789954338,0.817351598173516,0.136986301369863,0.045662100456621,18.060000000000006,358,60,20
margin>=0.06 dur[1.5s->0.04],0.06,,1.5,0.04,20260818-end,195,0.9056410256410257,0.841025641025641,0.1076923076923077,0.05128205128205128,8.370000000000019,164,21,10
margin>=0.06 dur[1.5s->0.04],0.06,,1.5,0.04,20260825-end,243,0.8971193415637861,0.7983539094650206,0.1646090534979424,0.037037037037037035,5.910000000000014,194,40,9
margin>=0.06 dur[1.5s->0.04],0.06,,1.5,0.04,pooled,438,0.9009132420091325,0.817351598173516,0.13926940639269406,0.04337899543378995,14.280000000000033,358,61,19
margin>=0.06 dur[1.5s->0.06],0.06,,1.5,0.06,20260818-end,195,0.9046153846153846,0.8307692307692308,0.12307692307692308,0.046153846153846156,6.830000000000027,162,24,9
margin>=0.06 dur[1.5s->0.06],0.06,,1.5,0.06,20260825-end,243,0.8954732510288067,0.7942386831275721,0.16872427983539096,0.037037037037037035,5.910000000000014,193,41,9
margin>=0.06 dur[1.5s->0.06],0.06,,1.5,0.06,pooled,438,0.8995433789954338,0.8105022831050228,0.14840182648401826,0.0410958904109589,12.740000000000041,355,65,18
margin>=0.06 dur[2.0s->0.0],0.06,,2.0,0.0,20260818-end,195,0.9035897435897435,0.8358974358974359,0.11282051282051282,0.05128205128205128,10.61,163,22,10
margin>=0.06 dur[2.0s->0.0],0.06,,2.0,0.0,20260825-end,243,0.9004115226337449,0.8065843621399177,0.15637860082304528,0.037037037037037035,5.910000000000014,196,38,9
margin>=0.06 dur[2.0s->0.0],0.06,,2.0,0.0,pooled,438,0.9018264840182648,0.819634703196347,0.136986301369863,0.04337899543378995,16.520000000000014,359,60,19
margin>=0.06 dur[2.0s->0.02],0.06,,2.0,0.02,20260818-end,195,0.9035897435897435,0.8358974358974359,0.11282051282051282,0.05128205128205128,10.61,163,22,10
margin>=0.06 dur[2.0s->0.02],0.06,,2.0,0.02,20260825-end,243,0.8954732510288067,0.7942386831275721,0.16872427983539096,0.037037037037037035,5.910000000000014,193,41,9
margin>=0.06 dur[2.0s->0.02],0.06,,2.0,0.02,pooled,438,0.8990867579908677,0.8127853881278538,0.14383561643835616,0.04337899543378995,16.520000000000014,356,63,19
margin>=0.06 dur[2.0s->0.04],0.06,,2.0,0.04,20260818-end,195,0.9066666666666666,0.8358974358974359,0.11794871794871795,0.046153846153846156,6.830000000000027,163,23,9
margin>=0.06 dur[2.0s->0.04],0.06,,2.0,0.04,20260825-end,243,0.8954732510288067,0.7942386831275721,0.16872427983539096,0.037037037037037035,5.910000000000014,193,41,9
margin>=0.06 dur[2.0s->0.04],0.06,,2.0,0.04,pooled,438,0.9004566210045662,0.8127853881278538,0.1461187214611872,0.0410958904109589,12.740000000000041,356,64,18
margin>=0.06 dur[2.0s->0.06],0.06,,2.0,0.06,20260818-end,195,0.9046153846153846,0.8307692307692308,0.12307692307692308,0.046153846153846156,6.830000000000027,162,24,9
margin>=0.06 dur[2.0s->0.06],0.06,,2.0,0.06,20260825-end,243,0.8954732510288067,0.7942386831275721,0.16872427983539096,0.037037037037037035,5.910000000000014,193,41,9
margin>=0.06 dur[2.0s->0.06],0.06,,2.0,0.06,pooled,438,0.8995433789954338,0.8105022831050228,0.14840182648401826,0.0410958904109589,12.740000000000041,355,65,18
margin>=0.06 dur[2.5s->0.0],0.06,,2.5,0.0,20260818-end,195,0.9035897435897435,0.8358974358974359,0.11282051282051282,0.05128205128205128,10.61,163,22,10
margin>=0.06 dur[2.5s->0.0],0.06,,2.5,0.0,20260825-end,243,0.9004115226337449,0.8065843621399177,0.15637860082304528,0.037037037037037035,5.910000000000014,196,38,9
margin>=0.06 dur[2.5s->0.0],0.06,,2.5,0.0,pooled,438,0.9018264840182648,0.819634703196347,0.136986301369863,0.04337899543378995,16.520000000000014,359,60,19
margin>=0.06 dur[2.5s->0.02],0.06,,2.5,0.02,20260818-end,195,0.9035897435897435,0.8358974358974359,0.11282051282051282,0.05128205128205128,10.61,163,22,10
margin>=0.06 dur[2.5s->0.02],0.06,,2.5,0.02,20260825-end,243,0.8954732510288067,0.7942386831275721,0.16872427983539096,0.037037037037037035,5.910000000000014,193,41,9
margin>=0.06 dur[2.5s->0.02],0.06,,2.5,0.02,pooled,438,0.8990867579908677,0.8127853881278538,0.14383561643835616,0.04337899543378995,16.520000000000014,356,63,19
margin>=0.06 dur[2.5s->0.04],0.06,,2.5,0.04,20260818-end,195,0.9066666666666666,0.8358974358974359,0.11794871794871795,0.046153846153846156,6.830000000000027,163,23,9
margin>=0.06 dur[2.5s->0.04],0.06,,2.5,0.04,20260825-end,243,0.8954732510288067,0.7942386831275721,0.16872427983539096,0.037037037037037035,5.910000000000014,193,41,9
margin>=0.06 dur[2.5s->0.04],0.06,,2.5,0.04,pooled,438,0.9004566210045662,0.8127853881278538,0.1461187214611872,0.0410958904109589,12.740000000000041,356,64,18
margin>=0.06 dur[2.5s->0.06],0.06,,2.5,0.06,20260818-end,195,0.9046153846153846,0.8307692307692308,0.12307692307692308,0.046153846153846156,6.830000000000027,162,24,9
margin>=0.06 dur[2.5s->0.06],0.06,,2.5,0.06,20260825-end,243,0.8954732510288067,0.7942386831275721,0.16872427983539096,0.037037037037037035,5.910000000000014,193,41,9
margin>=0.06 dur[2.5s->0.06],0.06,,2.5,0.06,pooled,438,0.8995433789954338,0.8105022831050228,0.14840182648401826,0.0410958904109589,12.740000000000041,355,65,18
margin>=0.06 dur[3.0s->0.0],0.06,,3.0,0.0,20260818-end,195,0.9035897435897435,0.8358974358974359,0.11282051282051282,0.05128205128205128,10.61,163,22,10
margin>=0.06 dur[3.0s->0.0],0.06,,3.0,0.0,20260825-end,243,0.8987654320987655,0.8024691358024691,0.16049382716049382,0.037037037037037035,5.910000000000014,195,39,9
margin>=0.06 dur[3.0s->0.0],0.06,,3.0,0.0,pooled,438,0.9009132420091325,0.817351598173516,0.13926940639269406,0.04337899543378995,16.520000000000014,358,61,19
margin>=0.06 dur[3.0s->0.02],0.06,,3.0,0.02,20260818-end,195,0.9035897435897435,0.8358974358974359,0.11282051282051282,0.05128205128205128,10.61,163,22,10
margin>=0.06 dur[3.0s->0.02],0.06,,3.0,0.02,20260825-end,243,0.8954732510288067,0.7942386831275721,0.16872427983539096,0.037037037037037035,5.910000000000014,193,41,9
margin>=0.06 dur[3.0s->0.02],0.06,,3.0,0.02,pooled,438,0.8990867579908677,0.8127853881278538,0.14383561643835616,0.04337899543378995,16.520000000000014,356,63,19
margin>=0.06 dur[3.0s->0.04],0.06,,3.0,0.04,20260818-end,195,0.9066666666666666,0.8358974358974359,0.11794871794871795,0.046153846153846156,6.830000000000027,163,23,9
margin>=0.06 dur[3.0s->0.04],0.06,,3.0,0.04,20260825-end,243,0.8954732510288067,0.7942386831275721,0.16872427983539096,0.037037037037037035,5.910000000000014,193,41,9
margin>=0.06 dur[3.0s->0.04],0.06,,3.0,0.04,pooled,438,0.9004566210045662,0.8127853881278538,0.1461187214611872,0.0410958904109589,12.740000000000041,356,64,18
margin>=0.06 dur[3.0s->0.06],0.06,,3.0,0.06,20260818-end,195,0.9046153846153846,0.8307692307692308,0.12307692307692308,0.046153846153846156,6.830000000000027,162,24,9
margin>=0.06 dur[3.0s->0.06],0.06,,3.0,0.06,20260825-end,243,0.8954732510288067,0.7942386831275721,0.16872427983539096,0.037037037037037035,5.910000000000014,193,41,9
margin>=0.06 dur[3.0s->0.06],0.06,,3.0,0.06,pooled,438,0.8995433789954338,0.8105022831050228,0.14840182648401826,0.0410958904109589,12.740000000000041,355,65,18
margin>=0.06 OR best>=0.3,0.06,0.3,,,20260818-end,195,0.8984615384615384,0.8461538461538461,0.08717948717948718,0.06666666666666667,12.899999999999977,165,17,13
margin>=0.06 OR best>=0.3,0.06,0.3,,,20260825-end,243,0.9037037037037038,0.8271604938271605,0.12757201646090535,0.04526748971193416,8.260000000000094,201,31,11
margin>=0.06 OR best>=0.3,0.06,0.3,,,pooled,438,0.9013698630136987,0.8356164383561644,0.1095890410958904,0.0547945205479452,21.16000000000007,366,48,24
margin>=0.06 OR best>=0.3 dur[1.0s->0.0],0.06,0.3,1.0,0.0,20260818-end,195,0.8974358974358975,0.8512820512820513,0.07692307692307693,0.07179487179487179,14.43999999999997,166,15,14
margin>=0.06 OR best>=0.3 dur[1.0s->0.0],0.06,0.3,1.0,0.0,20260825-end,243,0.9045267489711935,0.8353909465020576,0.11522633744855967,0.04938271604938271,9.32000000000004,203,28,12
margin>=0.06 OR best>=0.3 dur[1.0s->0.0],0.06,0.3,1.0,0.0,pooled,438,0.9013698630136987,0.8424657534246576,0.09817351598173515,0.0593607305936073,23.76000000000001,369,43,26
margin>=0.06 OR best>=0.3 dur[1.0s->0.02],0.06,0.3,1.0,0.02,20260818-end,195,0.8974358974358975,0.8512820512820513,0.07692307692307693,0.07179487179487179,14.43999999999997,166,15,14
margin>=0.06 OR best>=0.3 dur[1.0s->0.02],0.06,0.3,1.0,0.02,20260825-end,243,0.9012345679012346,0.8271604938271605,0.12345679012345678,0.04938271604938271,9.32000000000004,201,30,12
margin>=0.06 OR best>=0.3 dur[1.0s->0.02],0.06,0.3,1.0,0.02,pooled,438,0.8995433789954338,0.8378995433789954,0.10273972602739725,0.0593607305936073,23.76000000000001,367,45,26
margin>=0.06 OR best>=0.3 dur[1.0s->0.04],0.06,0.3,1.0,0.04,20260818-end,195,0.8953846153846154,0.8461538461538461,0.08205128205128205,0.07179487179487179,14.43999999999997,165,16,14
margin>=0.06 OR best>=0.3 dur[1.0s->0.04],0.06,0.3,1.0,0.04,20260825-end,243,0.9037037037037038,0.8271604938271605,0.12757201646090535,0.04526748971193416,8.260000000000094,201,31,11
margin>=0.06 OR best>=0.3 dur[1.0s->0.04],0.06,0.3,1.0,0.04,pooled,438,0.9,0.8356164383561644,0.10730593607305935,0.05707762557077625,22.700000000000063,366,47,25
margin>=0.06 OR best>=0.3 dur[1.0s->0.06],0.06,0.3,1.0,0.06,20260818-end,195,0.8984615384615384,0.8461538461538461,0.08717948717948718,0.06666666666666667,12.899999999999977,165,17,13
margin>=0.06 OR best>=0.3 dur[1.0s->0.06],0.06,0.3,1.0,0.06,20260825-end,243,0.9037037037037038,0.8271604938271605,0.12757201646090535,0.04526748971193416,8.260000000000094,201,31,11
margin>=0.06 OR best>=0.3 dur[1.0s->0.06],0.06,0.3,1.0,0.06,pooled,438,0.9013698630136987,0.8356164383561644,0.1095890410958904,0.0547945205479452,21.16000000000007,366,48,24
margin>=0.06 OR best>=0.3 dur[1.5s->0.0],0.06,0.3,1.5,0.0,20260818-end,195,0.8953846153846154,0.8461538461538461,0.08205128205128205,0.07179487179487179,14.43999999999997,165,16,14
margin>=0.06 OR best>=0.3 dur[1.5s->0.0],0.06,0.3,1.5,0.0,20260825-end,243,0.9053497942386831,0.831275720164609,0.12345679012345678,0.04526748971193416,8.260000000000094,202,30,11
margin>=0.06 OR best>=0.3 dur[1.5s->0.0],0.06,0.3,1.5,0.0,pooled,438,0.9009132420091325,0.8378995433789954,0.1050228310502283,0.05707762557077625,22.700000000000063,367,46,25
margin>=0.06 OR best>=0.3 dur[1.5s->0.02],0.06,0.3,1.5,0.02,20260818-end,195,0.8953846153846154,0.8461538461538461,0.08205128205128205,0.07179487179487179,14.43999999999997,165,16,14
margin>=0.06 OR best>=0.3 dur[1.5s->0.02],0.06,0.3,1.5,0.02,20260825-end,243,0.9037037037037038,0.8271604938271605,0.12757201646090535,0.04526748971193416,8.260000000000094,201,31,11
margin>=0.06 OR best>=0.3 dur[1.5s->0.02],0.06,0.3,1.5,0.02,pooled,438,0.9,0.8356164383561644,0.10730593607305935,0.05707762557077625,22.700000000000063,366,47,25
margin>=0.06 OR best>=0.3 dur[1.5s->0.04],0.06,0.3,1.5,0.04,20260818-end,195,0.8953846153846154,0.8461538461538461,0.08205128205128205,0.07179487179487179,14.43999999999997,165,16,14
margin>=0.06 OR best>=0.3 dur[1.5s->0.04],0.06,0.3,1.5,0.04,20260825-end,243,0.9037037037037038,0.8271604938271605,0.12757201646090535,0.04526748971193416,8.260000000000094,201,31,11
margin>=0.06 OR best>=0.3 dur[1.5s->0.04],0.06,0.3,1.5,0.04,pooled,438,0.9,0.8356164383561644,0.10730593607305935,0.05707762557077625,22.700000000000063,366,47,25
margin>=0.06 OR best>=0.3 dur[1.5s->0.06],0.06,0.3,1.5,0.06,20260818-end,195,0.8984615384615384,0.8461538461538461,0.08717948717948718,0.06666666666666667,12.899999999999977,165,17,13
margin>=0.06 OR best>=0.3 dur[1.5s->0.06],0.06,0.3,1.5,0.06,20260825-end,243,0.9037037037037038,0.8271604938271605,0.12757201646090535,0.04526748971193416,8.260000000000094,201,31,11
margin>=0.06 OR best>=0.3 dur[1.5s->0.06],0.06,0.3,1.5,0.06,pooled,438,0.9013698630136987,0.8356164383561644,0.1095890410958904,0.0547945205479452,21.16000000000007,366,48,24
margin>=0.06 OR best>=0.3 dur[2.0s->0.0],0.06,0.3,2.0,0.0,20260818-end,195,0.8984615384615384,0.8461538461538461,0.08717948717948718,0.06666666666666667,12.899999999999977,165,17,13
margin>=0.06 OR best>=0.3 dur[2.0s->0.0],0.06,0.3,2.0,0.0,20260825-end,243,0.9053497942386831,0.831275720164609,0.12345679012345678,0.04526748971193416,8.260000000000094,202,30,11
margin>=0.06 OR best>=0.3 dur[2.0s->0.0],0.06,0.3,2.0,0.0,pooled,438,0.902283105022831,0.8378995433789954,0.10730593607305935,0.0547945205479452,21.16000000000007,367,47,24
margin>=0.06 OR best>=0.3 dur[2.0s->0.02],0.06,0.3,2.0,0.02,20260818-end,195,0.8984615384615384,0.8461538461538461,0.08717948717948718,0.06666666666666667,12.899999999999977,165,17,13
margin>=0.06 OR best>=0.3 dur[2.0s->0.02],0.06,0.3,2.0,0.02,20260825-end,243,0.9037037037037038,0.8271604938271605,0.12757201646090535,0.04526748971193416,8.260000000000094,201,31,11
margin>=0.06 OR best>=0.3 dur[2.0s->0.02],0.06,0.3,2.0,0.02,pooled,438,0.9013698630136987,0.8356164383561644,0.1095890410958904,0.0547945205479452,21.16000000000007,366,48,24
margin>=0.06 OR best>=0.3 dur[2.0s->0.04],0.06,0.3,2.0,0.04,20260818-end,195,0.8984615384615384,0.8461538461538461,0.08717948717948718,0.06666666666666667,12.899999999999977,165,17,13
margin>=0.06 OR best>=0.3 dur[2.0s->0.04],0.06,0.3,2.0,0.04,20260825-end,243,0.9037037037037038,0.8271604938271605,0.12757201646090535,0.04526748971193416,8.260000000000094,201,31,11
margin>=0.06 OR best>=0.3 dur[2.0s->0.04],0.06,0.3,2.0,0.04,pooled,438,0.9013698630136987,0.8356164383561644,0.1095890410958904,0.0547945205479452,21.16000000000007,366,48,24
margin>=0.06 OR best>=0.3 dur[2.0s->0.06],0.06,0.3,2.0,0.06,20260818-end,195,0.8984615384615384,0.8461538461538461,0.08717948717948718,0.06666666666666667,12.899999999999977,165,17,13
margin>=0.06 OR best>=0.3 dur[2.0s->0.06],0.06,0.3,2.0,0.06,20260825-end,243,0.9037037037037038,0.8271604938271605,0.12757201646090535,0.04526748971193416,8.260000000000094,201,31,11
margin>=0.06 OR best>=0.3 dur[2.0s->0.06],0.06,0.3,2.0,0.06,pooled,438,0.9013698630136987,0.8356164383561644,0.1095890410958904,0.0547945205479452,21.16000000000007,366,48,24
margin>=0.06 OR best>=0.3 dur[2.5s->0.0],0.06,0.3,2.5,0.0,20260818-end,195,0.8984615384615384,0.8461538461538461,0.08717948717948718,0.06666666666666667,12.899999999999977,165,17,13
margin>=0.06 OR best>=0.3 dur[2.5s->0.0],0.06,0.3,2.5,0.0,20260825-end,243,0.9053497942386831,0.831275720164609,0.12345679012345678,0.04526748971193416,8.260000000000094,202,30,11
margin>=0.06 OR best>=0.3 dur[2.5s->0.0],0.06,0.3,2.5,0.0,pooled,438,0.902283105022831,0.8378995433789954,0.10730593607305935,0.0547945205479452,21.16000000000007,367,47,24
margin>=0.06 OR best>=0.3 dur[2.5s->0.02],0.06,0.3,2.5,0.02,20260818-end,195,0.8984615384615384,0.8461538461538461,0.08717948717948718,0.06666666666666667,12.899999999999977,165,17,13
margin>=0.06 OR best>=0.3 dur[2.5s->0.02],0.06,0.3,2.5,0.02,20260825-end,243,0.9037037037037038,0.8271604938271605,0.12757201646090535,0.04526748971193416,8.260000000000094,201,31,11
margin>=0.06 OR best>=0.3 dur[2.5s->0.02],0.06,0.3,2.5,0.02,pooled,438,0.9013698630136987,0.8356164383561644,0.1095890410958904,0.0547945205479452,21.16000000000007,366,48,24
margin>=0.06 OR best>=0.3 dur[2.5s->0.04],0.06,0.3,2.5,0.04,20260818-end,195,0.8984615384615384,0.8461538461538461,0.08717948717948718,0.06666666666666667,12.899999999999977,165,17,13
margin>=0.06 OR best>=0.3 dur[2.5s->0.04],0.06,0.3,2.5,0.04,20260825-end,243,0.9037037037037038,0.8271604938271605,0.12757201646090535,0.04526748971193416,8.260000000000094,201,31,11
margin>=0.06 OR best>=0.3 dur[2.5s->0.04],0.06,0.3,2.5,0.04,pooled,438,0.9013698630136987,0.8356164383561644,0.1095890410958904,0.0547945205479452,21.16000000000007,366,48,24
margin>=0.06 OR best>=0.3 dur[2.5s->0.06],0.06,0.3,2.5,0.06,20260818-end,195,0.8984615384615384,0.8461538461538461,0.08717948717948718,0.06666666666666667,12.899999999999977,165,17,13
margin>=0.06 OR best>=0.3 dur[2.5s->0.06],0.06,0.3,2.5,0.06,20260825-end,243,0.9037037037037038,0.8271604938271605,0.12757201646090535,0.04526748971193416,8.260000000000094,201,31,11
margin>=0.06 OR best>=0.3 dur[2.5s->0.06],0.06,0.3,2.5,0.06,pooled,438,0.9013698630136987,0.8356164383561644,0.1095890410958904,0.0547945205479452,21.16000000000007,366,48,24
margin>=0.06 OR best>=0.3 dur[3.0s->0.0],0.06,0.3,3.0,0.0,20260818-end,195,0.8984615384615384,0.8461538461538461,0.08717948717948718,0.06666666666666667,12.899999999999977,165,17,13
margin>=0.06 OR best>=0.3 dur[3.0s->0.0],0.06,0.3,3.0,0.0,20260825-end,243,0.9053497942386831,0.831275720164609,0.12345679012345678,0.04526748971193416,8.260000000000094,202,30,11
margin>=0.06 OR best>=0.3 dur[3.0s->0.0],0.06,0.3,3.0,0.0,pooled,438,0.902283105022831,0.8378995433789954,0.10730593607305935,0.0547945205479452,21.16000000000007,367,47,24
margin>=0.06 OR best>=0.3 dur[3.0s->0.02],0.06,0.3,3.0,0.02,20260818-end,195,0.8984615384615384,0.8461538461538461,0.08717948717948718,0.06666666666666667,12.899999999999977,165,17,13
margin>=0.06 OR best>=0.3 dur[3.0s->0.02],0.06,0.3,3.0,0.02,20260825-end,243,0.9037037037037038,0.8271604938271605,0.12757201646090535,0.04526748971193416,8.260000000000094,201,31,11
margin>=0.06 OR best>=0.3 dur[3.0s->0.02],0.06,0.3,3.0,0.02,pooled,438,0.9013698630136987,0.8356164383561644,0.1095890410958904,0.0547945205479452,21.16000000000007,366,48,24
margin>=0.06 OR best>=0.3 dur[3.0s->0.04],0.06,0.3,3.0,0.04,20260818-end,195,0.8984615384615384,0.8461538461538461,0.08717948717948718,0.06666666666666667,12.899999999999977,165,17,13
margin>=0.06 OR best>=0.3 dur[3.0s->0.04],0.06,0.3,3.0,0.04,20260825-end,243,0.9037037037037038,0.8271604938271605,0.12757201646090535,0.04526748971193416,8.260000000000094,201,31,11
margin>=0.06 OR best>=0.3 dur[3.0s->0.04],0.06,0.3,3.0,0.04,pooled,438,0.9013698630136987,0.8356164383561644,0.1095890410958904,0.0547945205479452,21.16000000000007,366,48,24
margin>=0.06 OR best>=0.3 dur[3.0s->0.06],0.06,0.3,3.0,0.06,20260818-end,195,0.8984615384615384,0.8461538461538461,0.08717948717948718,0.06666666666666667,12.899999999999977,165,17,13
margin>=0.06 OR best>=0.3 dur[3.0s->0.06],0.06,0.3,3.0,0.06,20260825-end,243,0.9037037037037038,0.8271604938271605,0.12757201646090535,0.04526748971193416,8.260000000000094,201,31,11
margin>=0.06 OR best>=0.3 dur[3.0s->0.06],0.06,0.3,3.0,0.06,pooled,438,0.9013698630136987,0.8356164383561644,0.1095890410958904,0.0547945205479452,21.16000000000007,366,48,24
margin>=0.06 OR best>=0.325,0.06,0.325,,,20260818-end,195,0.8964102564102564,0.841025641025641,0.09230769230769231,0.06666666666666667,12.899999999999977,164,18,13
margin>=0.06 OR best>=0.325,0.06,0.325,,,20260825-end,243,0.9045267489711935,0.823045267489712,0.13580246913580246,0.0411522633744856,6.860000000000003,200,33,10
margin>=0.06 OR best>=0.325,0.06,0.325,,,pooled,438,0.9009132420091325,0.8310502283105022,0.11643835616438356,0.05251141552511415,19.75999999999998,364,51,23
margin>=0.06 OR best>=0.325 dur[1.0s->0.0],0.06,0.325,1.0,0.0,20260818-end,195,0.8953846153846154,0.8461538461538461,0.08205128205128205,0.07179487179487179,14.43999999999997,165,16,14
margin>=0.06 OR best>=0.325 dur[1.0s->0.0],0.06,0.325,1.0,0.0,20260825-end,243,0.9045267489711935,0.8353909465020576,0.11522633744855967,0.04938271604938271,9.32000000000004,203,28,12
margin>=0.06 OR best>=0.325 dur[1.0s->0.0],0.06,0.325,1.0,0.0,pooled,438,0.9004566210045662,0.8401826484018264,0.1004566210045662,0.0593607305936073,23.76000000000001,368,44,26
margin>=0.06 OR best>=0.325 dur[1.0s->0.02],0.06,0.325,1.0,0.02,20260818-end,195,0.8953846153846154,0.8461538461538461,0.08205128205128205,0.07179487179487179,14.43999999999997,165,16,14
margin>=0.06 OR best>=0.325 dur[1.0s->0.02],0.06,0.325,1.0,0.02,20260825-end,243,0.8995884773662551,0.823045267489712,0.12757201646090535,0.04938271604938271,9.32000000000004,200,31,12
margin>=0.06 OR best>=0.325 dur[1.0s->0.02],0.06,0.325,1.0,0.02,pooled,438,0.897716894977169,0.8333333333333334,0.10730593607305935,0.0593607305936073,23.76000000000001,365,47,26
margin>=0.06 OR best>=0.325 dur[1.0s->0.04],0.06,0.325,1.0,0.04,20260818-end,195,0.8933333333333334,0.841025641025641,0.08717948717948718,0.07179487179487179,14.43999999999997,164,17,14
margin>=0.06 OR best>=0.325 dur[1.0s->0.04],0.06,0.325,1.0,0.04,20260825-end,243,0.9045267489711935,0.823045267489712,0.13580246913580246,0.0411522633744856,6.860000000000003,200,33,10
margin>=0.06 OR best>=0.325 dur[1.0s->0.04],0.06,0.325,1.0,0.04,pooled,438,0.8995433789954338,0.8310502283105022,0.1141552511415525,0.0547945205479452,21.299999999999972,364,50,24
margin>=0.06 OR best>=0.325 dur[1.0s->0.06],0.06,0.325,1.0,0.06,20260818-end,195,0.8964102564102564,0.841025641025641,0.09230769230769231,0.06666666666666667,12.899999999999977,164,18,13
margin>=0.06 OR best>=0.325 dur[1.0s->0.06],0.06,0.325,1.0,0.06,20260825-end,243,0.9045267489711935,0.823045267489712,0.13580246913580246,0.0411522633744856,6.860000000000003,200,33,10
margin>=0.06 OR best>=0.325 dur[1.0s->0.06],0.06,0.325,1.0,0.06,pooled,438,0.9009132420091325,0.8310502283105022,0.11643835616438356,0.05251141552511415,19.75999999999998,364,51,23
margin>=0.06 OR best>=0.325 dur[1.5s->0.0],0.06,0.325,1.5,0.0,20260818-end,195,0.8933333333333334,0.841025641025641,0.08717948717948718,0.07179487179487179,14.43999999999997,164,17,14
margin>=0.06 OR best>=0.325 dur[1.5s->0.0],0.06,0.325,1.5,0.0,20260825-end,243,0.9061728395061729,0.8271604938271605,0.13168724279835392,0.0411522633744856,6.860000000000003,201,32,10
margin>=0.06 OR best>=0.325 dur[1.5s->0.0],0.06,0.325,1.5,0.0,pooled,438,0.9004566210045662,0.8333333333333334,0.11187214611872145,0.0547945205479452,21.299999999999972,365,49,24
margin>=0.06 OR best>=0.325 dur[1.5s->0.02],0.06,0.325,1.5,0.02,20260818-end,195,0.8933333333333334,0.841025641025641,0.08717948717948718,0.07179487179487179,14.43999999999997,164,17,14
margin>=0.06 OR best>=0.325 dur[1.5s->0.02],0.06,0.325,1.5,0.02,20260825-end,243,0.9045267489711935,0.823045267489712,0.13580246913580246,0.0411522633744856,6.860000000000003,200,33,10
margin>=0.06 OR best>=0.325 dur[1.5s->0.02],0.06,0.325,1.5,0.02,pooled,438,0.8995433789954338,0.8310502283105022,0.1141552511415525,0.0547945205479452,21.299999999999972,364,50,24
margin>=0.06 OR best>=0.325 dur[1.5s->0.04],0.06,0.325,1.5,0.04,20260818-end,195,0.8933333333333334,0.841025641025641,0.08717948717948718,0.07179487179487179,14.43999999999997,164,17,14
margin>=0.06 OR best>=0.325 dur[1.5s->0.04],0.06,0.325,1.5,0.04,20260825-end,243,0.9045267489711935,0.823045267489712,0.13580246913580246,0.0411522633744856,6.860000000000003,200,33,10
margin>=0.06 OR best>=0.325 dur[1.5s->0.04],0.06,0.325,1.5,0.04,pooled,438,0.8995433789954338,0.8310502283105022,0.1141552511415525,0.0547945205479452,21.299999999999972,364,50,24
margin>=0.06 OR best>=0.325 dur[1.5s->0.06],0.06,0.325,1.5,0.06,20260818-end,195,0.8964102564102564,0.841025641025641,0.09230769230769231,0.06666666666666667,12.899999999999977,164,18,13
margin>=0.06 OR best>=0.325 dur[1.5s->0.06],0.06,0.325,1.5,0.06,20260825-end,243,0.9045267489711935,0.823045267489712,0.13580246913580246,0.0411522633744856,6.860000000000003,200,33,10
margin>=0.06 OR best>=0.325 dur[1.5s->0.06],0.06,0.325,1.5,0.06,pooled,438,0.9009132420091325,0.8310502283105022,0.11643835616438356,0.05251141552511415,19.75999999999998,364,51,23
margin>=0.06 OR best>=0.325 dur[2.0s->0.0],0.06,0.325,2.0,0.0,20260818-end,195,0.8964102564102564,0.841025641025641,0.09230769230769231,0.06666666666666667,12.899999999999977,164,18,13
margin>=0.06 OR best>=0.325 dur[2.0s->0.0],0.06,0.325,2.0,0.0,20260825-end,243,0.9061728395061729,0.8271604938271605,0.13168724279835392,0.0411522633744856,6.860000000000003,201,32,10
margin>=0.06 OR best>=0.325 dur[2.0s->0.0],0.06,0.325,2.0,0.0,pooled,438,0.9018264840182648,0.8333333333333334,0.1141552511415525,0.05251141552511415,19.75999999999998,365,50,23
margin>=0.06 OR best>=0.325 dur[2.0s->0.02],0.06,0.325,2.0,0.02,20260818-end,195,0.8964102564102564,0.841025641025641,0.09230769230769231,0.06666666666666667,12.899999999999977,164,18,13
margin>=0.06 OR best>=0.325 dur[2.0s->0.02],0.06,0.325,2.0,0.02,20260825-end,243,0.9045267489711935,0.823045267489712,0.13580246913580246,0.0411522633744856,6.860000000000003,200,33,10
margin>=0.06 OR best>=0.325 dur[2.0s->0.02],0.06,0.325,2.0,0.02,pooled,438,0.9009132420091325,0.8310502283105022,0.11643835616438356,0.05251141552511415,19.75999999999998,364,51,23
margin>=0.06 OR best>=0.325 dur[2.0s->0.04],0.06,0.325,2.0,0.04,20260818-end,195,0.8964102564102564,0.841025641025641,0.09230769230769231,0.06666666666666667,12.899999999999977,164,18,13
margin>=0.06 OR best>=0.325 dur[2.0s->0.04],0.06,0.325,2.0,0.04,20260825-end,243,0.9045267489711935,0.823045267489712,0.13580246913580246,0.0411522633744856,6.860000000000003,200,33,10
margin>=0.06 OR best>=0.325 dur[2.0s->0.04],0.06,0.325,2.0,0.04,pooled,438,0.9009132420091325,0.8310502283105022,0.11643835616438356,0.05251141552511415,19.75999999999998,364,51,23
margin>=0.06 OR best>=0.325 dur[2.0s->0.06],0.06,0.325,2.0,0.06,20260818-end,195,0.8964102564102564,0.841025641025641,0.09230769230769231,0.06666666666666667,12.899999999999977,164,18,13
margin>=0.06 OR best>=0.325 dur[2.0s->0.06],0.06,0.325,2.0,0.06,20260825-end,243,0.9045267489711935,0.823045267489712,0.13580246913580246,0.0411522633744856,6.860000000000003,200,33,10
margin>=0.06 OR best>=0.325 dur[2.0s->0.06],0.06,0.325,2.0,0.06,pooled,438,0.9009132420091325,0.8310502283105022,0.11643835616438356,0.05251141552511415,19.75999999999998,364,51,23
margin>=0.06 OR best>=0.325 dur[2.5s->0.0],0.06,0.325,2.5,0.0,20260818-end,195,0.8964102564102564,0.841025641025641,0.09230769230769231,0.06666666666666667,12.899999999999977,164,18,13
margin>=0.06 OR best>=0.325 dur[2.5s->0.0],0.06,0.325,2.5,0.0,20260825-end,243,0.9061728395061729,0.8271604938271605,0.13168724279835392,0.0411522633744856,6.860000000000003,201,32,10
margin>=0.06 OR best>=0.325 dur[2.5s->0.0],0.06,0.325,2.5,0.0,pooled,438,0.9018264840182648,0.8333333333333334,0.1141552511415525,0.05251141552511415,19.75999999999998,365,50,23
margin>=0.06 OR best>=0.325 dur[2.5s->0.02],0.06,0.325,2.5,0.02,20260818-end,195,0.8964102564102564,0.841025641025641,0.09230769230769231,0.06666666666666667,12.899999999999977,164,18,13
margin>=0.06 OR best>=0.325 dur[2.5s->0.02],0.06,0.325,2.5,0.02,20260825-end,243,0.9045267489711935,0.823045267489712,0.13580246913580246,0.0411522633744856,6.860000000000003,200,33,10
margin>=0.06 OR best>=0.325 dur[2.5s->0.02],0.06,0.325,2.5,0.02,pooled,438,0.9009132420091325,0.8310502283105022,0.11643835616438356,0.05251141552511415,19.75999999999998,364,51,23
margin>=0.06 OR best>=0.325 dur[2.5s->0.04],0.06,0.325,2.5,0.04,20260818-end,195,0.8964102564102564,0.841025641025641,0.09230769230769231,0.06666666666666667,12.899999999999977,164,18,13
margin>=0.06 OR best>=0.325 dur[2.5s->0.04],0.06,0.325,2.5,0.04,20260825-end,243,0.9045267489711935,0.823045267489712,0.13580246913580246,0.0411522633744856,6.860000000000003,200,33,10
margin>=0.06 OR best>=0.325 dur[2.5s->0.04],0.06,0.325,2.5,0.04,pooled,438,0.9009132420091325,0.8310502283105022,0.11643835616438356,0.05251141552511415,19.75999999999998,364,51,23
margin>=0.06 OR best>=0.325 dur[2.5s->0.06],0.06,0.325,2.5,0.06,20260818-end,195,0.8964102564102564,0.841025641025641,0.09230769230769231,0.06666666666666667,12.899999999999977,164,18,13
margin>=0.06 OR best>=0.325 dur[2.5s->0.06],0.06,0.325,2.5,0.06,20260825-end,243,0.9045267489711935,0.823045267489712,0.13580246913580246,0.0411522633744856,6.860000000000003,200,33,10
margin>=0.06 OR best>=0.325 dur[2.5s->0.06],0.06,0.325,2.5,0.06,pooled,438,0.9009132420091325,0.8310502283105022,0.11643835616438356,0.05251141552511415,19.75999999999998,364,51,23
margin>=0.06 OR best>=0.325 dur[3.0s->0.0],0.06,0.325,3.0,0.0,20260818-end,195,0.8964102564102564,0.841025641025641,0.09230769230769231,0.06666666666666667,12.899999999999977,164,18,13
margin>=0.06 OR best>=0.325 dur[3.0s->0.0],0.06,0.325,3.0,0.0,20260825-end,243,0.9061728395061729,0.8271604938271605,0.13168724279835392,0.0411522633744856,6.860000000000003,201,32,10
margin>=0.06 OR best>=0.325 dur[3.0s->0.0],0.06,0.325,3.0,0.0,pooled,438,0.9018264840182648,0.8333333333333334,0.1141552511415525,0.05251141552511415,19.75999999999998,365,50,23
margin>=0.06 OR best>=0.325 dur[3.0s->0.02],0.06,0.325,3.0,0.02,20260818-end,195,0.8964102564102564,0.841025641025641,0.09230769230769231,0.06666666666666667,12.899999999999977,164,18,13
margin>=0.06 OR best>=0.325 dur[3.0s->0.02],0.06,0.325,3.0,0.02,20260825-end,243,0.9045267489711935,0.823045267489712,0.13580246913580246,0.0411522633744856,6.860000000000003,200,33,10
margin>=0.06 OR best>=0.325 dur[3.0s->0.02],0.06,0.325,3.0,0.02,pooled,438,0.9009132420091325,0.8310502283105022,0.11643835616438356,0.05251141552511415,19.75999999999998,364,51,23
margin>=0.06 OR best>=0.325 dur[3.0s->0.04],0.06,0.325,3.0,0.04,20260818-end,195,0.8964102564102564,0.841025641025641,0.09230769230769231,0.06666666666666667,12.899999999999977,164,18,13
margin>=0.06 OR best>=0.325 dur[3.0s->0.04],0.06,0.325,3.0,0.04,20260825-end,243,0.9045267489711935,0.823045267489712,0.13580246913580246,0.0411522633744856,6.860000000000003,200,33,10
margin>=0.06 OR best>=0.325 dur[3.0s->0.04],0.06,0.325,3.0,0.04,pooled,438,0.9009132420091325,0.8310502283105022,0.11643835616438356,0.05251141552511415,19.75999999999998,364,51,23
margin>=0.06 OR best>=0.325 dur[3.0s->0.06],0.06,0.325,3.0,0.06,20260818-end,195,0.8964102564102564,0.841025641025641,0.09230769230769231,0.06666666666666667,12.899999999999977,164,18,13
margin>=0.06 OR best>=0.325 dur[3.0s->0.06],0.06,0.325,3.0,0.06,20260825-end,243,0.9045267489711935,0.823045267489712,0.13580246913580246,0.0411522633744856,6.860000000000003,200,33,10
margin>=0.06 OR best>=0.325 dur[3.0s->0.06],0.06,0.325,3.0,0.06,pooled,438,0.9009132420091325,0.8310502283105022,0.11643835616438356,0.05251141552511415,19.75999999999998,364,51,23
margin>=0.06 OR best>=0.35,0.06,0.35,,,20260818-end,195,0.8974358974358975,0.8358974358974359,0.10256410256410256,0.06153846153846154,12.159999999999982,163,20,12
margin>=0.06 OR best>=0.35,0.06,0.35,,,20260825-end,243,0.9053497942386832,0.8189300411522634,0.1440329218106996,0.037037037037037035,5.910000000000014,199,35,9
margin>=0.06 OR best>=0.35,0.06,0.35,,,pooled,438,0.9018264840182648,0.8264840182648402,0.12557077625570776,0.04794520547945205,18.069999999999997,362,55,21
margin>=0.06 OR best>=0.35 dur[1.0s->0.0],0.06,0.35,1.0,0.0,20260818-end,195,0.8984615384615384,0.8461538461538461,0.08717948717948718,0.06666666666666667,13.699999999999974,165,17,13
margin>=0.06 OR best>=0.35 dur[1.0s->0.0],0.06,0.35,1.0,0.0,20260825-end,243,0.9069958847736626,0.8353909465020576,0.11934156378600823,0.04526748971193416,8.37000000000005,203,29,11
margin>=0.06 OR best>=0.35 dur[1.0s->0.0],0.06,0.35,1.0,0.0,pooled,438,0.9031963470319635,0.8401826484018264,0.1050228310502283,0.0547945205479452,22.070000000000025,368,46,24
margin>=0.06 OR best>=0.35 dur[1.0s->0.02],0.06,0.35,1.0,0.02,20260818-end,195,0.8984615384615384,0.8461538461538461,0.08717948717948718,0.06666666666666667,13.699999999999974,165,17,13
margin>=0.06 OR best>=0.35 dur[1.0s->0.02],0.06,0.35,1.0,0.02,20260825-end,243,0.9020576131687243,0.823045267489712,0.13168724279835392,0.04526748971193416,8.37000000000005,200,32,11
margin>=0.06 OR best>=0.35 dur[1.0s->0.02],0.06,0.35,1.0,0.02,pooled,438,0.9004566210045662,0.8333333333333334,0.11187214611872145,0.0547945205479452,22.070000000000025,365,49,24
margin>=0.06 OR best>=0.35 dur[1.0s->0.04],0.06,0.35,1.0,0.04,20260818-end,195,0.8964102564102564,0.841025641025641,0.09230769230769231,0.06666666666666667,13.699999999999974,164,18,13
margin>=0.06 OR best>=0.35 dur[1.0s->0.04],0.06,0.35,1.0,0.04,20260825-end,243,0.9069958847736626,0.823045267489712,0.13991769547325103,0.037037037037037035,5.910000000000014,200,34,9
margin>=0.06 OR best>=0.35 dur[1.0s->0.04],0.06,0.35,1.0,0.04,pooled,438,0.902283105022831,0.8310502283105022,0.1187214611872146,0.0502283105022831,19.60999999999999,364,52,22
margin>=0.06 OR best>=0.35 dur[1.0s->0.06],0.06,0.35,1.0,0.06,20260818-end,195,0.8974358974358975,0.8358974358974359,0.10256410256410256,0.06153846153846154,12.159999999999982,163,20,12
margin>=0.06 OR best>=0.35 dur[1.0s->0.06],0.06,0.35,1.0,0.06,20260825-end,243,0.9053497942386832,0.8189300411522634,0.1440329218106996,0.037037037037037035,5.910000000000014,199,35,9
margin>=0.06 OR best>=0.35 dur[1.0s->0.06],0.06,0.35,1.0,0.06,pooled,438,0.9018264840182648,0.8264840182648402,0.12557077625570776,0.04794520547945205,18.069999999999997,362,55,21
margin>=0.06 OR best>=0.35 dur[1.5s->0.0],0.06,0.35,1.5,0.0,20260818-end,195,0.8964102564102564,0.841025641025641,0.09230769230769231,0.06666666666666667,13.699999999999974,164,18,13
margin>=0.06 OR best>=0.35 dur[1.5s->0.0],0.06,0.35,1.5,0.0,20260825-end,243,0.9069958847736626,0.823045267489712,0.13991769547325103,0.037037037037037035,5.910000000000014,200,34,9
margin>=0.06 OR best>=0.35 dur[1.5s->0.0],0.06,0.35,1.5,0.0,pooled,438,0.902283105022831,0.8310502283105022,0.1187214611872146,0.0502283105022831,19.60999999999999,364,52,22
margin>=0.06 OR best>=0.35 dur[1.5s->0.02],0.06,0.35,1.5,0.02,20260818-end,195,0.8964102564102564,0.841025641025641,0.09230769230769231,0.06666666666666667,13.699999999999974,164,18,13
margin>=0.06 OR best>=0.35 dur[1.5s->0.02],0.06,0.35,1.5,0.02,20260825-end,243,0.9053497942386832,0.8189300411522634,0.1440329218106996,0.037037037037037035,5.910000000000014,199,35,9
margin>=0.06 OR best>=0.35 dur[1.5s->0.02],0.06,0.35,1.5,0.02,pooled,438,0.9013698630136987,0.8287671232876712,0.12100456621004566,0.0502283105022831,19.60999999999999,363,53,22
margin>=0.06 OR best>=0.35 dur[1.5s->0.04],0.06,0.35,1.5,0.04,20260818-end,195,0.8964102564102564,0.841025641025641,0.09230769230769231,0.06666666666666667,13.699999999999974,164,18,13
margin>=0.06 OR best>=0.35 dur[1.5s->0.04],0.06,0.35,1.5,0.04,20260825-end,243,0.9053497942386832,0.8189300411522634,0.1440329218106996,0.037037037037037035,5.910000000000014,199,35,9
margin>=0.06 OR best>=0.35 dur[1.5s->0.04],0.06,0.35,1.5,0.04,pooled,438,0.9013698630136987,0.8287671232876712,0.12100456621004566,0.0502283105022831,19.60999999999999,363,53,22
margin>=0.06 OR best>=0.35 dur[1.5s->0.06],0.06,0.35,1.5,0.06,20260818-end,195,0.8974358974358975,0.8358974358974359,0.10256410256410256,0.06153846153846154,12.159999999999982,163,20,12
margin>=0.06 OR best>=0.35 dur[1.5s->0.06],0.06,0.35,1.5,0.06,20260825-end,243,0.9053497942386832,0.8189300411522634,0.1440329218106996,0.037037037037037035,5.910000000000014,199,35,9
margin>=0.06 OR best>=0.35 dur[1.5s->0.06],0.06,0.35,1.5,0.06,pooled,438,0.9018264840182648,0.8264840182648402,0.12557077625570776,0.04794520547945205,18.069999999999997,362,55,21
margin>=0.06 OR best>=0.35 dur[2.0s->0.0],0.06,0.35,2.0,0.0,20260818-end,195,0.8994871794871795,0.841025641025641,0.09743589743589744,0.06153846153846154,12.159999999999982,164,19,12
margin>=0.06 OR best>=0.35 dur[2.0s->0.0],0.06,0.35,2.0,0.0,20260825-end,243,0.9069958847736626,0.823045267489712,0.13991769547325103,0.037037037037037035,5.910000000000014,200,34,9
margin>=0.06 OR best>=0.35 dur[2.0s->0.0],0.06,0.35,2.0,0.0,pooled,438,0.9036529680365297,0.8310502283105022,0.12100456621004566,0.04794520547945205,18.069999999999997,364,53,21
margin>=0.06 OR best>=0.35 dur[2.0s->0.02],0.06,0.35,2.0,0.02,20260818-end,195,0.8994871794871795,0.841025641025641,0.09743589743589744,0.06153846153846154,12.159999999999982,164,19,12
margin>=0.06 OR best>=0.35 dur[2.0s->0.02],0.06,0.35,2.0,0.02,20260825-end,243,0.9053497942386832,0.8189300411522634,0.1440329218106996,0.037037037037037035,5.910000000000014,199,35,9
margin>=0.06 OR best>=0.35 dur[2.0s->0.02],0.06,0.35,2.0,0.02,pooled,438,0.9027397260273973,0.8287671232876712,0.1232876712328767,0.04794520547945205,18.069999999999997,363,54,21
margin>=0.06 OR best>=0.35 dur[2.0s->0.04],0.06,0.35,2.0,0.04,20260818-end,195,0.8994871794871795,0.841025641025641,0.09743589743589744,0.06153846153846154,12.159999999999982,164,19,12
margin>=0.06 OR best>=0.35 dur[2.0s->0.04],0.06,0.35,2.0,0.04,20260825-end,243,0.9053497942386832,0.8189300411522634,0.1440329218106996,0.037037037037037035,5.910000000000014,199,35,9
margin>=0.06 OR best>=0.35 dur[2.0s->0.04],0.06,0.35,2.0,0.04,pooled,438,0.9027397260273973,0.8287671232876712,0.1232876712328767,0.04794520547945205,18.069999999999997,363,54,21
margin>=0.06 OR best>=0.35 dur[2.0s->0.06],0.06,0.35,2.0,0.06,20260818-end,195,0.8974358974358975,0.8358974358974359,0.10256410256410256,0.06153846153846154,12.159999999999982,163,20,12
margin>=0.06 OR best>=0.35 dur[2.0s->0.06],0.06,0.35,2.0,0.06,20260825-end,243,0.9053497942386832,0.8189300411522634,0.1440329218106996,0.037037037037037035,5.910000000000014,199,35,9
margin>=0.06 OR best>=0.35 dur[2.0s->0.06],0.06,0.35,2.0,0.06,pooled,438,0.9018264840182648,0.8264840182648402,0.12557077625570776,0.04794520547945205,18.069999999999997,362,55,21
margin>=0.06 OR best>=0.35 dur[2.5s->0.0],0.06,0.35,2.5,0.0,20260818-end,195,0.8994871794871795,0.841025641025641,0.09743589743589744,0.06153846153846154,12.159999999999982,164,19,12
margin>=0.06 OR best>=0.35 dur[2.5s->0.0],0.06,0.35,2.5,0.0,20260825-end,243,0.9069958847736626,0.823045267489712,0.13991769547325103,0.037037037037037035,5.910000000000014,200,34,9
margin>=0.06 OR best>=0.35 dur[2.5s->0.0],0.06,0.35,2.5,0.0,pooled,438,0.9036529680365297,0.8310502283105022,0.12100456621004566,0.04794520547945205,18.069999999999997,364,53,21
margin>=0.06 OR best>=0.35 dur[2.5s->0.02],0.06,0.35,2.5,0.02,20260818-end,195,0.8994871794871795,0.841025641025641,0.09743589743589744,0.06153846153846154,12.159999999999982,164,19,12
margin>=0.06 OR best>=0.35 dur[2.5s->0.02],0.06,0.35,2.5,0.02,20260825-end,243,0.9053497942386832,0.8189300411522634,0.1440329218106996,0.037037037037037035,5.910000000000014,199,35,9
margin>=0.06 OR best>=0.35 dur[2.5s->0.02],0.06,0.35,2.5,0.02,pooled,438,0.9027397260273973,0.8287671232876712,0.1232876712328767,0.04794520547945205,18.069999999999997,363,54,21
margin>=0.06 OR best>=0.35 dur[2.5s->0.04],0.06,0.35,2.5,0.04,20260818-end,195,0.8994871794871795,0.841025641025641,0.09743589743589744,0.06153846153846154,12.159999999999982,164,19,12
margin>=0.06 OR best>=0.35 dur[2.5s->0.04],0.06,0.35,2.5,0.04,20260825-end,243,0.9053497942386832,0.8189300411522634,0.1440329218106996,0.037037037037037035,5.910000000000014,199,35,9
margin>=0.06 OR best>=0.35 dur[2.5s->0.04],0.06,0.35,2.5,0.04,pooled,438,0.9027397260273973,0.8287671232876712,0.1232876712328767,0.04794520547945205,18.069999999999997,363,54,21
margin>=0.06 OR best>=0.35 dur[2.5s->0.06],0.06,0.35,2.5,0.06,20260818-end,195,0.8974358974358975,0.8358974358974359,0.10256410256410256,0.06153846153846154,12.159999999999982,163,20,12
margin>=0.06 OR best>=0.35 dur[2.5s->0.06],0.06,0.35,2.5,0.06,20260825-end,243,0.9053497942386832,0.8189300411522634,0.1440329218106996,0.037037037037037035,5.910000000000014,199,35,9
margin>=0.06 OR best>=0.35 dur[2.5s->0.06],0.06,0.35,2.5,0.06,pooled,438,0.9018264840182648,0.8264840182648402,0.12557077625570776,0.04794520547945205,18.069999999999997,362,55,21
margin>=0.06 OR best>=0.35 dur[3.0s->0.0],0.06,0.35,3.0,0.0,20260818-end,195,0.8994871794871795,0.841025641025641,0.09743589743589744,0.06153846153846154,12.159999999999982,164,19,12
margin>=0.06 OR best>=0.35 dur[3.0s->0.0],0.06,0.35,3.0,0.0,20260825-end,243,0.9069958847736626,0.823045267489712,0.13991769547325103,0.037037037037037035,5.910000000000014,200,34,9
margin>=0.06 OR best>=0.35 dur[3.0s->0.0],0.06,0.35,3.0,0.0,pooled,438,0.9036529680365297,0.8310502283105022,0.12100456621004566,0.04794520547945205,18.069999999999997,364,53,21
margin>=0.06 OR best>=0.35 dur[3.0s->0.02],0.06,0.35,3.0,0.02,20260818-end,195,0.8994871794871795,0.841025641025641,0.09743589743589744,0.06153846153846154,12.159999999999982,164,19,12
margin>=0.06 OR best>=0.35 dur[3.0s->0.02],0.06,0.35,3.0,0.02,20260825-end,243,0.9053497942386832,0.8189300411522634,0.1440329218106996,0.037037037037037035,5.910000000000014,199,35,9
margin>=0.06 OR best>=0.35 dur[3.0s->0.02],0.06,0.35,3.0,0.02,pooled,438,0.9027397260273973,0.8287671232876712,0.1232876712328767,0.04794520547945205,18.069999999999997,363,54,21
margin>=0.06 OR best>=0.35 dur[3.0s->0.04],0.06,0.35,3.0,0.04,20260818-end,195,0.8994871794871795,0.841025641025641,0.09743589743589744,0.06153846153846154,12.159999999999982,164,19,12
margin>=0.06 OR best>=0.35 dur[3.0s->0.04],0.06,0.35,3.0,0.04,20260825-end,243,0.9053497942386832,0.8189300411522634,0.1440329218106996,0.037037037037037035,5.910000000000014,199,35,9
margin>=0.06 OR best>=0.35 dur[3.0s->0.04],0.06,0.35,3.0,0.04,pooled,438,0.9027397260273973,0.8287671232876712,0.1232876712328767,0.04794520547945205,18.069999999999997,363,54,21
margin>=0.06 OR best>=0.35 dur[3.0s->0.06],0.06,0.35,3.0,0.06,20260818-end,195,0.8974358974358975,0.8358974358974359,0.10256410256410256,0.06153846153846154,12.159999999999982,163,20,12
margin>=0.06 OR best>=0.35 dur[3.0s->0.06],0.06,0.35,3.0,0.06,20260825-end,243,0.9053497942386832,0.8189300411522634,0.1440329218106996,0.037037037037037035,5.910000000000014,199,35,9
margin>=0.06 OR best>=0.35 dur[3.0s->0.06],0.06,0.35,3.0,0.06,pooled,438,0.9018264840182648,0.8264840182648402,0.12557077625570776,0.04794520547945205,18.069999999999997,362,55,21
margin>=0.06 OR best>=0.375,0.06,0.375,,,20260818-end,195,0.9005128205128206,0.8358974358974359,0.1076923076923077,0.05641025641025641,11.779999999999987,163,21,11
margin>=0.06 OR best>=0.375,0.06,0.375,,,20260825-end,243,0.9020576131687243,0.8106995884773662,0.1522633744855967,0.037037037037037035,5.910000000000014,197,37,9
margin>=0.06 OR best>=0.375,0.06,0.375,,,pooled,438,0.9013698630136987,0.821917808219178,0.1324200913242009,0.045662100456621,17.69,360,58,20
margin>=0.06 OR best>=0.375 dur[1.0s->0.0],0.06,0.375,1.0,0.0,20260818-end,195,0.9015384615384615,0.8461538461538461,0.09230769230769231,0.06153846153846154,13.319999999999979,165,18,12
margin>=0.06 OR best>=0.375 dur[1.0s->0.0],0.06,0.375,1.0,0.0,20260825-end,243,0.9069958847736626,0.8353909465020576,0.11934156378600823,0.04526748971193416,8.37000000000005,203,29,11
margin>=0.06 OR best>=0.375 dur[1.0s->0.0],0.06,0.375,1.0,0.0,pooled,438,0.9045662100456621,0.8401826484018264,0.10730593607305935,0.05251141552511415,21.69000000000003,368,47,23
margin>=0.06 OR best>=0.375 dur[1.0s->0.02],0.06,0.375,1.0,0.02,20260818-end,195,0.9015384615384615,0.8461538461538461,0.09230769230769231,0.06153846153846154,13.319999999999979,165,18,12
margin>=0.06 OR best>=0.375 dur[1.0s->0.02],0.06,0.375,1.0,0.02,20260825-end,243,0.8987654320987655,0.8148148148148148,0.13991769547325103,0.04526748971193416,8.37000000000005,198,34,11
margin>=0.06 OR best>=0.375 dur[1.0s->0.02],0.06,0.375,1.0,0.02,pooled,438,0.9,0.8287671232876712,0.1187214611872146,0.05251141552511415,21.69000000000003,363,52,23
margin>=0.06 OR best>=0.375 dur[1.0s->0.04],0.06,0.375,1.0,0.04,20260818-end,195,0.8994871794871795,0.841025641025641,0.09743589743589744,0.06153846153846154,13.319999999999979,164,19,12
margin>=0.06 OR best>=0.375 dur[1.0s->0.04],0.06,0.375,1.0,0.04,20260825-end,243,0.9037037037037038,0.8148148148148148,0.14814814814814814,0.037037037037037035,5.910000000000014,198,36,9
margin>=0.06 OR best>=0.375 dur[1.0s->0.04],0.06,0.375,1.0,0.04,pooled,438,0.9018264840182648,0.8264840182648402,0.12557077625570776,0.04794520547945205,19.229999999999993,362,55,21
margin>=0.06 OR best>=0.375 dur[1.0s->0.06],0.06,0.375,1.0,0.06,20260818-end,195,0.9005128205128206,0.8358974358974359,0.1076923076923077,0.05641025641025641,11.779999999999987,163,21,11
margin>=0.06 OR best>=0.375 dur[1.0s->0.06],0.06,0.375,1.0,0.06,20260825-end,243,0.9020576131687243,0.8106995884773662,0.1522633744855967,0.037037037037037035,5.910000000000014,197,37,9
margin>=0.06 OR best>=0.375 dur[1.0s->0.06],0.06,0.375,1.0,0.06,pooled,438,0.9013698630136987,0.821917808219178,0.1324200913242009,0.045662100456621,17.69,360,58,20
margin>=0.06 OR best>=0.375 dur[1.5s->0.0],0.06,0.375,1.5,0.0,20260818-end,195,0.8994871794871795,0.841025641025641,0.09743589743589744,0.06153846153846154,13.319999999999979,164,19,12
margin>=0.06 OR best>=0.375 dur[1.5s->0.0],0.06,0.375,1.5,0.0,20260825-end,243,0.9069958847736626,0.823045267489712,0.13991769547325103,0.037037037037037035,5.910000000000014,200,34,9
margin>=0.06 OR best>=0.375 dur[1.5s->0.0],0.06,0.375,1.5,0.0,pooled,438,0.9036529680365297,0.8310502283105022,0.12100456621004566,0.04794520547945205,19.229999999999993,364,53,21
margin>=0.06 OR best>=0.375 dur[1.5s->0.02],0.06,0.375,1.5,0.02,20260818-end,195,0.8994871794871795,0.841025641025641,0.09743589743589744,0.06153846153846154,13.319999999999979,164,19,12
margin>=0.06 OR best>=0.375 dur[1.5s->0.02],0.06,0.375,1.5,0.02,20260825-end,243,0.9020576131687243,0.8106995884773662,0.1522633744855967,0.037037037037037035,5.910000000000014,197,37,9
margin>=0.06 OR best>=0.375 dur[1.5s->0.02],0.06,0.375,1.5,0.02,pooled,438,0.9009132420091325,0.8242009132420092,0.1278538812785388,0.04794520547945205,19.229999999999993,361,56,21
margin>=0.06 OR best>=0.375 dur[1.5s->0.04],0.06,0.375,1.5,0.04,20260818-end,195,0.8994871794871795,0.841025641025641,0.09743589743589744,0.06153846153846154,13.319999999999979,164,19,12
margin>=0.06 OR best>=0.375 dur[1.5s->0.04],0.06,0.375,1.5,0.04,20260825-end,243,0.9020576131687243,0.8106995884773662,0.1522633744855967,0.037037037037037035,5.910000000000014,197,37,9
margin>=0.06 OR best>=0.375 dur[1.5s->0.04],0.06,0.375,1.5,0.04,pooled,438,0.9009132420091325,0.8242009132420092,0.1278538812785388,0.04794520547945205,19.229999999999993,361,56,21
margin>=0.06 OR best>=0.375 dur[1.5s->0.06],0.06,0.375,1.5,0.06,20260818-end,195,0.9005128205128206,0.8358974358974359,0.1076923076923077,0.05641025641025641,11.779999999999987,163,21,11
margin>=0.06 OR best>=0.375 dur[1.5s->0.06],0.06,0.375,1.5,0.06,20260825-end,243,0.9020576131687243,0.8106995884773662,0.1522633744855967,0.037037037037037035,5.910000000000014,197,37,9
margin>=0.06 OR best>=0.375 dur[1.5s->0.06],0.06,0.375,1.5,0.06,pooled,438,0.9013698630136987,0.821917808219178,0.1324200913242009,0.045662100456621,17.69,360,58,20
margin>=0.06 OR best>=0.375 dur[2.0s->0.0],0.06,0.375,2.0,0.0,20260818-end,195,0.9025641025641026,0.841025641025641,0.10256410256410256,0.05641025641025641,11.779999999999987,164,20,11
margin>=0.06 OR best>=0.375 dur[2.0s->0.0],0.06,0.375,2.0,0.0,20260825-end,243,0.9053497942386832,0.8189300411522634,0.1440329218106996,0.037037037037037035,5.910000000000014,199,35,9
margin>=0.06 OR best>=0.375 dur[2.0s->0.0],0.06,0.375,2.0,0.0,pooled,438,0.904109589041096,0.8287671232876712,0.12557077625570776,0.045662100456621,17.69,363,55,20
margin>=0.06 OR best>=0.375 dur[2.0s->0.02],0.06,0.375,2.0,0.02,20260818-end,195,0.9025641025641026,0.841025641025641,0.10256410256410256,0.05641025641025641,11.779999999999987,164,20,11
margin>=0.06 OR best>=0.375 dur[2.0s->0.02],0.06,0.375,2.0,0.02,20260825-end,243,0.9020576131687243,0.8106995884773662,0.1522633744855967,0.037037037037037035,5.910000000000014,197,37,9
margin>=0.06 OR best>=0.375 dur[2.0s->0.02],0.06,0.375,2.0,0.02,pooled,438,0.902283105022831,0.8242009132420092,0.13013698630136986,0.045662100456621,17.69,361,57,20
margin>=0.06 OR best>=0.375 dur[2.0s->0.04],0.06,0.375,2.0,0.04,20260818-end,195,0.9025641025641026,0.841025641025641,0.10256410256410256,0.05641025641025641,11.779999999999987,164,20,11
margin>=0.06 OR best>=0.375 dur[2.0s->0.04],0.06,0.375,2.0,0.04,20260825-end,243,0.9020576131687243,0.8106995884773662,0.1522633744855967,0.037037037037037035,5.910000000000014,197,37,9
margin>=0.06 OR best>=0.375 dur[2.0s->0.04],0.06,0.375,2.0,0.04,pooled,438,0.902283105022831,0.8242009132420092,0.13013698630136986,0.045662100456621,17.69,361,57,20
margin>=0.06 OR best>=0.375 dur[2.0s->0.06],0.06,0.375,2.0,0.06,20260818-end,195,0.9005128205128206,0.8358974358974359,0.1076923076923077,0.05641025641025641,11.779999999999987,163,21,11
margin>=0.06 OR best>=0.375 dur[2.0s->0.06],0.06,0.375,2.0,0.06,20260825-end,243,0.9020576131687243,0.8106995884773662,0.1522633744855967,0.037037037037037035,5.910000000000014,197,37,9
margin>=0.06 OR best>=0.375 dur[2.0s->0.06],0.06,0.375,2.0,0.06,pooled,438,0.9013698630136987,0.821917808219178,0.1324200913242009,0.045662100456621,17.69,360,58,20
margin>=0.06 OR best>=0.375 dur[2.5s->0.0],0.06,0.375,2.5,0.0,20260818-end,195,0.9025641025641026,0.841025641025641,0.10256410256410256,0.05641025641025641,11.779999999999987,164,20,11
margin>=0.06 OR best>=0.375 dur[2.5s->0.0],0.06,0.375,2.5,0.0,20260825-end,243,0.9053497942386832,0.8189300411522634,0.1440329218106996,0.037037037037037035,5.910000000000014,199,35,9
margin>=0.06 OR best>=0.375 dur[2.5s->0.0],0.06,0.375,2.5,0.0,pooled,438,0.904109589041096,0.8287671232876712,0.12557077625570776,0.045662100456621,17.69,363,55,20
margin>=0.06 OR best>=0.375 dur[2.5s->0.02],0.06,0.375,2.5,0.02,20260818-end,195,0.9025641025641026,0.841025641025641,0.10256410256410256,0.05641025641025641,11.779999999999987,164,20,11
margin>=0.06 OR best>=0.375 dur[2.5s->0.02],0.06,0.375,2.5,0.02,20260825-end,243,0.9020576131687243,0.8106995884773662,0.1522633744855967,0.037037037037037035,5.910000000000014,197,37,9
margin>=0.06 OR best>=0.375 dur[2.5s->0.02],0.06,0.375,2.5,0.02,pooled,438,0.902283105022831,0.8242009132420092,0.13013698630136986,0.045662100456621,17.69,361,57,20
margin>=0.06 OR best>=0.375 dur[2.5s->0.04],0.06,0.375,2.5,0.04,20260818-end,195,0.9025641025641026,0.841025641025641,0.10256410256410256,0.05641025641025641,11.779999999999987,164,20,11
margin>=0.06 OR best>=0.375 dur[2.5s->0.04],0.06,0.375,2.5,0.04,20260825-end,243,0.9020576131687243,0.8106995884773662,0.1522633744855967,0.037037037037037035,5.910000000000014,197,37,9
margin>=0.06 OR best>=0.375 dur[2.5s->0.04],0.06,0.375,2.5,0.04,pooled,438,0.902283105022831,0.8242009132420092,0.13013698630136986,0.045662100456621,17.69,361,57,20
margin>=0.06 OR best>=0.375 dur[2.5s->0.06],0.06,0.375,2.5,0.06,20260818-end,195,0.9005128205128206,0.8358974358974359,0.1076923076923077,0.05641025641025641,11.779999999999987,163,21,11
margin>=0.06 OR best>=0.375 dur[2.5s->0.06],0.06,0.375,2.5,0.06,20260825-end,243,0.9020576131687243,0.8106995884773662,0.1522633744855967,0.037037037037037035,5.910000000000014,197,37,9
margin>=0.06 OR best>=0.375 dur[2.5s->0.06],0.06,0.375,2.5,0.06,pooled,438,0.9013698630136987,0.821917808219178,0.1324200913242009,0.045662100456621,17.69,360,58,20
margin>=0.06 OR best>=0.375 dur[3.0s->0.0],0.06,0.375,3.0,0.0,20260818-end,195,0.9025641025641026,0.841025641025641,0.10256410256410256,0.05641025641025641,11.779999999999987,164,20,11
margin>=0.06 OR best>=0.375 dur[3.0s->0.0],0.06,0.375,3.0,0.0,20260825-end,243,0.9037037037037038,0.8148148148148148,0.14814814814814814,0.037037037037037035,5.910000000000014,198,36,9
margin>=0.06 OR best>=0.375 dur[3.0s->0.0],0.06,0.375,3.0,0.0,pooled,438,0.9031963470319635,0.8264840182648402,0.1278538812785388,0.045662100456621,17.69,362,56,20
margin>=0.06 OR best>=0.375 dur[3.0s->0.02],0.06,0.375,3.0,0.02,20260818-end,195,0.9025641025641026,0.841025641025641,0.10256410256410256,0.05641025641025641,11.779999999999987,164,20,11
margin>=0.06 OR best>=0.375 dur[3.0s->0.02],0.06,0.375,3.0,0.02,20260825-end,243,0.9020576131687243,0.8106995884773662,0.1522633744855967,0.037037037037037035,5.910000000000014,197,37,9
margin>=0.06 OR best>=0.375 dur[3.0s->0.02],0.06,0.375,3.0,0.02,pooled,438,0.902283105022831,0.8242009132420092,0.13013698630136986,0.045662100456621,17.69,361,57,20
margin>=0.06 OR best>=0.375 dur[3.0s->0.04],0.06,0.375,3.0,0.04,20260818-end,195,0.9025641025641026,0.841025641025641,0.10256410256410256,0.05641025641025641,11.779999999999987,164,20,11
margin>=0.06 OR best>=0.375 dur[3.0s->0.04],0.06,0.375,3.0,0.04,20260825-end,243,0.9020576131687243,0.8106995884773662,0.1522633744855967,0.037037037037037035,5.910000000000014,197,37,9
margin>=0.06 OR best>=0.375 dur[3.0s->0.04],0.06,0.375,3.0,0.04,pooled,438,0.902283105022831,0.8242009132420092,0.13013698630136986,0.045662100456621,17.69,361,57,20
margin>=0.06 OR best>=0.375 dur[3.0s->0.06],0.06,0.375,3.0,0.06,20260818-end,195,0.9005128205128206,0.8358974358974359,0.1076923076923077,0.05641025641025641,11.779999999999987,163,21,11
margin>=0.06 OR best>=0.375 dur[3.0s->0.06],0.06,0.375,3.0,0.06,20260825-end,243,0.9020576131687243,0.8106995884773662,0.1522633744855967,0.037037037037037035,5.910000000000014,197,37,9
margin>=0.06 OR best>=0.375 dur[3.0s->0.06],0.06,0.375,3.0,0.06,pooled,438,0.9013698630136987,0.821917808219178,0.1324200913242009,0.045662100456621,17.69,360,58,20
margin>=0.06 OR best>=0.4,0.06,0.4,,,20260818-end,195,0.9005128205128206,0.8358974358974359,0.1076923076923077,0.05641025641025641,11.779999999999987,163,21,11
margin>=0.06 OR best>=0.4,0.06,0.4,,,20260825-end,243,0.9004115226337449,0.8065843621399177,0.15637860082304528,0.037037037037037035,5.910000000000014,196,38,9
margin>=0.06 OR best>=0.4,0.06,0.4,,,pooled,438,0.9004566210045662,0.819634703196347,0.13470319634703196,0.045662100456621,17.69,359,59,20
margin>=0.06 OR best>=0.4 dur[1.0s->0.0],0.06,0.4,1.0,0.0,20260818-end,195,0.9015384615384615,0.8461538461538461,0.09230769230769231,0.06153846153846154,13.319999999999979,165,18,12
margin>=0.06 OR best>=0.4 dur[1.0s->0.0],0.06,0.4,1.0,0.0,20260825-end,243,0.9069958847736626,0.8353909465020576,0.11934156378600823,0.04526748971193416,8.37000000000005,203,29,11
margin>=0.06 OR best>=0.4 dur[1.0s->0.0],0.06,0.4,1.0,0.0,pooled,438,0.9045662100456621,0.8401826484018264,0.10730593607305935,0.05251141552511415,21.69000000000003,368,47,23
margin>=0.06 OR best>=0.4 dur[1.0s->0.02],0.06,0.4,1.0,0.02,20260818-end,195,0.9015384615384615,0.8461538461538461,0.09230769230769231,0.06153846153846154,13.319999999999979,165,18,12
margin>=0.06 OR best>=0.4 dur[1.0s->0.02],0.06,0.4,1.0,0.02,20260825-end,243,0.897119341563786,0.8106995884773662,0.1440329218106996,0.04526748971193416,8.37000000000005,197,35,11
margin>=0.06 OR best>=0.4 dur[1.0s->0.02],0.06,0.4,1.0,0.02,pooled,438,0.8990867579908676,0.8264840182648402,0.12100456621004566,0.05251141552511415,21.69000000000003,362,53,23
margin>=0.06 OR best>=0.4 dur[1.0s->0.04],0.06,0.4,1.0,0.04,20260818-end,195,0.8994871794871795,0.841025641025641,0.09743589743589744,0.06153846153846154,13.319999999999979,164,19,12
margin>=0.06 OR best>=0.4 dur[1.0s->0.04],0.06,0.4,1.0,0.04,20260825-end,243,0.9020576131687243,0.8106995884773662,0.1522633744855967,0.037037037037037035,5.910000000000014,197,37,9
margin>=0.06 OR best>=0.4 dur[1.0s->0.04],0.06,0.4,1.0,0.04,pooled,438,0.9009132420091325,0.8242009132420092,0.1278538812785388,0.04794520547945205,19.229999999999993,361,56,21
margin>=0.06 OR best>=0.4 dur[1.0s->0.06],0.06,0.4,1.0,0.06,20260818-end,195,0.9005128205128206,0.8358974358974359,0.1076923076923077,0.05641025641025641,11.779999999999987,163,21,11
margin>=0.06 OR best>=0.4 dur[1.0s->0.06],0.06,0.4,1.0,0.06,20260825-end,243,0.9004115226337449,0.8065843621399177,0.15637860082304528,0.037037037037037035,5.910000000000014,196,38,9
margin>=0.06 OR best>=0.4 dur[1.0s->0.06],0.06,0.4,1.0,0.06,pooled,438,0.9004566210045662,0.819634703196347,0.13470319634703196,0.045662100456621,17.69,359,59,20
margin>=0.06 OR best>=0.4 dur[1.5s->0.0],0.06,0.4,1.5,0.0,20260818-end,195,0.8994871794871795,0.841025641025641,0.09743589743589744,0.06153846153846154,13.319999999999979,164,19,12
margin>=0.06 OR best>=0.4 dur[1.5s->0.0],0.06,0.4,1.5,0.0,20260825-end,243,0.9053497942386832,0.8189300411522634,0.1440329218106996,0.037037037037037035,5.910000000000014,199,35,9
margin>=0.06 OR best>=0.4 dur[1.5s->0.0],0.06,0.4,1.5,0.0,pooled,438,0.9027397260273973,0.8287671232876712,0.1232876712328767,0.04794520547945205,19.229999999999993,363,54,21
margin>=0.06 OR best>=0.4 dur[1.5s->0.02],0.06,0.4,1.5,0.02,20260818-end,195,0.8994871794871795,0.841025641025641,0.09743589743589744,0.06153846153846154,13.319999999999979,164,19,12
margin>=0.06 OR best>=0.4 dur[1.5s->0.02],0.06,0.4,1.5,0.02,20260825-end,243,0.9004115226337449,0.8065843621399177,0.15637860082304528,0.037037037037037035,5.910000000000014,196,38,9
margin>=0.06 OR best>=0.4 dur[1.5s->0.02],0.06,0.4,1.5,0.02,pooled,438,0.9,0.821917808219178,0.13013698630136986,0.04794520547945205,19.229999999999993,360,57,21
margin>=0.06 OR best>=0.4 dur[1.5s->0.04],0.06,0.4,1.5,0.04,20260818-end,195,0.8994871794871795,0.841025641025641,0.09743589743589744,0.06153846153846154,13.319999999999979,164,19,12
margin>=0.06 OR best>=0.4 dur[1.5s->0.04],0.06,0.4,1.5,0.04,20260825-end,243,0.9004115226337449,0.8065843621399177,0.15637860082304528,0.037037037037037035,5.910000000000014,196,38,9
margin>=0.06 OR best>=0.4 dur[1.5s->0.04],0.06,0.4,1.5,0.04,pooled,438,0.9,0.821917808219178,0.13013698630136986,0.04794520547945205,19.229999999999993,360,57,21
margin>=0.06 OR best>=0.4 dur[1.5s->0.06],0.06,0.4,1.5,0.06,20260818-end,195,0.9005128205128206,0.8358974358974359,0.1076923076923077,0.05641025641025641,11.779999999999987,163,21,11
margin>=0.06 OR best>=0.4 dur[1.5s->0.06],0.06,0.4,1.5,0.06,20260825-end,243,0.9004115226337449,0.8065843621399177,0.15637860082304528,0.037037037037037035,5.910000000000014,196,38,9
margin>=0.06 OR best>=0.4 dur[1.5s->0.06],0.06,0.4,1.5,0.06,pooled,438,0.9004566210045662,0.819634703196347,0.13470319634703196,0.045662100456621,17.69,359,59,20
margin>=0.06 OR best>=0.4 dur[2.0s->0.0],0.06,0.4,2.0,0.0,20260818-end,195,0.9025641025641026,0.841025641025641,0.10256410256410256,0.05641025641025641,11.779999999999987,164,20,11
margin>=0.06 OR best>=0.4 dur[2.0s->0.0],0.06,0.4,2.0,0.0,20260825-end,243,0.9037037037037038,0.8148148148148148,0.14814814814814814,0.037037037037037035,5.910000000000014,198,36,9
margin>=0.06 OR best>=0.4 dur[2.0s->0.0],0.06,0.4,2.0,0.0,pooled,438,0.9031963470319635,0.8264840182648402,0.1278538812785388,0.045662100456621,17.69,362,56,20
margin>=0.06 OR best>=0.4 dur[2.0s->0.02],0.06,0.4,2.0,0.02,20260818-end,195,0.9025641025641026,0.841025641025641,0.10256410256410256,0.05641025641025641,11.779999999999987,164,20,11
margin>=0.06 OR best>=0.4 dur[2.0s->0.02],0.06,0.4,2.0,0.02,20260825-end,243,0.9004115226337449,0.8065843621399177,0.15637860082304528,0.037037037037037035,5.910000000000014,196,38,9
margin>=0.06 OR best>=0.4 dur[2.0s->0.02],0.06,0.4,2.0,0.02,pooled,438,0.9013698630136987,0.821917808219178,0.1324200913242009,0.045662100456621,17.69,360,58,20
margin>=0.06 OR best>=0.4 dur[2.0s->0.04],0.06,0.4,2.0,0.04,20260818-end,195,0.9025641025641026,0.841025641025641,0.10256410256410256,0.05641025641025641,11.779999999999987,164,20,11
margin>=0.06 OR best>=0.4 dur[2.0s->0.04],0.06,0.4,2.0,0.04,20260825-end,243,0.9004115226337449,0.8065843621399177,0.15637860082304528,0.037037037037037035,5.910000000000014,196,38,9
margin>=0.06 OR best>=0.4 dur[2.0s->0.04],0.06,0.4,2.0,0.04,pooled,438,0.9013698630136987,0.821917808219178,0.1324200913242009,0.045662100456621,17.69,360,58,20
margin>=0.06 OR best>=0.4 dur[2.0s->0.06],0.06,0.4,2.0,0.06,20260818-end,195,0.9005128205128206,0.8358974358974359,0.1076923076923077,0.05641025641025641,11.779999999999987,163,21,11
margin>=0.06 OR best>=0.4 dur[2.0s->0.06],0.06,0.4,2.0,0.06,20260825-end,243,0.9004115226337449,0.8065843621399177,0.15637860082304528,0.037037037037037035,5.910000000000014,196,38,9
margin>=0.06 OR best>=0.4 dur[2.0s->0.06],0.06,0.4,2.0,0.06,pooled,438,0.9004566210045662,0.819634703196347,0.13470319634703196,0.045662100456621,17.69,359,59,20
margin>=0.06 OR best>=0.4 dur[2.5s->0.0],0.06,0.4,2.5,0.0,20260818-end,195,0.9025641025641026,0.841025641025641,0.10256410256410256,0.05641025641025641,11.779999999999987,164,20,11
margin>=0.06 OR best>=0.4 dur[2.5s->0.0],0.06,0.4,2.5,0.0,20260825-end,243,0.9037037037037038,0.8148148148148148,0.14814814814814814,0.037037037037037035,5.910000000000014,198,36,9
margin>=0.06 OR best>=0.4 dur[2.5s->0.0],0.06,0.4,2.5,0.0,pooled,438,0.9031963470319635,0.8264840182648402,0.1278538812785388,0.045662100456621,17.69,362,56,20
margin>=0.06 OR best>=0.4 dur[2.5s->0.02],0.06,0.4,2.5,0.02,20260818-end,195,0.9025641025641026,0.841025641025641,0.10256410256410256,0.05641025641025641,11.779999999999987,164,20,11
margin>=0.06 OR best>=0.4 dur[2.5s->0.02],0.06,0.4,2.5,0.02,20260825-end,243,0.9004115226337449,0.8065843621399177,0.15637860082304528,0.037037037037037035,5.910000000000014,196,38,9
margin>=0.06 OR best>=0.4 dur[2.5s->0.02],0.06,0.4,2.5,0.02,pooled,438,0.9013698630136987,0.821917808219178,0.1324200913242009,0.045662100456621,17.69,360,58,20
margin>=0.06 OR best>=0.4 dur[2.5s->0.04],0.06,0.4,2.5,0.04,20260818-end,195,0.9025641025641026,0.841025641025641,0.10256410256410256,0.05641025641025641,11.779999999999987,164,20,11
margin>=0.06 OR best>=0.4 dur[2.5s->0.04],0.06,0.4,2.5,0.04,20260825-end,243,0.9004115226337449,0.8065843621399177,0.15637860082304528,0.037037037037037035,5.910000000000014,196,38,9
margin>=0.06 OR best>=0.4 dur[2.5s->0.04],0.06,0.4,2.5,0.04,pooled,438,0.9013698630136987,0.821917808219178,0.1324200913242009,0.045662100456621,17.69,360,58,20
margin>=0.06 OR best>=0.4 dur[2.5s->0.06],0.06,0.4,2.5,0.06,20260818-end,195,0.9005128205128206,0.8358974358974359,0.1076923076923077,0.05641025641025641,11.779999999999987,163,21,11
margin>=0.06 OR best>=0.4 dur[2.5s->0.06],0.06,0.4,2.5,0.06,20260825-end,243,0.9004115226337449,0.8065843621399177,0.15637860082304528,0.037037037037037035,5.910000000000014,196,38,9
margin>=0.06 OR best>=0.4 dur[2.5s->0.06],0.06,0.4,2.5,0.06,pooled,438,0.9004566210045662,0.819634703196347,0.13470319634703196,0.045662100456621,17.69,359,59,20
margin>=0.06 OR best>=0.4 dur[3.0s->0.0],0.06,0.4,3.0,0.0,20260818-end,195,0.9025641025641026,0.841025641025641,0.10256410256410256,0.05641025641025641,11.779999999999987,164,20,11
margin>=0.06 OR best>=0.4 dur[3.0s->0.0],0.06,0.4,3.0,0.0,20260825-end,243,0.9020576131687243,0.8106995884773662,0.1522633744855967,0.037037037037037035,5.910000000000014,197,37,9
margin>=0.06 OR best>=0.4 dur[3.0s->0.0],0.06,0.4,3.0,0.0,pooled,438,0.902283105022831,0.8242009132420092,0.13013698630136986,0.045662100456621,17.69,361,57,20
margin>=0.06 OR best>=0.4 dur[3.0s->0.02],0.06,0.4,3.0,0.02,20260818-end,195,0.9025641025641026,0.841025641025641,0.10256410256410256,0.05641025641025641,11.779999999999987,164,20,11
margin>=0.06 OR best>=0.4 dur[3.0s->0.02],0.06,0.4,3.0,0.02,20260825-end,243,0.9004115226337449,0.8065843621399177,0.15637860082304528,0.037037037037037035,5.910000000000014,196,38,9
margin>=0.06 OR best>=0.4 dur[3.0s->0.02],0.06,0.4,3.0,0.02,pooled,438,0.9013698630136987,0.821917808219178,0.1324200913242009,0.045662100456621,17.69,360,58,20
margin>=0.06 OR best>=0.4 dur[3.0s->0.04],0.06,0.4,3.0,0.04,20260818-end,195,0.9025641025641026,0.841025641025641,0.10256410256410256,0.05641025641025641,11.779999999999987,164,20,11
margin>=0.06 OR best>=0.4 dur[3.0s->0.04],0.06,0.4,3.0,0.04,20260825-end,243,0.9004115226337449,0.8065843621399177,0.15637860082304528,0.037037037037037035,5.910000000000014,196,38,9
margin>=0.06 OR best>=0.4 dur[3.0s->0.04],0.06,0.4,3.0,0.04,pooled,438,0.9013698630136987,0.821917808219178,0.1324200913242009,0.045662100456621,17.69,360,58,20
margin>=0.06 OR best>=0.4 dur[3.0s->0.06],0.06,0.4,3.0,0.06,20260818-end,195,0.9005128205128206,0.8358974358974359,0.1076923076923077,0.05641025641025641,11.779999999999987,163,21,11
margin>=0.06 OR best>=0.4 dur[3.0s->0.06],0.06,0.4,3.0,0.06,20260825-end,243,0.9004115226337449,0.8065843621399177,0.15637860082304528,0.037037037037037035,5.910000000000014,196,38,9
margin>=0.06 OR best>=0.4 dur[3.0s->0.06],0.06,0.4,3.0,0.06,pooled,438,0.9004566210045662,0.819634703196347,0.13470319634703196,0.045662100456621,17.69,359,59,20
margin>=0.06 OR best>=0.425,0.06,0.425,,,20260818-end,195,0.9035897435897435,0.8358974358974359,0.11282051282051282,0.05128205128205128,10.61,163,22,10
margin>=0.06 OR best>=0.425,0.06,0.425,,,20260825-end,243,0.8987654320987655,0.8024691358024691,0.16049382716049382,0.037037037037037035,5.910000000000014,195,39,9
margin>=0.06 OR best>=0.425,0.06,0.425,,,pooled,438,0.9009132420091325,0.817351598173516,0.13926940639269406,0.04337899543378995,16.520000000000014,358,61,19
margin>=0.06 OR best>=0.425 dur[1.0s->0.0],0.06,0.425,1.0,0.0,20260818-end,195,0.9015384615384615,0.8461538461538461,0.09230769230769231,0.06153846153846154,13.319999999999979,165,18,12
margin>=0.06 OR best>=0.425 dur[1.0s->0.0],0.06,0.425,1.0,0.0,20260825-end,243,0.9069958847736626,0.8353909465020576,0.11934156378600823,0.04526748971193416,8.37000000000005,203,29,11
margin>=0.06 OR best>=0.425 dur[1.0s->0.0],0.06,0.425,1.0,0.0,pooled,438,0.9045662100456621,0.8401826484018264,0.10730593607305935,0.05251141552511415,21.69000000000003,368,47,23
margin>=0.06 OR best>=0.425 dur[1.0s->0.02],0.06,0.425,1.0,0.02,20260818-end,195,0.9015384615384615,0.8461538461538461,0.09230769230769231,0.06153846153846154,13.319999999999979,165,18,12
margin>=0.06 OR best>=0.425 dur[1.0s->0.02],0.06,0.425,1.0,0.02,20260825-end,243,0.897119341563786,0.8106995884773662,0.1440329218106996,0.04526748971193416,8.37000000000005,197,35,11
margin>=0.06 OR best>=0.425 dur[1.0s->0.02],0.06,0.425,1.0,0.02,pooled,438,0.8990867579908676,0.8264840182648402,0.12100456621004566,0.05251141552511415,21.69000000000003,362,53,23
margin>=0.06 OR best>=0.425 dur[1.0s->0.04],0.06,0.425,1.0,0.04,20260818-end,195,0.9025641025641026,0.841025641025641,0.10256410256410256,0.05641025641025641,12.149999999999991,164,20,11
margin>=0.06 OR best>=0.425 dur[1.0s->0.04],0.06,0.425,1.0,0.04,20260825-end,243,0.9020576131687243,0.8106995884773662,0.1522633744855967,0.037037037037037035,5.910000000000014,197,37,9
margin>=0.06 OR best>=0.425 dur[1.0s->0.04],0.06,0.425,1.0,0.04,pooled,438,0.902283105022831,0.8242009132420092,0.13013698630136986,0.045662100456621,18.060000000000006,361,57,20
margin>=0.06 OR best>=0.425 dur[1.0s->0.06],0.06,0.425,1.0,0.06,20260818-end,195,0.9035897435897435,0.8358974358974359,0.11282051282051282,0.05128205128205128,10.61,163,22,10
margin>=0.06 OR best>=0.425 dur[1.0s->0.06],0.06,0.425,1.0,0.06,20260825-end,243,0.8987654320987655,0.8024691358024691,0.16049382716049382,0.037037037037037035,5.910000000000014,195,39,9
margin>=0.06 OR best>=0.425 dur[1.0s->0.06],0.06,0.425,1.0,0.06,pooled,438,0.9009132420091325,0.817351598173516,0.13926940639269406,0.04337899543378995,16.520000000000014,358,61,19
margin>=0.06 OR best>=0.425 dur[1.5s->0.0],0.06,0.425,1.5,0.0,20260818-end,195,0.9025641025641026,0.841025641025641,0.10256410256410256,0.05641025641025641,12.149999999999991,164,20,11
margin>=0.06 OR best>=0.425 dur[1.5s->0.0],0.06,0.425,1.5,0.0,20260825-end,243,0.9037037037037038,0.8148148148148148,0.14814814814814814,0.037037037037037035,5.910000000000014,198,36,9
margin>=0.06 OR best>=0.425 dur[1.5s->0.0],0.06,0.425,1.5,0.0,pooled,438,0.9031963470319635,0.8264840182648402,0.1278538812785388,0.045662100456621,18.060000000000006,362,56,20
margin>=0.06 OR best>=0.425 dur[1.5s->0.02],0.06,0.425,1.5,0.02,20260818-end,195,0.9025641025641026,0.841025641025641,0.10256410256410256,0.05641025641025641,12.149999999999991,164,20,11
margin>=0.06 OR best>=0.425 dur[1.5s->0.02],0.06,0.425,1.5,0.02,20260825-end,243,0.8987654320987655,0.8024691358024691,0.16049382716049382,0.037037037037037035,5.910000000000014,195,39,9
margin>=0.06 OR best>=0.425 dur[1.5s->0.02],0.06,0.425,1.5,0.02,pooled,438,0.9004566210045662,0.819634703196347,0.13470319634703196,0.045662100456621,18.060000000000006,359,59,20
margin>=0.06 OR best>=0.425 dur[1.5s->0.04],0.06,0.425,1.5,0.04,20260818-end,195,0.9025641025641026,0.841025641025641,0.10256410256410256,0.05641025641025641,12.149999999999991,164,20,11
margin>=0.06 OR best>=0.425 dur[1.5s->0.04],0.06,0.425,1.5,0.04,20260825-end,243,0.8987654320987655,0.8024691358024691,0.16049382716049382,0.037037037037037035,5.910000000000014,195,39,9
margin>=0.06 OR best>=0.425 dur[1.5s->0.04],0.06,0.425,1.5,0.04,pooled,438,0.9004566210045662,0.819634703196347,0.13470319634703196,0.045662100456621,18.060000000000006,359,59,20
margin>=0.06 OR best>=0.425 dur[1.5s->0.06],0.06,0.425,1.5,0.06,20260818-end,195,0.9035897435897435,0.8358974358974359,0.11282051282051282,0.05128205128205128,10.61,163,22,10
margin>=0.06 OR best>=0.425 dur[1.5s->0.06],0.06,0.425,1.5,0.06,20260825-end,243,0.8987654320987655,0.8024691358024691,0.16049382716049382,0.037037037037037035,5.910000000000014,195,39,9
margin>=0.06 OR best>=0.425 dur[1.5s->0.06],0.06,0.425,1.5,0.06,pooled,438,0.9009132420091325,0.817351598173516,0.13926940639269406,0.04337899543378995,16.520000000000014,358,61,19
margin>=0.06 OR best>=0.425 dur[2.0s->0.0],0.06,0.425,2.0,0.0,20260818-end,195,0.9056410256410257,0.841025641025641,0.1076923076923077,0.05128205128205128,10.61,164,21,10
margin>=0.06 OR best>=0.425 dur[2.0s->0.0],0.06,0.425,2.0,0.0,20260825-end,243,0.9020576131687243,0.8106995884773662,0.1522633744855967,0.037037037037037035,5.910000000000014,197,37,9
margin>=0.06 OR best>=0.425 dur[2.0s->0.0],0.06,0.425,2.0,0.0,pooled,438,0.9036529680365297,0.8242009132420092,0.1324200913242009,0.04337899543378995,16.520000000000014,361,58,19
margin>=0.06 OR best>=0.425 dur[2.0s->0.02],0.06,0.425,2.0,0.02,20260818-end,195,0.9056410256410257,0.841025641025641,0.1076923076923077,0.05128205128205128,10.61,164,21,10
margin>=0.06 OR best>=0.425 dur[2.0s->0.02],0.06,0.425,2.0,0.02,20260825-end,243,0.8987654320987655,0.8024691358024691,0.16049382716049382,0.037037037037037035,5.910000000000014,195,39,9
margin>=0.06 OR best>=0.425 dur[2.0s->0.02],0.06,0.425,2.0,0.02,pooled,438,0.9018264840182648,0.819634703196347,0.136986301369863,0.04337899543378995,16.520000000000014,359,60,19
margin>=0.06 OR best>=0.425 dur[2.0s->0.04],0.06,0.425,2.0,0.04,20260818-end,195,0.9056410256410257,0.841025641025641,0.1076923076923077,0.05128205128205128,10.61,164,21,10
margin>=0.06 OR best>=0.425 dur[2.0s->0.04],0.06,0.425,2.0,0.04,20260825-end,243,0.8987654320987655,0.8024691358024691,0.16049382716049382,0.037037037037037035,5.910000000000014,195,39,9
margin>=0.06 OR best>=0.425 dur[2.0s->0.04],0.06,0.425,2.0,0.04,pooled,438,0.9018264840182648,0.819634703196347,0.136986301369863,0.04337899543378995,16.520000000000014,359,60,19
margin>=0.06 OR best>=0.425 dur[2.0s->0.06],0.06,0.425,2.0,0.06,20260818-end,195,0.9035897435897435,0.8358974358974359,0.11282051282051282,0.05128205128205128,10.61,163,22,10
margin>=0.06 OR best>=0.425 dur[2.0s->0.06],0.06,0.425,2.0,0.06,20260825-end,243,0.8987654320987655,0.8024691358024691,0.16049382716049382,0.037037037037037035,5.910000000000014,195,39,9
margin>=0.06 OR best>=0.425 dur[2.0s->0.06],0.06,0.425,2.0,0.06,pooled,438,0.9009132420091325,0.817351598173516,0.13926940639269406,0.04337899543378995,16.520000000000014,358,61,19
margin>=0.06 OR best>=0.425 dur[2.5s->0.0],0.06,0.425,2.5,0.0,20260818-end,195,0.9056410256410257,0.841025641025641,0.1076923076923077,0.05128205128205128,10.61,164,21,10
margin>=0.06 OR best>=0.425 dur[2.5s->0.0],0.06,0.425,2.5,0.0,20260825-end,243,0.9020576131687243,0.8106995884773662,0.1522633744855967,0.037037037037037035,5.910000000000014,197,37,9
margin>=0.06 OR best>=0.425 dur[2.5s->0.0],0.06,0.425,2.5,0.0,pooled,438,0.9036529680365297,0.8242009132420092,0.1324200913242009,0.04337899543378995,16.520000000000014,361,58,19
margin>=0.06 OR best>=0.425 dur[2.5s->0.02],0.06,0.425,2.5,0.02,20260818-end,195,0.9056410256410257,0.841025641025641,0.1076923076923077,0.05128205128205128,10.61,164,21,10
margin>=0.06 OR best>=0.425 dur[2.5s->0.02],0.06,0.425,2.5,0.02,20260825-end,243,0.8987654320987655,0.8024691358024691,0.16049382716049382,0.037037037037037035,5.910000000000014,195,39,9
margin>=0.06 OR best>=0.425 dur[2.5s->0.02],0.06,0.425,2.5,0.02,pooled,438,0.9018264840182648,0.819634703196347,0.136986301369863,0.04337899543378995,16.520000000000014,359,60,19
margin>=0.06 OR best>=0.425 dur[2.5s->0.04],0.06,0.425,2.5,0.04,20260818-end,195,0.9056410256410257,0.841025641025641,0.1076923076923077,0.05128205128205128,10.61,164,21,10
margin>=0.06 OR best>=0.425 dur[2.5s->0.04],0.06,0.425,2.5,0.04,20260825-end,243,0.8987654320987655,0.8024691358024691,0.16049382716049382,0.037037037037037035,5.910000000000014,195,39,9
margin>=0.06 OR best>=0.425 dur[2.5s->0.04],0.06,0.425,2.5,0.04,pooled,438,0.9018264840182648,0.819634703196347,0.136986301369863,0.04337899543378995,16.520000000000014,359,60,19
margin>=0.06 OR best>=0.425 dur[2.5s->0.06],0.06,0.425,2.5,0.06,20260818-end,195,0.9035897435897435,0.8358974358974359,0.11282051282051282,0.05128205128205128,10.61,163,22,10
margin>=0.06 OR best>=0.425 dur[2.5s->0.06],0.06,0.425,2.5,0.06,20260825-end,243,0.8987654320987655,0.8024691358024691,0.16049382716049382,0.037037037037037035,5.910000000000014,195,39,9
margin>=0.06 OR best>=0.425 dur[2.5s->0.06],0.06,0.425,2.5,0.06,pooled,438,0.9009132420091325,0.817351598173516,0.13926940639269406,0.04337899543378995,16.520000000000014,358,61,19
margin>=0.06 OR best>=0.425 dur[3.0s->0.0],0.06,0.425,3.0,0.0,20260818-end,195,0.9056410256410257,0.841025641025641,0.1076923076923077,0.05128205128205128,10.61,164,21,10
margin>=0.06 OR best>=0.425 dur[3.0s->0.0],0.06,0.425,3.0,0.0,20260825-end,243,0.9004115226337449,0.8065843621399177,0.15637860082304528,0.037037037037037035,5.910000000000014,196,38,9
margin>=0.06 OR best>=0.425 dur[3.0s->0.0],0.06,0.425,3.0,0.0,pooled,438,0.9027397260273973,0.821917808219178,0.13470319634703196,0.04337899543378995,16.520000000000014,360,59,19
margin>=0.06 OR best>=0.425 dur[3.0s->0.02],0.06,0.425,3.0,0.02,20260818-end,195,0.9056410256410257,0.841025641025641,0.1076923076923077,0.05128205128205128,10.61,164,21,10
margin>=0.06 OR best>=0.425 dur[3.0s->0.02],0.06,0.425,3.0,0.02,20260825-end,243,0.8987654320987655,0.8024691358024691,0.16049382716049382,0.037037037037037035,5.910000000000014,195,39,9
margin>=0.06 OR best>=0.425 dur[3.0s->0.02],0.06,0.425,3.0,0.02,pooled,438,0.9018264840182648,0.819634703196347,0.136986301369863,0.04337899543378995,16.520000000000014,359,60,19
margin>=0.06 OR best>=0.425 dur[3.0s->0.04],0.06,0.425,3.0,0.04,20260818-end,195,0.9056410256410257,0.841025641025641,0.1076923076923077,0.05128205128205128,10.61,164,21,10
margin>=0.06 OR best>=0.425 dur[3.0s->0.04],0.06,0.425,3.0,0.04,20260825-end,243,0.8987654320987655,0.8024691358024691,0.16049382716049382,0.037037037037037035,5.910000000000014,195,39,9
margin>=0.06 OR best>=0.425 dur[3.0s->0.04],0.06,0.425,3.0,0.04,pooled,438,0.9018264840182648,0.819634703196347,0.136986301369863,0.04337899543378995,16.520000000000014,359,60,19
margin>=0.06 OR best>=0.425 dur[3.0s->0.06],0.06,0.425,3.0,0.06,20260818-end,195,0.9035897435897435,0.8358974358974359,0.11282051282051282,0.05128205128205128,10.61,163,22,10
margin>=0.06 OR best>=0.425 dur[3.0s->0.06],0.06,0.425,3.0,0.06,20260825-end,243,0.8987654320987655,0.8024691358024691,0.16049382716049382,0.037037037037037035,5.910000000000014,195,39,9
margin>=0.06 OR best>=0.425 dur[3.0s->0.06],0.06,0.425,3.0,0.06,pooled,438,0.9009132420091325,0.817351598173516,0.13926940639269406,0.04337899543378995,16.520000000000014,358,61,19
margin>=0.06 OR best>=0.45,0.06,0.45,,,20260818-end,195,0.9035897435897435,0.8358974358974359,0.11282051282051282,0.05128205128205128,10.61,163,22,10
margin>=0.06 OR best>=0.45,0.06,0.45,,,20260825-end,243,0.8987654320987655,0.8024691358024691,0.16049382716049382,0.037037037037037035,5.910000000000014,195,39,9
margin>=0.06 OR best>=0.45,0.06,0.45,,,pooled,438,0.9009132420091325,0.817351598173516,0.13926940639269406,0.04337899543378995,16.520000000000014,358,61,19
margin>=0.06 OR best>=0.45 dur[1.0s->0.0],0.06,0.45,1.0,0.0,20260818-end,195,0.9015384615384615,0.8461538461538461,0.09230769230769231,0.06153846153846154,13.319999999999979,165,18,12
margin>=0.06 OR best>=0.45 dur[1.0s->0.0],0.06,0.45,1.0,0.0,20260825-end,243,0.9069958847736626,0.8353909465020576,0.11934156378600823,0.04526748971193416,8.37000000000005,203,29,11
margin>=0.06 OR best>=0.45 dur[1.0s->0.0],0.06,0.45,1.0,0.0,pooled,438,0.9045662100456621,0.8401826484018264,0.10730593607305935,0.05251141552511415,21.69000000000003,368,47,23
margin>=0.06 OR best>=0.45 dur[1.0s->0.02],0.06,0.45,1.0,0.02,20260818-end,195,0.9015384615384615,0.8461538461538461,0.09230769230769231,0.06153846153846154,13.319999999999979,165,18,12
margin>=0.06 OR best>=0.45 dur[1.0s->0.02],0.06,0.45,1.0,0.02,20260825-end,243,0.897119341563786,0.8106995884773662,0.1440329218106996,0.04526748971193416,8.37000000000005,197,35,11
margin>=0.06 OR best>=0.45 dur[1.0s->0.02],0.06,0.45,1.0,0.02,pooled,438,0.8990867579908676,0.8264840182648402,0.12100456621004566,0.05251141552511415,21.69000000000003,362,53,23
margin>=0.06 OR best>=0.45 dur[1.0s->0.04],0.06,0.45,1.0,0.04,20260818-end,195,0.9025641025641026,0.841025641025641,0.10256410256410256,0.05641025641025641,12.149999999999991,164,20,11
margin>=0.06 OR best>=0.45 dur[1.0s->0.04],0.06,0.45,1.0,0.04,20260825-end,243,0.9020576131687243,0.8106995884773662,0.1522633744855967,0.037037037037037035,5.910000000000014,197,37,9
margin>=0.06 OR best>=0.45 dur[1.0s->0.04],0.06,0.45,1.0,0.04,pooled,438,0.902283105022831,0.8242009132420092,0.13013698630136986,0.045662100456621,18.060000000000006,361,57,20
margin>=0.06 OR best>=0.45 dur[1.0s->0.06],0.06,0.45,1.0,0.06,20260818-end,195,0.9035897435897435,0.8358974358974359,0.11282051282051282,0.05128205128205128,10.61,163,22,10
margin>=0.06 OR best>=0.45 dur[1.0s->0.06],0.06,0.45,1.0,0.06,20260825-end,243,0.8987654320987655,0.8024691358024691,0.16049382716049382,0.037037037037037035,5.910000000000014,195,39,9
margin>=0.06 OR best>=0.45 dur[1.0s->0.06],0.06,0.45,1.0,0.06,pooled,438,0.9009132420091325,0.817351598173516,0.13926940639269406,0.04337899543378995,16.520000000000014,358,61,19
margin>=0.06 OR best>=0.45 dur[1.5s->0.0],0.06,0.45,1.5,0.0,20260818-end,195,0.9025641025641026,0.841025641025641,0.10256410256410256,0.05641025641025641,12.149999999999991,164,20,11
margin>=0.06 OR best>=0.45 dur[1.5s->0.0],0.06,0.45,1.5,0.0,20260825-end,243,0.9037037037037038,0.8148148148148148,0.14814814814814814,0.037037037037037035,5.910000000000014,198,36,9
margin>=0.06 OR best>=0.45 dur[1.5s->0.0],0.06,0.45,1.5,0.0,pooled,438,0.9031963470319635,0.8264840182648402,0.1278538812785388,0.045662100456621,18.060000000000006,362,56,20
margin>=0.06 OR best>=0.45 dur[1.5s->0.02],0.06,0.45,1.5,0.02,20260818-end,195,0.9025641025641026,0.841025641025641,0.10256410256410256,0.05641025641025641,12.149999999999991,164,20,11
margin>=0.06 OR best>=0.45 dur[1.5s->0.02],0.06,0.45,1.5,0.02,20260825-end,243,0.8987654320987655,0.8024691358024691,0.16049382716049382,0.037037037037037035,5.910000000000014,195,39,9
margin>=0.06 OR best>=0.45 dur[1.5s->0.02],0.06,0.45,1.5,0.02,pooled,438,0.9004566210045662,0.819634703196347,0.13470319634703196,0.045662100456621,18.060000000000006,359,59,20
margin>=0.06 OR best>=0.45 dur[1.5s->0.04],0.06,0.45,1.5,0.04,20260818-end,195,0.9025641025641026,0.841025641025641,0.10256410256410256,0.05641025641025641,12.149999999999991,164,20,11
margin>=0.06 OR best>=0.45 dur[1.5s->0.04],0.06,0.45,1.5,0.04,20260825-end,243,0.8987654320987655,0.8024691358024691,0.16049382716049382,0.037037037037037035,5.910000000000014,195,39,9
margin>=0.06 OR best>=0.45 dur[1.5s->0.04],0.06,0.45,1.5,0.04,pooled,438,0.9004566210045662,0.819634703196347,0.13470319634703196,0.045662100456621,18.060000000000006,359,59,20
margin>=0.06 OR best>=0.45 dur[1.5s->0.06],0.06,0.45,1.5,0.06,20260818-end,195,0.9035897435897435,0.8358974358974359,0.11282051282051282,0.05128205128205128,10.61,163,22,10
margin>=0.06 OR best>=0.45 dur[1.5s->0.06],0.06,0.45,1.5,0.06,20260825-end,243,0.8987654320987655,0.8024691358024691,0.16049382716049382,0.037037037037037035,5.910000000000014,195,39,9
margin>=0.06 OR best>=0.45 dur[1.5s->0.06],0.06,0.45,1.5,0.06,pooled,438,0.9009132420091325,0.817351598173516,0.13926940639269406,0.04337899543378995,16.520000000000014,358,61,19
margin>=0.06 OR best>=0.45 dur[2.0s->0.0],0.06,0.45,2.0,0.0,20260818-end,195,0.9056410256410257,0.841025641025641,0.1076923076923077,0.05128205128205128,10.61,164,21,10
margin>=0.06 OR best>=0.45 dur[2.0s->0.0],0.06,0.45,2.0,0.0,20260825-end,243,0.9020576131687243,0.8106995884773662,0.1522633744855967,0.037037037037037035,5.910000000000014,197,37,9
margin>=0.06 OR best>=0.45 dur[2.0s->0.0],0.06,0.45,2.0,0.0,pooled,438,0.9036529680365297,0.8242009132420092,0.1324200913242009,0.04337899543378995,16.520000000000014,361,58,19
margin>=0.06 OR best>=0.45 dur[2.0s->0.02],0.06,0.45,2.0,0.02,20260818-end,195,0.9056410256410257,0.841025641025641,0.1076923076923077,0.05128205128205128,10.61,164,21,10
margin>=0.06 OR best>=0.45 dur[2.0s->0.02],0.06,0.45,2.0,0.02,20260825-end,243,0.8987654320987655,0.8024691358024691,0.16049382716049382,0.037037037037037035,5.910000000000014,195,39,9
margin>=0.06 OR best>=0.45 dur[2.0s->0.02],0.06,0.45,2.0,0.02,pooled,438,0.9018264840182648,0.819634703196347,0.136986301369863,0.04337899543378995,16.520000000000014,359,60,19
margin>=0.06 OR best>=0.45 dur[2.0s->0.04],0.06,0.45,2.0,0.04,20260818-end,195,0.9056410256410257,0.841025641025641,0.1076923076923077,0.05128205128205128,10.61,164,21,10
margin>=0.06 OR best>=0.45 dur[2.0s->0.04],0.06,0.45,2.0,0.04,20260825-end,243,0.8987654320987655,0.8024691358024691,0.16049382716049382,0.037037037037037035,5.910000000000014,195,39,9
margin>=0.06 OR best>=0.45 dur[2.0s->0.04],0.06,0.45,2.0,0.04,pooled,438,0.9018264840182648,0.819634703196347,0.136986301369863,0.04337899543378995,16.520000000000014,359,60,19
margin>=0.06 OR best>=0.45 dur[2.0s->0.06],0.06,0.45,2.0,0.06,20260818-end,195,0.9035897435897435,0.8358974358974359,0.11282051282051282,0.05128205128205128,10.61,163,22,10
margin>=0.06 OR best>=0.45 dur[2.0s->0.06],0.06,0.45,2.0,0.06,20260825-end,243,0.8987654320987655,0.8024691358024691,0.16049382716049382,0.037037037037037035,5.910000000000014,195,39,9
margin>=0.06 OR best>=0.45 dur[2.0s->0.06],0.06,0.45,2.0,0.06,pooled,438,0.9009132420091325,0.817351598173516,0.13926940639269406,0.04337899543378995,16.520000000000014,358,61,19
margin>=0.06 OR best>=0.45 dur[2.5s->0.0],0.06,0.45,2.5,0.0,20260818-end,195,0.9056410256410257,0.841025641025641,0.1076923076923077,0.05128205128205128,10.61,164,21,10
margin>=0.06 OR best>=0.45 dur[2.5s->0.0],0.06,0.45,2.5,0.0,20260825-end,243,0.9020576131687243,0.8106995884773662,0.1522633744855967,0.037037037037037035,5.910000000000014,197,37,9
margin>=0.06 OR best>=0.45 dur[2.5s->0.0],0.06,0.45,2.5,0.0,pooled,438,0.9036529680365297,0.8242009132420092,0.1324200913242009,0.04337899543378995,16.520000000000014,361,58,19
margin>=0.06 OR best>=0.45 dur[2.5s->0.02],0.06,0.45,2.5,0.02,20260818-end,195,0.9056410256410257,0.841025641025641,0.1076923076923077,0.05128205128205128,10.61,164,21,10
margin>=0.06 OR best>=0.45 dur[2.5s->0.02],0.06,0.45,2.5,0.02,20260825-end,243,0.8987654320987655,0.8024691358024691,0.16049382716049382,0.037037037037037035,5.910000000000014,195,39,9
margin>=0.06 OR best>=0.45 dur[2.5s->0.02],0.06,0.45,2.5,0.02,pooled,438,0.9018264840182648,0.819634703196347,0.136986301369863,0.04337899543378995,16.520000000000014,359,60,19
margin>=0.06 OR best>=0.45 dur[2.5s->0.04],0.06,0.45,2.5,0.04,20260818-end,195,0.9056410256410257,0.841025641025641,0.1076923076923077,0.05128205128205128,10.61,164,21,10
margin>=0.06 OR best>=0.45 dur[2.5s->0.04],0.06,0.45,2.5,0.04,20260825-end,243,0.8987654320987655,0.8024691358024691,0.16049382716049382,0.037037037037037035,5.910000000000014,195,39,9
margin>=0.06 OR best>=0.45 dur[2.5s->0.04],0.06,0.45,2.5,0.04,pooled,438,0.9018264840182648,0.819634703196347,0.136986301369863,0.04337899543378995,16.520000000000014,359,60,19
margin>=0.06 OR best>=0.45 dur[2.5s->0.06],0.06,0.45,2.5,0.06,20260818-end,195,0.9035897435897435,0.8358974358974359,0.11282051282051282,0.05128205128205128,10.61,163,22,10
margin>=0.06 OR best>=0.45 dur[2.5s->0.06],0.06,0.45,2.5,0.06,20260825-end,243,0.8987654320987655,0.8024691358024691,0.16049382716049382,0.037037037037037035,5.910000000000014,195,39,9
margin>=0.06 OR best>=0.45 dur[2.5s->0.06],0.06,0.45,2.5,0.06,pooled,438,0.9009132420091325,0.817351598173516,0.13926940639269406,0.04337899543378995,16.520000000000014,358,61,19
margin>=0.06 OR best>=0.45 dur[3.0s->0.0],0.06,0.45,3.0,0.0,20260818-end,195,0.9056410256410257,0.841025641025641,0.1076923076923077,0.05128205128205128,10.61,164,21,10
margin>=0.06 OR best>=0.45 dur[3.0s->0.0],0.06,0.45,3.0,0.0,20260825-end,243,0.9004115226337449,0.8065843621399177,0.15637860082304528,0.037037037037037035,5.910000000000014,196,38,9
margin>=0.06 OR best>=0.45 dur[3.0s->0.0],0.06,0.45,3.0,0.0,pooled,438,0.9027397260273973,0.821917808219178,0.13470319634703196,0.04337899543378995,16.520000000000014,360,59,19
margin>=0.06 OR best>=0.45 dur[3.0s->0.02],0.06,0.45,3.0,0.02,20260818-end,195,0.9056410256410257,0.841025641025641,0.1076923076923077,0.05128205128205128,10.61,164,21,10
margin>=0.06 OR best>=0.45 dur[3.0s->0.02],0.06,0.45,3.0,0.02,20260825-end,243,0.8987654320987655,0.8024691358024691,0.16049382716049382,0.037037037037037035,5.910000000000014,195,39,9
margin>=0.06 OR best>=0.45 dur[3.0s->0.02],0.06,0.45,3.0,0.02,pooled,438,0.9018264840182648,0.819634703196347,0.136986301369863,0.04337899543378995,16.520000000000014,359,60,19
margin>=0.06 OR best>=0.45 dur[3.0s->0.04],0.06,0.45,3.0,0.04,20260818-end,195,0.9056410256410257,0.841025641025641,0.1076923076923077,0.05128205128205128,10.61,164,21,10
margin>=0.06 OR best>=0.45 dur[3.0s->0.04],0.06,0.45,3.0,0.04,20260825-end,243,0.8987654320987655,0.8024691358024691,0.16049382716049382,0.037037037037037035,5.910000000000014,195,39,9
margin>=0.06 OR best>=0.45 dur[3.0s->0.04],0.06,0.45,3.0,0.04,pooled,438,0.9018264840182648,0.819634703196347,0.136986301369863,0.04337899543378995,16.520000000000014,359,60,19
margin>=0.06 OR best>=0.45 dur[3.0s->0.06],0.06,0.45,3.0,0.06,20260818-end,195,0.9035897435897435,0.8358974358974359,0.11282051282051282,0.05128205128205128,10.61,163,22,10
margin>=0.06 OR best>=0.45 dur[3.0s->0.06],0.06,0.45,3.0,0.06,20260825-end,243,0.8987654320987655,0.8024691358024691,0.16049382716049382,0.037037037037037035,5.910000000000014,195,39,9
margin>=0.06 OR best>=0.45 dur[3.0s->0.06],0.06,0.45,3.0,0.06,pooled,438,0.9009132420091325,0.817351598173516,0.13926940639269406,0.04337899543378995,16.520000000000014,358,61,19
margin>=0.07,0.07,,,,20260818-end,195,0.9097435897435897,0.8205128205128205,0.14871794871794872,0.03076923076923077,4.720000000000027,160,29,6
margin>=0.07,0.07,,,,20260825-end,243,0.8954732510288067,0.7818930041152263,0.18930041152263374,0.02880658436213992,5.400000000000006,190,46,7
margin>=0.07,0.07,,,,pooled,438,0.9018264840182648,0.7990867579908676,0.17123287671232876,0.02968036529680365,10.120000000000033,350,75,13
margin>=0.07 dur[1.0s->0.0],0.07,,1.0,0.0,20260818-end,195,0.9056410256410257,0.841025641025641,0.1076923076923077,0.05128205128205128,12.309999999999988,164,21,10
margin>=0.07 dur[1.0s->0.0],0.07,,1.0,0.0,20260825-end,243,0.9069958847736626,0.823045267489712,0.13991769547325103,0.037037037037037035,7.860000000000042,200,34,9
margin>=0.07 dur[1.0s->0.0],0.07,,1.0,0.0,pooled,438,0.906392694063927,0.8310502283105022,0.12557077625570776,0.04337899543378995,20.17000000000003,364,55,19
margin>=0.07 dur[1.0s->0.02],0.07,,1.0,0.02,20260818-end,195,0.9056410256410257,0.841025641025641,0.1076923076923077,0.05128205128205128,12.309999999999988,164,21,10
margin>=0.07 dur[1.0s->0.02],0.07,,1.0,0.02,20260825-end,243,0.8954732510288066,0.7942386831275721,0.16872427983539096,0.037037037037037035,7.860000000000042,193,41,9
margin>=0.07 dur[1.0s->0.02],0.07,,1.0,0.02,pooled,438,0.9,0.815068493150685,0.1415525114155251,0.04337899543378995,20.17000000000003,357,62,19
margin>=0.07 dur[1.0s->0.04],0.07,,1.0,0.04,20260818-end,195,0.9097435897435897,0.8358974358974359,0.12307692307692308,0.041025641025641026,7.360000000000028,163,24,8
margin>=0.07 dur[1.0s->0.04],0.07,,1.0,0.04,20260825-end,243,0.9004115226337449,0.7942386831275721,0.17695473251028807,0.02880658436213992,5.400000000000006,193,43,7
margin>=0.07 dur[1.0s->0.04],0.07,,1.0,0.04,pooled,438,0.9045662100456622,0.8127853881278538,0.15296803652968036,0.03424657534246575,12.760000000000034,356,67,15
margin>=0.07 dur[1.0s->0.06],0.07,,1.0,0.06,20260818-end,195,0.9087179487179486,0.8256410256410256,0.13846153846153847,0.035897435897435895,5.820000000000036,161,27,7
margin>=0.07 dur[1.0s->0.06],0.07,,1.0,0.06,20260825-end,243,0.8954732510288067,0.7818930041152263,0.18930041152263374,0.02880658436213992,5.400000000000006,190,46,7
margin>=0.07 dur[1.0s->0.06],0.07,,1.0,0.06,pooled,438,0.9013698630136987,0.8013698630136986,0.16666666666666666,0.0319634703196347,11.220000000000041,351,73,14
margin>=0.07 dur[1.5s->0.0],0.07,,1.5,0.0,20260818-end,195,0.9076923076923077,0.8307692307692308,0.1282051282051282,0.041025641025641026,10.039999999999992,162,25,8
margin>=0.07 dur[1.5s->0.0],0.07,,1.5,0.0,20260825-end,243,0.9037037037037038,0.8024691358024691,0.16872427983539096,0.02880658436213992,5.400000000000006,195,41,7
margin>=0.07 dur[1.5s->0.0],0.07,,1.5,0.0,pooled,438,0.9054794520547945,0.815068493150685,0.1506849315068493,0.03424657534246575,15.439999999999998,357,66,15
margin>=0.07 dur[1.5s->0.02],0.07,,1.5,0.02,20260818-end,195,0.9076923076923077,0.8307692307692308,0.1282051282051282,0.041025641025641026,10.039999999999992,162,25,8
margin>=0.07 dur[1.5s->0.02],0.07,,1.5,0.02,20260825-end,243,0.8971193415637861,0.7860082304526749,0.18518518518518517,0.02880658436213992,5.400000000000006,191,45,7
margin>=0.07 dur[1.5s->0.02],0.07,,1.5,0.02,pooled,438,0.9018264840182648,0.8059360730593608,0.1598173515981735,0.03424657534246575,15.439999999999998,353,70,15
margin>=0.07 dur[1.5s->0.04],0.07,,1.5,0.04,20260818-end,195,0.9107692307692308,0.8307692307692308,0.13333333333333333,0.035897435897435895,6.260000000000019,162,26,7
margin>=0.07 dur[1.5s->0.04],0.07,,1.5,0.04,20260825-end,243,0.8971193415637861,0.7860082304526749,0.18518518518518517,0.02880658436213992,5.400000000000006,191,45,7
margin>=0.07 dur[1.5s->0.04],0.07,,1.5,0.04,pooled,438,0.9031963470319635,0.8059360730593608,0.16210045662100456,0.0319634703196347,11.660000000000025,353,71,14
margin>=0.07 dur[1.5s->0.06],0.07,,1.5,0.06,20260818-end,195,0.9097435897435897,0.8205128205128205,0.14871794871794872,0.03076923076923077,4.720000000000027,160,29,6
margin>=0.07 dur[1.5s->0.06],0.07,,1.5,0.06,20260825-end,243,0.8954732510288067,0.7818930041152263,0.18930041152263374,0.02880658436213992,5.400000000000006,190,46,7
margin>=0.07 dur[1.5s->0.06],0.07,,1.5,0.06,pooled,438,0.9018264840182648,0.7990867579908676,0.17123287671232876,0.02968036529680365,10.120000000000033,350,75,13
margin>=0.07 dur[2.0s->0.0],0.07,,2.0,0.0,20260818-end,195,0.9087179487179488,0.8256410256410256,0.13846153846153847,0.035897435897435895,8.5,161,27,7
margin>=0.07 dur[2.0s->0.0],0.07,,2.0,0.0,20260825-end,243,0.9004115226337449,0.7942386831275721,0.17695473251028807,0.02880658436213992,5.400000000000006,193,43,7
margin>=0.07 dur[2.0s->0.0],0.07,,2.0,0.0,pooled,438,0.904109589041096,0.8082191780821918,0.1598173515981735,0.0319634703196347,13.900000000000006,354,70,14
margin>=0.07 dur[2.0s->0.02],0.07,,2.0,0.02,20260818-end,195,0.9087179487179488,0.8256410256410256,0.13846153846153847,0.035897435897435895,8.5,161,27,7
margin>=0.07 dur[2.0s->0.02],0.07,,2.0,0.02,20260825-end,243,0.8954732510288067,0.7818930041152263,0.18930041152263374,0.02880658436213992,5.400000000000006,190,46,7
margin>=0.07 dur[2.0s->0.02],0.07,,2.0,0.02,pooled,438,0.9013698630136987,0.8013698630136986,0.16666666666666666,0.0319634703196347,13.900000000000006,351,73,14
margin>=0.07 dur[2.0s->0.04],0.07,,2.0,0.04,20260818-end,195,0.9117948717948718,0.8256410256410256,0.14358974358974358,0.03076923076923077,4.720000000000027,161,28,6
margin>=0.07 dur[2.0s->0.04],0.07,,2.0,0.04,20260825-end,243,0.8954732510288067,0.7818930041152263,0.18930041152263374,0.02880658436213992,5.400000000000006,190,46,7
margin>=0.07 dur[2.0s->0.04],0.07,,2.0,0.04,pooled,438,0.9027397260273973,0.8013698630136986,0.1689497716894977,0.02968036529680365,10.120000000000033,351,74,13
margin>=0.07 dur[2.0s->0.06],0.07,,2.0,0.06,20260818-end,195,0.9097435897435897,0.8205128205128205,0.14871794871794872,0.03076923076923077,4.720000000000027,160,29,6
margin>=0.07 dur[2.0s->0.06],0.07,,2.0,0.06,20260825-end,243,0.8954732510288067,0.7818930041152263,0.18930041152263374,0.02880658436213992,5.400000000000006,190,46,7
margin>=0.07 dur[2.0s->0.06],0.07,,2.0,0.06,pooled,438,0.9018264840182648,0.7990867579908676,0.17123287671232876,0.02968036529680365,10.120000000000033,350,75,13
margin>=0.07 dur[2.5s->0.0],0.07,,2.5,0.0,20260818-end,195,0.9087179487179488,0.8256410256410256,0.13846153846153847,0.035897435897435895,8.5,161,27,7
margin>=0.07 dur[2.5s->0.0],0.07,,2.5,0.0,20260825-end,243,0.9004115226337449,0.7942386831275721,0.17695473251028807,0.02880658436213992,5.400000000000006,193,43,7
margin>=0.07 dur[2.5s->0.0],0.07,,2.5,0.0,pooled,438,0.904109589041096,0.8082191780821918,0.1598173515981735,0.0319634703196347,13.900000000000006,354,70,14
margin>=0.07 dur[2.5s->0.02],0.07,,2.5,0.02,20260818-end,195,0.9087179487179488,0.8256410256410256,0.13846153846153847,0.035897435897435895,8.5,161,27,7
margin>=0.07 dur[2.5s->0.02],0.07,,2.5,0.02,20260825-end,243,0.8954732510288067,0.7818930041152263,0.18930041152263374,0.02880658436213992,5.400000000000006,190,46,7
margin>=0.07 dur[2.5s->0.02],0.07,,2.5,0.02,pooled,438,0.9013698630136987,0.8013698630136986,0.16666666666666666,0.0319634703196347,13.900000000000006,351,73,14
margin>=0.07 dur[2.5s->0.04],0.07,,2.5,0.04,20260818-end,195,0.9117948717948718,0.8256410256410256,0.14358974358974358,0.03076923076923077,4.720000000000027,161,28,6
margin>=0.07 dur[2.5s->0.04],0.07,,2.5,0.04,20260825-end,243,0.8954732510288067,0.7818930041152263,0.18930041152263374,0.02880658436213992,5.400000000000006,190,46,7
margin>=0.07 dur[2.5s->0.04],0.07,,2.5,0.04,pooled,438,0.9027397260273973,0.8013698630136986,0.1689497716894977,0.02968036529680365,10.120000000000033,351,74,13
margin>=0.07 dur[2.5s->0.06],0.07,,2.5,0.06,20260818-end,195,0.9097435897435897,0.8205128205128205,0.14871794871794872,0.03076923076923077,4.720000000000027,160,29,6
margin>=0.07 dur[2.5s->0.06],0.07,,2.5,0.06,20260825-end,243,0.8954732510288067,0.7818930041152263,0.18930041152263374,0.02880658436213992,5.400000000000006,190,46,7
margin>=0.07 dur[2.5s->0.06],0.07,,2.5,0.06,pooled,438,0.9018264840182648,0.7990867579908676,0.17123287671232876,0.02968036529680365,10.120000000000033,350,75,13
margin>=0.07 dur[3.0s->0.0],0.07,,3.0,0.0,20260818-end,195,0.9087179487179488,0.8256410256410256,0.13846153846153847,0.035897435897435895,8.5,161,27,7
margin>=0.07 dur[3.0s->0.0],0.07,,3.0,0.0,20260825-end,243,0.8987654320987655,0.7901234567901234,0.18106995884773663,0.02880658436213992,5.400000000000006,192,44,7
margin>=0.07 dur[3.0s->0.0],0.07,,3.0,0.0,pooled,438,0.9031963470319635,0.8059360730593608,0.16210045662100456,0.0319634703196347,13.900000000000006,353,71,14
margin>=0.07 dur[3.0s->0.02],0.07,,3.0,0.02,20260818-end,195,0.9087179487179488,0.8256410256410256,0.13846153846153847,0.035897435897435895,8.5,161,27,7
margin>=0.07 dur[3.0s->0.02],0.07,,3.0,0.02,20260825-end,243,0.8954732510288067,0.7818930041152263,0.18930041152263374,0.02880658436213992,5.400000000000006,190,46,7
margin>=0.07 dur[3.0s->0.02],0.07,,3.0,0.02,pooled,438,0.9013698630136987,0.8013698630136986,0.16666666666666666,0.0319634703196347,13.900000000000006,351,73,14
margin>=0.07 dur[3.0s->0.04],0.07,,3.0,0.04,20260818-end,195,0.9117948717948718,0.8256410256410256,0.14358974358974358,0.03076923076923077,4.720000000000027,161,28,6
margin>=0.07 dur[3.0s->0.04],0.07,,3.0,0.04,20260825-end,243,0.8954732510288067,0.7818930041152263,0.18930041152263374,0.02880658436213992,5.400000000000006,190,46,7
margin>=0.07 dur[3.0s->0.04],0.07,,3.0,0.04,pooled,438,0.9027397260273973,0.8013698630136986,0.1689497716894977,0.02968036529680365,10.120000000000033,351,74,13
margin>=0.07 dur[3.0s->0.06],0.07,,3.0,0.06,20260818-end,195,0.9097435897435897,0.8205128205128205,0.14871794871794872,0.03076923076923077,4.720000000000027,160,29,6
margin>=0.07 dur[3.0s->0.06],0.07,,3.0,0.06,20260825-end,243,0.8954732510288067,0.7818930041152263,0.18930041152263374,0.02880658436213992,5.400000000000006,190,46,7
margin>=0.07 dur[3.0s->0.06],0.07,,3.0,0.06,pooled,438,0.9018264840182648,0.7990867579908676,0.17123287671232876,0.02968036529680365,10.120000000000033,350,75,13
margin>=0.07 OR best>=0.3,0.07,0.3,,,20260818-end,195,0.9025641025641026,0.841025641025641,0.10256410256410256,0.05641025641025641,11.889999999999986,164,20,11
margin>=0.07 OR best>=0.3,0.07,0.3,,,20260825-end,243,0.9053497942386832,0.8189300411522634,0.1440329218106996,0.037037037037037035,7.750000000000085,199,35,9
margin>=0.07 OR best>=0.3,0.07,0.3,,,pooled,438,0.904109589041096,0.8287671232876712,0.12557077625570776,0.045662100456621,19.64000000000007,363,55,20
margin>=0.07 OR best>=0.3 dur[1.0s->0.0],0.07,0.3,1.0,0.0,20260818-end,195,0.9015384615384615,0.8461538461538461,0.09230769230769231,0.06153846153846154,13.429999999999978,165,18,12
margin>=0.07 OR best>=0.3 dur[1.0s->0.0],0.07,0.3,1.0,0.0,20260825-end,243,0.9061728395061729,0.8271604938271605,0.13168724279835392,0.0411522633744856,8.81000000000003,201,32,10
margin>=0.07 OR best>=0.3 dur[1.0s->0.0],0.07,0.3,1.0,0.0,pooled,438,0.904109589041096,0.8356164383561644,0.1141552511415525,0.0502283105022831,22.24000000000001,366,50,22
margin>=0.07 OR best>=0.3 dur[1.0s->0.02],0.07,0.3,1.0,0.02,20260818-end,195,0.9015384615384615,0.8461538461538461,0.09230769230769231,0.06153846153846154,13.429999999999978,165,18,12
margin>=0.07 OR best>=0.3 dur[1.0s->0.02],0.07,0.3,1.0,0.02,20260825-end,243,0.902880658436214,0.8189300411522634,0.13991769547325103,0.0411522633744856,8.81000000000003,199,34,10
margin>=0.07 OR best>=0.3 dur[1.0s->0.02],0.07,0.3,1.0,0.02,pooled,438,0.902283105022831,0.8310502283105022,0.1187214611872146,0.0502283105022831,22.24000000000001,364,52,22
margin>=0.07 OR best>=0.3 dur[1.0s->0.04],0.07,0.3,1.0,0.04,20260818-end,195,0.8994871794871795,0.841025641025641,0.09743589743589744,0.06153846153846154,13.429999999999978,164,19,12
margin>=0.07 OR best>=0.3 dur[1.0s->0.04],0.07,0.3,1.0,0.04,20260825-end,243,0.9053497942386832,0.8189300411522634,0.1440329218106996,0.037037037037037035,7.750000000000085,199,35,9
margin>=0.07 OR best>=0.3 dur[1.0s->0.04],0.07,0.3,1.0,0.04,pooled,438,0.9027397260273973,0.8287671232876712,0.1232876712328767,0.04794520547945205,21.180000000000064,363,54,21
margin>=0.07 OR best>=0.3 dur[1.0s->0.06],0.07,0.3,1.0,0.06,20260818-end,195,0.9025641025641026,0.841025641025641,0.10256410256410256,0.05641025641025641,11.889999999999986,164,20,11
margin>=0.07 OR best>=0.3 dur[1.0s->0.06],0.07,0.3,1.0,0.06,20260825-end,243,0.9053497942386832,0.8189300411522634,0.1440329218106996,0.037037037037037035,7.750000000000085,199,35,9
margin>=0.07 OR best>=0.3 dur[1.0s->0.06],0.07,0.3,1.0,0.06,pooled,438,0.904109589041096,0.8287671232876712,0.12557077625570776,0.045662100456621,19.64000000000007,363,55,20
margin>=0.07 OR best>=0.3 dur[1.5s->0.0],0.07,0.3,1.5,0.0,20260818-end,195,0.8994871794871795,0.841025641025641,0.09743589743589744,0.06153846153846154,13.429999999999978,164,19,12
margin>=0.07 OR best>=0.3 dur[1.5s->0.0],0.07,0.3,1.5,0.0,20260825-end,243,0.9069958847736626,0.823045267489712,0.13991769547325103,0.037037037037037035,7.750000000000085,200,34,9
margin>=0.07 OR best>=0.3 dur[1.5s->0.0],0.07,0.3,1.5,0.0,pooled,438,0.9036529680365297,0.8310502283105022,0.12100456621004566,0.04794520547945205,21.180000000000064,364,53,21
margin>=0.07 OR best>=0.3 dur[1.5s->0.02],0.07,0.3,1.5,0.02,20260818-end,195,0.8994871794871795,0.841025641025641,0.09743589743589744,0.06153846153846154,13.429999999999978,164,19,12
margin>=0.07 OR best>=0.3 dur[1.5s->0.02],0.07,0.3,1.5,0.02,20260825-end,243,0.9053497942386832,0.8189300411522634,0.1440329218106996,0.037037037037037035,7.750000000000085,199,35,9
margin>=0.07 OR best>=0.3 dur[1.5s->0.02],0.07,0.3,1.5,0.02,pooled,438,0.9027397260273973,0.8287671232876712,0.1232876712328767,0.04794520547945205,21.180000000000064,363,54,21
margin>=0.07 OR best>=0.3 dur[1.5s->0.04],0.07,0.3,1.5,0.04,20260818-end,195,0.8994871794871795,0.841025641025641,0.09743589743589744,0.06153846153846154,13.429999999999978,164,19,12
margin>=0.07 OR best>=0.3 dur[1.5s->0.04],0.07,0.3,1.5,0.04,20260825-end,243,0.9053497942386832,0.8189300411522634,0.1440329218106996,0.037037037037037035,7.750000000000085,199,35,9
margin>=0.07 OR best>=0.3 dur[1.5s->0.04],0.07,0.3,1.5,0.04,pooled,438,0.9027397260273973,0.8287671232876712,0.1232876712328767,0.04794520547945205,21.180000000000064,363,54,21
margin>=0.07 OR best>=0.3 dur[1.5s->0.06],0.07,0.3,1.5,0.06,20260818-end,195,0.9025641025641026,0.841025641025641,0.10256410256410256,0.05641025641025641,11.889999999999986,164,20,11
margin>=0.07 OR best>=0.3 dur[1.5s->0.06],0.07,0.3,1.5,0.06,20260825-end,243,0.9053497942386832,0.8189300411522634,0.1440329218106996,0.037037037037037035,7.750000000000085,199,35,9
margin>=0.07 OR best>=0.3 dur[1.5s->0.06],0.07,0.3,1.5,0.06,pooled,438,0.904109589041096,0.8287671232876712,0.12557077625570776,0.045662100456621,19.64000000000007,363,55,20
margin>=0.07 OR best>=0.3 dur[2.0s->0.0],0.07,0.3,2.0,0.0,20260818-end,195,0.9025641025641026,0.841025641025641,0.10256410256410256,0.05641025641025641,11.889999999999986,164,20,11
margin>=0.07 OR best>=0.3 dur[2.0s->0.0],0.07,0.3,2.0,0.0,20260825-end,243,0.9069958847736626,0.823045267489712,0.13991769547325103,0.037037037037037035,7.750000000000085,200,34,9
margin>=0.07 OR best>=0.3 dur[2.0s->0.0],0.07,0.3,2.0,0.0,pooled,438,0.9050228310502283,0.8310502283105022,0.1232876712328767,0.045662100456621,19.64000000000007,364,54,20
margin>=0.07 OR best>=0.3 dur[2.0s->0.02],0.07,0.3,2.0,0.02,20260818-end,195,0.9025641025641026,0.841025641025641,0.10256410256410256,0.05641025641025641,11.889999999999986,164,20,11
margin>=0.07 OR best>=0.3 dur[2.0s->0.02],0.07,0.3,2.0,0.02,20260825-end,243,0.9053497942386832,0.8189300411522634,0.1440329218106996,0.037037037037037035,7.750000000000085,199,35,9
margin>=0.07 OR best>=0.3 dur[2.0s->0.02],0.07,0.3,2.0,0.02,pooled,438,0.904109589041096,0.8287671232876712,0.12557077625570776,0.045662100456621,19.64000000000007,363,55,20
margin>=0.07 OR best>=0.3 dur[2.0s->0.04],0.07,0.3,2.0,0.04,20260818-end,195,0.9025641025641026,0.841025641025641,0.10256410256410256,0.05641025641025641,11.889999999999986,164,20,11
margin>=0.07 OR best>=0.3 dur[2.0s->0.04],0.07,0.3,2.0,0.04,20260825-end,243,0.9053497942386832,0.8189300411522634,0.1440329218106996,0.037037037037037035,7.750000000000085,199,35,9
margin>=0.07 OR best>=0.3 dur[2.0s->0.04],0.07,0.3,2.0,0.04,pooled,438,0.904109589041096,0.8287671232876712,0.12557077625570776,0.045662100456621,19.64000000000007,363,55,20
margin>=0.07 OR best>=0.3 dur[2.0s->0.06],0.07,0.3,2.0,0.06,20260818-end,195,0.9025641025641026,0.841025641025641,0.10256410256410256,0.05641025641025641,11.889999999999986,164,20,11
margin>=0.07 OR best>=0.3 dur[2.0s->0.06],0.07,0.3,2.0,0.06,20260825-end,243,0.9053497942386832,0.8189300411522634,0.1440329218106996,0.037037037037037035,7.750000000000085,199,35,9
margin>=0.07 OR best>=0.3 dur[2.0s->0.06],0.07,0.3,2.0,0.06,pooled,438,0.904109589041096,0.8287671232876712,0.12557077625570776,0.045662100456621,19.64000000000007,363,55,20
margin>=0.07 OR best>=0.3 dur[2.5s->0.0],0.07,0.3,2.5,0.0,20260818-end,195,0.9025641025641026,0.841025641025641,0.10256410256410256,0.05641025641025641,11.889999999999986,164,20,11
margin>=0.07 OR best>=0.3 dur[2.5s->0.0],0.07,0.3,2.5,0.0,20260825-end,243,0.9069958847736626,0.823045267489712,0.13991769547325103,0.037037037037037035,7.750000000000085,200,34,9
margin>=0.07 OR best>=0.3 dur[2.5s->0.0],0.07,0.3,2.5,0.0,pooled,438,0.9050228310502283,0.8310502283105022,0.1232876712328767,0.045662100456621,19.64000000000007,364,54,20
margin>=0.07 OR best>=0.3 dur[2.5s->0.02],0.07,0.3,2.5,0.02,20260818-end,195,0.9025641025641026,0.841025641025641,0.10256410256410256,0.05641025641025641,11.889999999999986,164,20,11
margin>=0.07 OR best>=0.3 dur[2.5s->0.02],0.07,0.3,2.5,0.02,20260825-end,243,0.9053497942386832,0.8189300411522634,0.1440329218106996,0.037037037037037035,7.750000000000085,199,35,9
margin>=0.07 OR best>=0.3 dur[2.5s->0.02],0.07,0.3,2.5,0.02,pooled,438,0.904109589041096,0.8287671232876712,0.12557077625570776,0.045662100456621,19.64000000000007,363,55,20
margin>=0.07 OR best>=0.3 dur[2.5s->0.04],0.07,0.3,2.5,0.04,20260818-end,195,0.9025641025641026,0.841025641025641,0.10256410256410256,0.05641025641025641,11.889999999999986,164,20,11
margin>=0.07 OR best>=0.3 dur[2.5s->0.04],0.07,0.3,2.5,0.04,20260825-end,243,0.9053497942386832,0.8189300411522634,0.1440329218106996,0.037037037037037035,7.750000000000085,199,35,9
margin>=0.07 OR best>=0.3 dur[2.5s->0.04],0.07,0.3,2.5,0.04,pooled,438,0.904109589041096,0.8287671232876712,0.12557077625570776,0.045662100456621,19.64000000000007,363,55,20
margin>=0.07 OR best>=0.3 dur[2.5s->0.06],0.07,0.3,2.5,0.06,20260818-end,195,0.9025641025641026,0.841025641025641,0.10256410256410256,0.05641025641025641,11.889999999999986,164,20,11
margin>=0.07 OR best>=0.3 dur[2.5s->0.06],0.07,0.3,2.5,0.06,20260825-end,243,0.9053497942386832,0.8189300411522634,0.1440329218106996,0.037037037037037035,7.750000000000085,199,35,9
margin>=0.07 OR best>=0.3 dur[2.5s->0.06],0.07,0.3,2.5,0.06,pooled,438,0.904109589041096,0.8287671232876712,0.12557077625570776,0.045662100456621,19.64000000000007,363,55,20
margin>=0.07 OR best>=0.3 dur[3.0s->0.0],0.07,0.3,3.0,0.0,20260818-end,195,0.9025641025641026,0.841025641025641,0.10256410256410256,0.05641025641025641,11.889999999999986,164,20,11
margin>=0.07 OR best>=0.3 dur[3.0s->0.0],0.07,0.3,3.0,0.0,20260825-end,243,0.9069958847736626,0.823045267489712,0.13991769547325103,0.037037037037037035,7.750000000000085,200,34,9
margin>=0.07 OR best>=0.3 dur[3.0s->0.0],0.07,0.3,3.0,0.0,pooled,438,0.9050228310502283,0.8310502283105022,0.1232876712328767,0.045662100456621,19.64000000000007,364,54,20
margin>=0.07 OR best>=0.3 dur[3.0s->0.02],0.07,0.3,3.0,0.02,20260818-end,195,0.9025641025641026,0.841025641025641,0.10256410256410256,0.05641025641025641,11.889999999999986,164,20,11
margin>=0.07 OR best>=0.3 dur[3.0s->0.02],0.07,0.3,3.0,0.02,20260825-end,243,0.9053497942386832,0.8189300411522634,0.1440329218106996,0.037037037037037035,7.750000000000085,199,35,9
margin>=0.07 OR best>=0.3 dur[3.0s->0.02],0.07,0.3,3.0,0.02,pooled,438,0.904109589041096,0.8287671232876712,0.12557077625570776,0.045662100456621,19.64000000000007,363,55,20
margin>=0.07 OR best>=0.3 dur[3.0s->0.04],0.07,0.3,3.0,0.04,20260818-end,195,0.9025641025641026,0.841025641025641,0.10256410256410256,0.05641025641025641,11.889999999999986,164,20,11
margin>=0.07 OR best>=0.3 dur[3.0s->0.04],0.07,0.3,3.0,0.04,20260825-end,243,0.9053497942386832,0.8189300411522634,0.1440329218106996,0.037037037037037035,7.750000000000085,199,35,9
margin>=0.07 OR best>=0.3 dur[3.0s->0.04],0.07,0.3,3.0,0.04,pooled,438,0.904109589041096,0.8287671232876712,0.12557077625570776,0.045662100456621,19.64000000000007,363,55,20
margin>=0.07 OR best>=0.3 dur[3.0s->0.06],0.07,0.3,3.0,0.06,20260818-end,195,0.9025641025641026,0.841025641025641,0.10256410256410256,0.05641025641025641,11.889999999999986,164,20,11
margin>=0.07 OR best>=0.3 dur[3.0s->0.06],0.07,0.3,3.0,0.06,20260825-end,243,0.9053497942386832,0.8189300411522634,0.1440329218106996,0.037037037037037035,7.750000000000085,199,35,9
margin>=0.07 OR best>=0.3 dur[3.0s->0.06],0.07,0.3,3.0,0.06,pooled,438,0.904109589041096,0.8287671232876712,0.12557077625570776,0.045662100456621,19.64000000000007,363,55,20
margin>=0.07 OR best>=0.325,0.07,0.325,,,20260818-end,195,0.9005128205128206,0.8358974358974359,0.1076923076923077,0.05641025641025641,11.889999999999986,163,21,11
margin>=0.07 OR best>=0.325,0.07,0.325,,,20260825-end,243,0.9061728395061729,0.8148148148148148,0.1522633744855967,0.03292181069958848,6.349999999999994,198,37,8
margin>=0.07 OR best>=0.325,0.07,0.325,,,pooled,438,0.9036529680365297,0.8242009132420092,0.1324200913242009,0.04337899543378995,18.23999999999998,361,58,19
margin>=0.07 OR best>=0.325 dur[1.0s->0.0],0.07,0.325,1.0,0.0,20260818-end,195,0.8994871794871795,0.841025641025641,0.09743589743589744,0.06153846153846154,13.429999999999978,164,19,12
margin>=0.07 OR best>=0.325 dur[1.0s->0.0],0.07,0.325,1.0,0.0,20260825-end,243,0.9061728395061729,0.8271604938271605,0.13168724279835392,0.0411522633744856,8.81000000000003,201,32,10
margin>=0.07 OR best>=0.325 dur[1.0s->0.0],0.07,0.325,1.0,0.0,pooled,438,0.9031963470319635,0.8333333333333334,0.11643835616438356,0.0502283105022831,22.24000000000001,365,51,22
margin>=0.07 OR best>=0.325 dur[1.0s->0.02],0.07,0.325,1.0,0.02,20260818-end,195,0.8994871794871795,0.841025641025641,0.09743589743589744,0.06153846153846154,13.429999999999978,164,19,12
margin>=0.07 OR best>=0.325 dur[1.0s->0.02],0.07,0.325,1.0,0.02,20260825-end,243,0.9012345679012346,0.8148148148148148,0.1440329218106996,0.0411522633744856,8.81000000000003,198,35,10
margin>=0.07 OR best>=0.325 dur[1.0s->0.02],0.07,0.325,1.0,0.02,pooled,438,0.9004566210045662,0.8264840182648402,0.1232876712328767,0.0502283105022831,22.24000000000001,362,54,22
margin>=0.07 OR best>=0.325 dur[1.0s->0.04],0.07,0.325,1.0,0.04,20260818-end,195,0.8974358974358975,0.8358974358974359,0.10256410256410256,0.06153846153846154,13.429999999999978,163,20,12
margin>=0.07 OR best>=0.325 dur[1.0s->0.04],0.07,0.325,1.0,0.04,20260825-end,243,0.9061728395061729,0.8148148148148148,0.1522633744855967,0.03292181069958848,6.349999999999994,198,37,8
margin>=0.07 OR best>=0.325 dur[1.0s->0.04],0.07,0.325,1.0,0.04,pooled,438,0.902283105022831,0.8242009132420092,0.13013698630136986,0.045662100456621,19.779999999999973,361,57,20
margin>=0.07 OR best>=0.325 dur[1.0s->0.06],0.07,0.325,1.0,0.06,20260818-end,195,0.9005128205128206,0.8358974358974359,0.1076923076923077,0.05641025641025641,11.889999999999986,163,21,11
margin>=0.07 OR best>=0.325 dur[1.0s->0.06],0.07,0.325,1.0,0.06,20260825-end,243,0.9061728395061729,0.8148148148148148,0.1522633744855967,0.03292181069958848,6.349999999999994,198,37,8
margin>=0.07 OR best>=0.325 dur[1.0s->0.06],0.07,0.325,1.0,0.06,pooled,438,0.9036529680365297,0.8242009132420092,0.1324200913242009,0.04337899543378995,18.23999999999998,361,58,19
margin>=0.07 OR best>=0.325 dur[1.5s->0.0],0.07,0.325,1.5,0.0,20260818-end,195,0.8974358974358975,0.8358974358974359,0.10256410256410256,0.06153846153846154,13.429999999999978,163,20,12
margin>=0.07 OR best>=0.325 dur[1.5s->0.0],0.07,0.325,1.5,0.0,20260825-end,243,0.9078189300411523,0.8189300411522634,0.14814814814814814,0.03292181069958848,6.349999999999994,199,36,8
margin>=0.07 OR best>=0.325 dur[1.5s->0.0],0.07,0.325,1.5,0.0,pooled,438,0.9031963470319635,0.8264840182648402,0.1278538812785388,0.045662100456621,19.779999999999973,362,56,20
margin>=0.07 OR best>=0.325 dur[1.5s->0.02],0.07,0.325,1.5,0.02,20260818-end,195,0.8974358974358975,0.8358974358974359,0.10256410256410256,0.06153846153846154,13.429999999999978,163,20,12
margin>=0.07 OR best>=0.325 dur[1.5s->0.02],0.07,0.325,1.5,0.02,20260825-end,243,0.9061728395061729,0.8148148148148148,0.1522633744855967,0.03292181069958848,6.349999999999994,198,37,8
margin>=0.07 OR best>=0.325 dur[1.5s->0.02],0.07,0.325,1.5,0.02,pooled,438,0.902283105022831,0.8242009132420092,0.13013698630136986,0.045662100456621,19.779999999999973,361,57,20
margin>=0.07 OR best>=0.325 dur[1.5s->0.04],0.07,0.325,1.5,0.04,20260818-end,195,0.8974358974358975,0.8358974358974359,0.10256410256410256,0.06153846153846154,13.429999999999978,163,20,12
margin>=0.07 OR best>=0.325 dur[1.5s->0.04],0.07,0.325,1.5,0.04,20260825-end,243,0.9061728395061729,0.8148148148148148,0.1522633744855967,0.03292181069958848,6.349999999999994,198,37,8
margin>=0.07 OR best>=0.325 dur[1.5s->0.04],0.07,0.325,1.5,0.04,pooled,438,0.902283105022831,0.8242009132420092,0.13013698630136986,0.045662100456621,19.779999999999973,361,57,20
margin>=0.07 OR best>=0.325 dur[1.5s->0.06],0.07,0.325,1.5,0.06,20260818-end,195,0.9005128205128206,0.8358974358974359,0.1076923076923077,0.05641025641025641,11.889999999999986,163,21,11
margin>=0.07 OR best>=0.325 dur[1.5s->0.06],0.07,0.325,1.5,0.06,20260825-end,243,0.9061728395061729,0.8148148148148148,0.1522633744855967,0.03292181069958848,6.349999999999994,198,37,8
margin>=0.07 OR best>=0.325 dur[1.5s->0.06],0.07,0.325,1.5,0.06,pooled,438,0.9036529680365297,0.8242009132420092,0.1324200913242009,0.04337899543378995,18.23999999999998,361,58,19
margin>=0.07 OR best>=0.325 dur[2.0s->0.0],0.07,0.325,2.0,0.0,20260818-end,195,0.9005128205128206,0.8358974358974359,0.1076923076923077,0.05641025641025641,11.889999999999986,163,21,11
margin>=0.07 OR best>=0.325 dur[2.0s->0.0],0.07,0.325,2.0,0.0,20260825-end,243,0.9078189300411523,0.8189300411522634,0.14814814814814814,0.03292181069958848,6.349999999999994,199,36,8
margin>=0.07 OR best>=0.325 dur[2.0s->0.0],0.07,0.325,2.0,0.0,pooled,438,0.9045662100456622,0.8264840182648402,0.13013698630136986,0.04337899543378995,18.23999999999998,362,57,19
margin>=0.07 OR best>=0.325 dur[2.0s->0.02],0.07,0.325,2.0,0.02,20260818-end,195,0.9005128205128206,0.8358974358974359,0.1076923076923077,0.05641025641025641,11.889999999999986,163,21,11
margin>=0.07 OR best>=0.325 dur[2.0s->0.02],0.07,0.325,2.0,0.02,20260825-end,243,0.9061728395061729,0.8148148148148148,0.1522633744855967,0.03292181069958848,6.349999999999994,198,37,8
margin>=0.07 OR best>=0.325 dur[2.0s->0.02],0.07,0.325,2.0,0.02,pooled,438,0.9036529680365297,0.8242009132420092,0.1324200913242009,0.04337899543378995,18.23999999999998,361,58,19
margin>=0.07 OR best>=0.325 dur[2.0s->0.04],0.07,0.325,2.0,0.04,20260818-end,195,0.9005128205128206,0.8358974358974359,0.1076923076923077,0.05641025641025641,11.889999999999986,163,21,11
margin>=0.07 OR best>=0.325 dur[2.0s->0.04],0.07,0.325,2.0,0.04,20260825-end,243,0.9061728395061729,0.8148148148148148,0.1522633744855967,0.03292181069958848,6.349999999999994,198,37,8
margin>=0.07 OR best>=0.325 dur[2.0s->0.04],0.07,0.325,2.0,0.04,pooled,438,0.9036529680365297,0.8242009132420092,0.1324200913242009,0.04337899543378995,18.23999999999998,361,58,19
margin>=0.07 OR best>=0.325 dur[2.0s->0.06],0.07,0.325,2.0,0.06,20260818-end,195,0.9005128205128206,0.8358974358974359,0.1076923076923077,0.05641025641025641,11.889999999999986,163,21,11
margin>=0.07 OR best>=0.325 dur[2.0s->0.06],0.07,0.325,2.0,0.06,20260825-end,243,0.9061728395061729,0.8148148148148148,0.1522633744855967,0.03292181069958848,6.349999999999994,198,37,8
margin>=0.07 OR best>=0.325 dur[2.0s->0.06],0.07,0.325,2.0,0.06,pooled,438,0.9036529680365297,0.8242009132420092,0.1324200913242009,0.04337899543378995,18.23999999999998,361,58,19
margin>=0.07 OR best>=0.325 dur[2.5s->0.0],0.07,0.325,2.5,0.0,20260818-end,195,0.9005128205128206,0.8358974358974359,0.1076923076923077,0.05641025641025641,11.889999999999986,163,21,11
margin>=0.07 OR best>=0.325 dur[2.5s->0.0],0.07,0.325,2.5,0.0,20260825-end,243,0.9078189300411523,0.8189300411522634,0.14814814814814814,0.03292181069958848,6.349999999999994,199,36,8
margin>=0.07 OR best>=0.325 dur[2.5s->0.0],0.07,0.325,2.5,0.0,pooled,438,0.9045662100456622,0.8264840182648402,0.13013698630136986,0.04337899543378995,18.23999999999998,362,57,19
margin>=0.07 OR best>=0.325 dur[2.5s->0.02],0.07,0.325,2.5,0.02,20260818-end,195,0.9005128205128206,0.8358974358974359,0.1076923076923077,0.05641025641025641,11.889999999999986,163,21,11
margin>=0.07 OR best>=0.325 dur[2.5s->0.02],0.07,0.325,2.5,0.02,20260825-end,243,0.9061728395061729,0.8148148148148148,0.1522633744855967,0.03292181069958848,6.349999999999994,198,37,8
margin>=0.07 OR best>=0.325 dur[2.5s->0.02],0.07,0.325,2.5,0.02,pooled,438,0.9036529680365297,0.8242009132420092,0.1324200913242009,0.04337899543378995,18.23999999999998,361,58,19
margin>=0.07 OR best>=0.325 dur[2.5s->0.04],0.07,0.325,2.5,0.04,20260818-end,195,0.9005128205128206,0.8358974358974359,0.1076923076923077,0.05641025641025641,11.889999999999986,163,21,11
margin>=0.07 OR best>=0.325 dur[2.5s->0.04],0.07,0.325,2.5,0.04,20260825-end,243,0.9061728395061729,0.8148148148148148,0.1522633744855967,0.03292181069958848,6.349999999999994,198,37,8
margin>=0.07 OR best>=0.325 dur[2.5s->0.04],0.07,0.325,2.5,0.04,pooled,438,0.9036529680365297,0.8242009132420092,0.1324200913242009,0.04337899543378995,18.23999999999998,361,58,19
margin>=0.07 OR best>=0.325 dur[2.5s->0.06],0.07,0.325,2.5,0.06,20260818-end,195,0.9005128205128206,0.8358974358974359,0.1076923076923077,0.05641025641025641,11.889999999999986,163,21,11
margin>=0.07 OR best>=0.325 dur[2.5s->0.06],0.07,0.325,2.5,0.06,20260825-end,243,0.9061728395061729,0.8148148148148148,0.1522633744855967,0.03292181069958848,6.349999999999994,198,37,8
margin>=0.07 OR best>=0.325 dur[2.5s->0.06],0.07,0.325,2.5,0.06,pooled,438,0.9036529680365297,0.8242009132420092,0.1324200913242009,0.04337899543378995,18.23999999999998,361,58,19
margin>=0.07 OR best>=0.325 dur[3.0s->0.0],0.07,0.325,3.0,0.0,20260818-end,195,0.9005128205128206,0.8358974358974359,0.1076923076923077,0.05641025641025641,11.889999999999986,163,21,11
margin>=0.07 OR best>=0.325 dur[3.0s->0.0],0.07,0.325,3.0,0.0,20260825-end,243,0.9078189300411523,0.8189300411522634,0.14814814814814814,0.03292181069958848,6.349999999999994,199,36,8
margin>=0.07 OR best>=0.325 dur[3.0s->0.0],0.07,0.325,3.0,0.0,pooled,438,0.9045662100456622,0.8264840182648402,0.13013698630136986,0.04337899543378995,18.23999999999998,362,57,19
margin>=0.07 OR best>=0.325 dur[3.0s->0.02],0.07,0.325,3.0,0.02,20260818-end,195,0.9005128205128206,0.8358974358974359,0.1076923076923077,0.05641025641025641,11.889999999999986,163,21,11
margin>=0.07 OR best>=0.325 dur[3.0s->0.02],0.07,0.325,3.0,0.02,20260825-end,243,0.9061728395061729,0.8148148148148148,0.1522633744855967,0.03292181069958848,6.349999999999994,198,37,8
margin>=0.07 OR best>=0.325 dur[3.0s->0.02],0.07,0.325,3.0,0.02,pooled,438,0.9036529680365297,0.8242009132420092,0.1324200913242009,0.04337899543378995,18.23999999999998,361,58,19
margin>=0.07 OR best>=0.325 dur[3.0s->0.04],0.07,0.325,3.0,0.04,20260818-end,195,0.9005128205128206,0.8358974358974359,0.1076923076923077,0.05641025641025641,11.889999999999986,163,21,11
margin>=0.07 OR best>=0.325 dur[3.0s->0.04],0.07,0.325,3.0,0.04,20260825-end,243,0.9061728395061729,0.8148148148148148,0.1522633744855967,0.03292181069958848,6.349999999999994,198,37,8
margin>=0.07 OR best>=0.325 dur[3.0s->0.04],0.07,0.325,3.0,0.04,pooled,438,0.9036529680365297,0.8242009132420092,0.1324200913242009,0.04337899543378995,18.23999999999998,361,58,19
margin>=0.07 OR best>=0.325 dur[3.0s->0.06],0.07,0.325,3.0,0.06,20260818-end,195,0.9005128205128206,0.8358974358974359,0.1076923076923077,0.05641025641025641,11.889999999999986,163,21,11
margin>=0.07 OR best>=0.325 dur[3.0s->0.06],0.07,0.325,3.0,0.06,20260825-end,243,0.9061728395061729,0.8148148148148148,0.1522633744855967,0.03292181069958848,6.349999999999994,198,37,8
margin>=0.07 OR best>=0.325 dur[3.0s->0.06],0.07,0.325,3.0,0.06,pooled,438,0.9036529680365297,0.8242009132420092,0.1324200913242009,0.04337899543378995,18.23999999999998,361,58,19
margin>=0.07 OR best>=0.35,0.07,0.35,,,20260818-end,195,0.9015384615384615,0.8307692307692308,0.11794871794871795,0.05128205128205128,11.149999999999991,162,23,10
margin>=0.07 OR best>=0.35,0.07,0.35,,,20260825-end,243,0.9069958847736626,0.8106995884773662,0.16049382716049382,0.02880658436213992,5.400000000000006,197,39,7
margin>=0.07 OR best>=0.35,0.07,0.35,,,pooled,438,0.9045662100456622,0.819634703196347,0.1415525114155251,0.03881278538812785,16.549999999999997,359,62,17
margin>=0.07 OR best>=0.35 dur[1.0s->0.0],0.07,0.35,1.0,0.0,20260818-end,195,0.9025641025641026,0.841025641025641,0.10256410256410256,0.05641025641025641,12.689999999999984,164,20,11
margin>=0.07 OR best>=0.35 dur[1.0s->0.0],0.07,0.35,1.0,0.0,20260825-end,243,0.908641975308642,0.8271604938271605,0.13580246913580246,0.037037037037037035,7.860000000000042,201,33,9
margin>=0.07 OR best>=0.35 dur[1.0s->0.0],0.07,0.35,1.0,0.0,pooled,438,0.9059360730593607,0.8333333333333334,0.12100456621004566,0.045662100456621,20.550000000000026,365,53,20
margin>=0.07 OR best>=0.35 dur[1.0s->0.02],0.07,0.35,1.0,0.02,20260818-end,195,0.9025641025641026,0.841025641025641,0.10256410256410256,0.05641025641025641,12.689999999999984,164,20,11
margin>=0.07 OR best>=0.35 dur[1.0s->0.02],0.07,0.35,1.0,0.02,20260825-end,243,0.9037037037037038,0.8148148148148148,0.14814814814814814,0.037037037037037035,7.860000000000042,198,36,9
margin>=0.07 OR best>=0.35 dur[1.0s->0.02],0.07,0.35,1.0,0.02,pooled,438,0.9031963470319635,0.8264840182648402,0.1278538812785388,0.045662100456621,20.550000000000026,362,56,20
margin>=0.07 OR best>=0.35 dur[1.0s->0.04],0.07,0.35,1.0,0.04,20260818-end,195,0.9005128205128206,0.8358974358974359,0.1076923076923077,0.05641025641025641,12.689999999999984,163,21,11
margin>=0.07 OR best>=0.35 dur[1.0s->0.04],0.07,0.35,1.0,0.04,20260825-end,243,0.908641975308642,0.8148148148148148,0.15637860082304528,0.02880658436213992,5.400000000000006,198,38,7
margin>=0.07 OR best>=0.35 dur[1.0s->0.04],0.07,0.35,1.0,0.04,pooled,438,0.9050228310502283,0.8242009132420092,0.13470319634703196,0.0410958904109589,18.08999999999999,361,59,18
margin>=0.07 OR best>=0.35 dur[1.0s->0.06],0.07,0.35,1.0,0.06,20260818-end,195,0.9015384615384615,0.8307692307692308,0.11794871794871795,0.05128205128205128,11.149999999999991,162,23,10
margin>=0.07 OR best>=0.35 dur[1.0s->0.06],0.07,0.35,1.0,0.06,20260825-end,243,0.9069958847736626,0.8106995884773662,0.16049382716049382,0.02880658436213992,5.400000000000006,197,39,7
margin>=0.07 OR best>=0.35 dur[1.0s->0.06],0.07,0.35,1.0,0.06,pooled,438,0.9045662100456622,0.819634703196347,0.1415525114155251,0.03881278538812785,16.549999999999997,359,62,17
margin>=0.07 OR best>=0.35 dur[1.5s->0.0],0.07,0.35,1.5,0.0,20260818-end,195,0.9005128205128206,0.8358974358974359,0.1076923076923077,0.05641025641025641,12.689999999999984,163,21,11
margin>=0.07 OR best>=0.35 dur[1.5s->0.0],0.07,0.35,1.5,0.0,20260825-end,243,0.908641975308642,0.8148148148148148,0.15637860082304528,0.02880658436213992,5.400000000000006,198,38,7
margin>=0.07 OR best>=0.35 dur[1.5s->0.0],0.07,0.35,1.5,0.0,pooled,438,0.9050228310502283,0.8242009132420092,0.13470319634703196,0.0410958904109589,18.08999999999999,361,59,18
margin>=0.07 OR best>=0.35 dur[1.5s->0.02],0.07,0.35,1.5,0.02,20260818-end,195,0.9005128205128206,0.8358974358974359,0.1076923076923077,0.05641025641025641,12.689999999999984,163,21,11
margin>=0.07 OR best>=0.35 dur[1.5s->0.02],0.07,0.35,1.5,0.02,20260825-end,243,0.9069958847736626,0.8106995884773662,0.16049382716049382,0.02880658436213992,5.400000000000006,197,39,7
margin>=0.07 OR best>=0.35 dur[1.5s->0.02],0.07,0.35,1.5,0.02,pooled,438,0.904109589041096,0.821917808219178,0.136986301369863,0.0410958904109589,18.08999999999999,360,60,18
margin>=0.07 OR best>=0.35 dur[1.5s->0.04],0.07,0.35,1.5,0.04,20260818-end,195,0.9005128205128206,0.8358974358974359,0.1076923076923077,0.05641025641025641,12.689999999999984,163,21,11
margin>=0.07 OR best>=0.35 dur[1.5s->0.04],0.07,0.35,1.5,0.04,20260825-end,243,0.9069958847736626,0.8106995884773662,0.16049382716049382,0.02880658436213992,5.400000000000006,197,39,7
margin>=0.07 OR best>=0.35 dur[1.5s->0.04],0.07,0.35,1.5,0.04,pooled,438,0.904109589041096,0.821917808219178,0.136986301369863,0.0410958904109589,18.08999999999999,360,60,18
margin>=0.07 OR best>=0.35 dur[1.5s->0.06],0.07,0.35,1.5,0.06,20260818-end,195,0.9015384615384615,0.8307692307692308,0.11794871794871795,0.05128205128205128,11.149999999999991,162,23,10
margin>=0.07 OR best>=0.35 dur[1.5s->0.06],0.07,0.35,1.5,0.06,20260825-end,243,0.9069958847736626,0.8106995884773662,0.16049382716049382,0.02880658436213992,5.400000000000006,197,39,7
margin>=0.07 OR best>=0.35 dur[1.5s->0.06],0.07,0.35,1.5,0.06,pooled,438,0.9045662100456622,0.819634703196347,0.1415525114155251,0.03881278538812785,16.549999999999997,359,62,17
margin>=0.07 OR best>=0.35 dur[2.0s->0.0],0.07,0.35,2.0,0.0,20260818-end,195,0.9035897435897435,0.8358974358974359,0.11282051282051282,0.05128205128205128,11.149999999999991,163,22,10
margin>=0.07 OR best>=0.35 dur[2.0s->0.0],0.07,0.35,2.0,0.0,20260825-end,243,0.908641975308642,0.8148148148148148,0.15637860082304528,0.02880658436213992,5.400000000000006,198,38,7
margin>=0.07 OR best>=0.35 dur[2.0s->0.0],0.07,0.35,2.0,0.0,pooled,438,0.906392694063927,0.8242009132420092,0.136986301369863,0.03881278538812785,16.549999999999997,361,60,17
margin>=0.07 OR best>=0.35 dur[2.0s->0.02],0.07,0.35,2.0,0.02,20260818-end,195,0.9035897435897435,0.8358974358974359,0.11282051282051282,0.05128205128205128,11.149999999999991,163,22,10
margin>=0.07 OR best>=0.35 dur[2.0s->0.02],0.07,0.35,2.0,0.02,20260825-end,243,0.9069958847736626,0.8106995884773662,0.16049382716049382,0.02880658436213992,5.400000000000006,197,39,7
margin>=0.07 OR best>=0.35 dur[2.0s->0.02],0.07,0.35,2.0,0.02,pooled,438,0.9054794520547945,0.821917808219178,0.13926940639269406,0.03881278538812785,16.549999999999997,360,61,17
margin>=0.07 OR best>=0.35 dur[2.0s->0.04],0.07,0.35,2.0,0.04,20260818-end,195,0.9035897435897435,0.8358974358974359,0.11282051282051282,0.05128205128205128,11.149999999999991,163,22,10
margin>=0.07 OR best>=0.35 dur[2.0s->0.04],0.07,0.35,2.0,0.04,20260825-end,243,0.9069958847736626,0.8106995884773662,0.16049382716049382,0.02880658436213992,5.400000000000006,197,39,7
margin>=0.07 OR best>=0.35 dur[2.0s->0.04],0.07,0.35,2.0,0.04,pooled,438,0.9054794520547945,0.821917808219178,0.13926940639269406,0.03881278538812785,16.549999999999997,360,61,17
margin>=0.07 OR best>=0.35 dur[2.0s->0.06],0.07,0.35,2.0,0.06,20260818-end,195,0.9015384615384615,0.8307692307692308,0.11794871794871795,0.05128205128205128,11.149999999999991,162,23,10
margin>=0.07 OR best>=0.35 dur[2.0s->0.06],0.07,0.35,2.0,0.06,20260825-end,243,0.9069958847736626,0.8106995884773662,0.16049382716049382,0.02880658436213992,5.400000000000006,197,39,7
margin>=0.07 OR best>=0.35 dur[2.0s->0.06],0.07,0.35,2.0,0.06,pooled,438,0.9045662100456622,0.819634703196347,0.1415525114155251,0.03881278538812785,16.549999999999997,359,62,17
margin>=0.07 OR best>=0.35 dur[2.5s->0.0],0.07,0.35,2.5,0.0,20260818-end,195,0.9035897435897435,0.8358974358974359,0.11282051282051282,0.05128205128205128,11.149999999999991,163,22,10
margin>=0.07 OR best>=0.35 dur[2.5s->0.0],0.07,0.35,2.5,0.0,20260825-end,243,0.908641975308642,0.8148148148148148,0.15637860082304528,0.02880658436213992,5.400000000000006,198,38,7
margin>=0.07 OR best>=0.35 dur[2.5s->0.0],0.07,0.35,2.5,0.0,pooled,438,0.906392694063927,0.8242009132420092,0.136986301369863,0.03881278538812785,16.549999999999997,361,60,17
margin>=0.07 OR best>=0.35 dur[2.5s->0.02],0.07,0.35,2.5,0.02,20260818-end,195,0.9035897435897435,0.8358974358974359,0.11282051282051282,0.05128205128205128,11.149999999999991,163,22,10
margin>=0.07 OR best>=0.35 dur[2.5s->0.02],0.07,0.35,2.5,0.02,20260825-end,243,0.9069958847736626,0.8106995884773662,0.16049382716049382,0.02880658436213992,5.400000000000006,197,39,7
margin>=0.07 OR best>=0.35 dur[2.5s->0.02],0.07,0.35,2.5,0.02,pooled,438,0.9054794520547945,0.821917808219178,0.13926940639269406,0.03881278538812785,16.549999999999997,360,61,17
margin>=0.07 OR best>=0.35 dur[2.5s->0.04],0.07,0.35,2.5,0.04,20260818-end,195,0.9035897435897435,0.8358974358974359,0.11282051282051282,0.05128205128205128,11.149999999999991,163,22,10
margin>=0.07 OR best>=0.35 dur[2.5s->0.04],0.07,0.35,2.5,0.04,20260825-end,243,0.9069958847736626,0.8106995884773662,0.16049382716049382,0.02880658436213992,5.400000000000006,197,39,7
margin>=0.07 OR best>=0.35 dur[2.5s->0.04],0.07,0.35,2.5,0.04,pooled,438,0.9054794520547945,0.821917808219178,0.13926940639269406,0.03881278538812785,16.549999999999997,360,61,17
margin>=0.07 OR best>=0.35 dur[2.5s->0.06],0.07,0.35,2.5,0.06,20260818-end,195,0.9015384615384615,0.8307692307692308,0.11794871794871795,0.05128205128205128,11.149999999999991,162,23,10
margin>=0.07 OR best>=0.35 dur[2.5s->0.06],0.07,0.35,2.5,0.06,20260825-end,243,0.9069958847736626,0.8106995884773662,0.16049382716049382,0.02880658436213992,5.400000000000006,197,39,7
margin>=0.07 OR best>=0.35 dur[2.5s->0.06],0.07,0.35,2.5,0.06,pooled,438,0.9045662100456622,0.819634703196347,0.1415525114155251,0.03881278538812785,16.549999999999997,359,62,17
margin>=0.07 OR best>=0.35 dur[3.0s->0.0],0.07,0.35,3.0,0.0,20260818-end,195,0.9035897435897435,0.8358974358974359,0.11282051282051282,0.05128205128205128,11.149999999999991,163,22,10
margin>=0.07 OR best>=0.35 dur[3.0s->0.0],0.07,0.35,3.0,0.0,20260825-end,243,0.908641975308642,0.8148148148148148,0.15637860082304528,0.02880658436213992,5.400000000000006,198,38,7
margin>=0.07 OR best>=0.35 dur[3.0s->0.0],0.07,0.35,3.0,0.0,pooled,438,0.906392694063927,0.8242009132420092,0.136986301369863,0.03881278538812785,16.549999999999997,361,60,17
margin>=0.07 OR best>=0.35 dur[3.0s->0.02],0.07,0.35,3.0,0.02,20260818-end,195,0.9035897435897435,0.8358974358974359,0.11282051282051282,0.05128205128205128,11.149999999999991,163,22,10
margin>=0.07 OR best>=0.35 dur[3.0s->0.02],0.07,0.35,3.0,0.02,20260825-end,243,0.9069958847736626,0.8106995884773662,0.16049382716049382,0.02880658436213992,5.400000000000006,197,39,7
margin>=0.07 OR best>=0.35 dur[3.0s->0.02],0.07,0.35,3.0,0.02,pooled,438,0.9054794520547945,0.821917808219178,0.13926940639269406,0.03881278538812785,16.549999999999997,360,61,17
margin>=0.07 OR best>=0.35 dur[3.0s->0.04],0.07,0.35,3.0,0.04,20260818-end,195,0.9035897435897435,0.8358974358974359,0.11282051282051282,0.05128205128205128,11.149999999999991,163,22,10
margin>=0.07 OR best>=0.35 dur[3.0s->0.04],0.07,0.35,3.0,0.04,20260825-end,243,0.9069958847736626,0.8106995884773662,0.16049382716049382,0.02880658436213992,5.400000000000006,197,39,7
margin>=0.07 OR best>=0.35 dur[3.0s->0.04],0.07,0.35,3.0,0.04,pooled,438,0.9054794520547945,0.821917808219178,0.13926940639269406,0.03881278538812785,16.549999999999997,360,61,17
margin>=0.07 OR best>=0.35 dur[3.0s->0.06],0.07,0.35,3.0,0.06,20260818-end,195,0.9015384615384615,0.8307692307692308,0.11794871794871795,0.05128205128205128,11.149999999999991,162,23,10
margin>=0.07 OR best>=0.35 dur[3.0s->0.06],0.07,0.35,3.0,0.06,20260825-end,243,0.9069958847736626,0.8106995884773662,0.16049382716049382,0.02880658436213992,5.400000000000006,197,39,7
margin>=0.07 OR best>=0.35 dur[3.0s->0.06],0.07,0.35,3.0,0.06,pooled,438,0.9045662100456622,0.819634703196347,0.1415525114155251,0.03881278538812785,16.549999999999997,359,62,17
margin>=0.07 OR best>=0.375,0.07,0.375,,,20260818-end,195,0.9025641025641026,0.8256410256410256,0.1282051282051282,0.046153846153846156,10.769999999999996,161,25,9
margin>=0.07 OR best>=0.375,0.07,0.375,,,20260825-end,243,0.9037037037037038,0.8024691358024691,0.16872427983539096,0.02880658436213992,5.400000000000006,195,41,7
margin>=0.07 OR best>=0.375,0.07,0.375,,,pooled,438,0.9031963470319635,0.8127853881278538,0.1506849315068493,0.0365296803652968,16.17,356,66,16
margin>=0.07 OR best>=0.375 dur[1.0s->0.0],0.07,0.375,1.0,0.0,20260818-end,195,0.9056410256410257,0.841025641025641,0.1076923076923077,0.05128205128205128,12.309999999999988,164,21,10
margin>=0.07 OR best>=0.375 dur[1.0s->0.0],0.07,0.375,1.0,0.0,20260825-end,243,0.908641975308642,0.8271604938271605,0.13580246913580246,0.037037037037037035,7.860000000000042,201,33,9
margin>=0.07 OR best>=0.375 dur[1.0s->0.0],0.07,0.375,1.0,0.0,pooled,438,0.9073059360730593,0.8333333333333334,0.1232876712328767,0.04337899543378995,20.17000000000003,365,54,19
margin>=0.07 OR best>=0.375 dur[1.0s->0.02],0.07,0.375,1.0,0.02,20260818-end,195,0.9056410256410257,0.841025641025641,0.1076923076923077,0.05128205128205128,12.309999999999988,164,21,10
margin>=0.07 OR best>=0.375 dur[1.0s->0.02],0.07,0.375,1.0,0.02,20260825-end,243,0.9004115226337449,0.8065843621399177,0.15637860082304528,0.037037037037037035,7.860000000000042,196,38,9
margin>=0.07 OR best>=0.375 dur[1.0s->0.02],0.07,0.375,1.0,0.02,pooled,438,0.9027397260273973,0.821917808219178,0.13470319634703196,0.04337899543378995,20.17000000000003,360,59,19
margin>=0.07 OR best>=0.375 dur[1.0s->0.04],0.07,0.375,1.0,0.04,20260818-end,195,0.9035897435897435,0.8358974358974359,0.11282051282051282,0.05128205128205128,12.309999999999988,163,22,10
margin>=0.07 OR best>=0.375 dur[1.0s->0.04],0.07,0.375,1.0,0.04,20260825-end,243,0.9053497942386832,0.8065843621399177,0.1646090534979424,0.02880658436213992,5.400000000000006,196,40,7
margin>=0.07 OR best>=0.375 dur[1.0s->0.04],0.07,0.375,1.0,0.04,pooled,438,0.9045662100456622,0.819634703196347,0.1415525114155251,0.03881278538812785,17.709999999999994,359,62,17
margin>=0.07 OR best>=0.375 dur[1.0s->0.06],0.07,0.375,1.0,0.06,20260818-end,195,0.9046153846153846,0.8307692307692308,0.12307692307692308,0.046153846153846156,10.769999999999996,162,24,9
margin>=0.07 OR best>=0.375 dur[1.0s->0.06],0.07,0.375,1.0,0.06,20260825-end,243,0.9037037037037038,0.8024691358024691,0.16872427983539096,0.02880658436213992,5.400000000000006,195,41,7
margin>=0.07 OR best>=0.375 dur[1.0s->0.06],0.07,0.375,1.0,0.06,pooled,438,0.904109589041096,0.815068493150685,0.14840182648401826,0.0365296803652968,16.17,357,65,16
margin>=0.07 OR best>=0.375 dur[1.5s->0.0],0.07,0.375,1.5,0.0,20260818-end,195,0.9015384615384615,0.8307692307692308,0.11794871794871795,0.05128205128205128,12.309999999999988,162,23,10
margin>=0.07 OR best>=0.375 dur[1.5s->0.0],0.07,0.375,1.5,0.0,20260825-end,243,0.908641975308642,0.8148148148148148,0.15637860082304528,0.02880658436213992,5.400000000000006,198,38,7
margin>=0.07 OR best>=0.375 dur[1.5s->0.0],0.07,0.375,1.5,0.0,pooled,438,0.9054794520547945,0.821917808219178,0.13926940639269406,0.03881278538812785,17.709999999999994,360,61,17
margin>=0.07 OR best>=0.375 dur[1.5s->0.02],0.07,0.375,1.5,0.02,20260818-end,195,0.9015384615384615,0.8307692307692308,0.11794871794871795,0.05128205128205128,12.309999999999988,162,23,10
margin>=0.07 OR best>=0.375 dur[1.5s->0.02],0.07,0.375,1.5,0.02,20260825-end,243,0.9037037037037038,0.8024691358024691,0.16872427983539096,0.02880658436213992,5.400000000000006,195,41,7
margin>=0.07 OR best>=0.375 dur[1.5s->0.02],0.07,0.375,1.5,0.02,pooled,438,0.9027397260273973,0.815068493150685,0.1461187214611872,0.03881278538812785,17.709999999999994,357,64,17
margin>=0.07 OR best>=0.375 dur[1.5s->0.04],0.07,0.375,1.5,0.04,20260818-end,195,0.9015384615384615,0.8307692307692308,0.11794871794871795,0.05128205128205128,12.309999999999988,162,23,10
margin>=0.07 OR best>=0.375 dur[1.5s->0.04],0.07,0.375,1.5,0.04,20260825-end,243,0.9037037037037038,0.8024691358024691,0.16872427983539096,0.02880658436213992,5.400000000000006,195,41,7
margin>=0.07 OR best>=0.375 dur[1.5s->0.04],0.07,0.375,1.5,0.04,pooled,438,0.9027397260273973,0.815068493150685,0.1461187214611872,0.03881278538812785,17.709999999999994,357,64,17
margin>=0.07 OR best>=0.375 dur[1.5s->0.06],0.07,0.375,1.5,0.06,20260818-end,195,0.9025641025641026,0.8256410256410256,0.1282051282051282,0.046153846153846156,10.769999999999996,161,25,9
margin>=0.07 OR best>=0.375 dur[1.5s->0.06],0.07,0.375,1.5,0.06,20260825-end,243,0.9037037037037038,0.8024691358024691,0.16872427983539096,0.02880658436213992,5.400000000000006,195,41,7
margin>=0.07 OR best>=0.375 dur[1.5s->0.06],0.07,0.375,1.5,0.06,pooled,438,0.9031963470319635,0.8127853881278538,0.1506849315068493,0.0365296803652968,16.17,356,66,16
margin>=0.07 OR best>=0.375 dur[2.0s->0.0],0.07,0.375,2.0,0.0,20260818-end,195,0.9046153846153846,0.8307692307692308,0.12307692307692308,0.046153846153846156,10.769999999999996,162,24,9
margin>=0.07 OR best>=0.375 dur[2.0s->0.0],0.07,0.375,2.0,0.0,20260825-end,243,0.9069958847736626,0.8106995884773662,0.16049382716049382,0.02880658436213992,5.400000000000006,197,39,7
margin>=0.07 OR best>=0.375 dur[2.0s->0.0],0.07,0.375,2.0,0.0,pooled,438,0.9059360730593607,0.819634703196347,0.14383561643835616,0.0365296803652968,16.17,359,63,16
margin>=0.07 OR best>=0.375 dur[2.0s->0.02],0.07,0.375,2.0,0.02,20260818-end,195,0.9046153846153846,0.8307692307692308,0.12307692307692308,0.046153846153846156,10.769999999999996,162,24,9
margin>=0.07 OR best>=0.375 dur[2.0s->0.02],0.07,0.375,2.0,0.02,20260825-end,243,0.9037037037037038,0.8024691358024691,0.16872427983539096,0.02880658436213992,5.400000000000006,195,41,7
margin>=0.07 OR best>=0.375 dur[2.0s->0.02],0.07,0.375,2.0,0.02,pooled,438,0.904109589041096,0.815068493150685,0.14840182648401826,0.0365296803652968,16.17,357,65,16
margin>=0.07 OR best>=0.375 dur[2.0s->0.04],0.07,0.375,2.0,0.04,20260818-end,195,0.9046153846153846,0.8307692307692308,0.12307692307692308,0.046153846153846156,10.769999999999996,162,24,9
margin>=0.07 OR best>=0.375 dur[2.0s->0.04],0.07,0.375,2.0,0.04,20260825-end,243,0.9037037037037038,0.8024691358024691,0.16872427983539096,0.02880658436213992,5.400000000000006,195,41,7
margin>=0.07 OR best>=0.375 dur[2.0s->0.04],0.07,0.375,2.0,0.04,pooled,438,0.904109589041096,0.815068493150685,0.14840182648401826,0.0365296803652968,16.17,357,65,16
margin>=0.07 OR best>=0.375 dur[2.0s->0.06],0.07,0.375,2.0,0.06,20260818-end,195,0.9025641025641026,0.8256410256410256,0.1282051282051282,0.046153846153846156,10.769999999999996,161,25,9
margin>=0.07 OR best>=0.375 dur[2.0s->0.06],0.07,0.375,2.0,0.06,20260825-end,243,0.9037037037037038,0.8024691358024691,0.16872427983539096,0.02880658436213992,5.400000000000006,195,41,7
margin>=0.07 OR best>=0.375 dur[2.0s->0.06],0.07,0.375,2.0,0.06,pooled,438,0.9031963470319635,0.8127853881278538,0.1506849315068493,0.0365296803652968,16.17,356,66,16
margin>=0.07 OR best>=0.375 dur[2.5s->0.0],0.07,0.375,2.5,0.0,20260818-end,195,0.9046153846153846,0.8307692307692308,0.12307692307692308,0.046153846153846156,10.769999999999996,162,24,9
margin>=0.07 OR best>=0.375 dur[2.5s->0.0],0.07,0.375,2.5,0.0,20260825-end,243,0.9069958847736626,0.8106995884773662,0.16049382716049382,0.02880658436213992,5.400000000000006,197,39,7
margin>=0.07 OR best>=0.375 dur[2.5s->0.0],0.07,0.375,2.5,0.0,pooled,438,0.9059360730593607,0.819634703196347,0.14383561643835616,0.0365296803652968,16.17,359,63,16
margin>=0.07 OR best>=0.375 dur[2.5s->0.02],0.07,0.375,2.5,0.02,20260818-end,195,0.9046153846153846,0.8307692307692308,0.12307692307692308,0.046153846153846156,10.769999999999996,162,24,9
margin>=0.07 OR best>=0.375 dur[2.5s->0.02],0.07,0.375,2.5,0.02,20260825-end,243,0.9037037037037038,0.8024691358024691,0.16872427983539096,0.02880658436213992,5.400000000000006,195,41,7
margin>=0.07 OR best>=0.375 dur[2.5s->0.02],0.07,0.375,2.5,0.02,pooled,438,0.904109589041096,0.815068493150685,0.14840182648401826,0.0365296803652968,16.17,357,65,16
margin>=0.07 OR best>=0.375 dur[2.5s->0.04],0.07,0.375,2.5,0.04,20260818-end,195,0.9046153846153846,0.8307692307692308,0.12307692307692308,0.046153846153846156,10.769999999999996,162,24,9
margin>=0.07 OR best>=0.375 dur[2.5s->0.04],0.07,0.375,2.5,0.04,20260825-end,243,0.9037037037037038,0.8024691358024691,0.16872427983539096,0.02880658436213992,5.400000000000006,195,41,7
margin>=0.07 OR best>=0.375 dur[2.5s->0.04],0.07,0.375,2.5,0.04,pooled,438,0.904109589041096,0.815068493150685,0.14840182648401826,0.0365296803652968,16.17,357,65,16
margin>=0.07 OR best>=0.375 dur[2.5s->0.06],0.07,0.375,2.5,0.06,20260818-end,195,0.9025641025641026,0.8256410256410256,0.1282051282051282,0.046153846153846156,10.769999999999996,161,25,9
margin>=0.07 OR best>=0.375 dur[2.5s->0.06],0.07,0.375,2.5,0.06,20260825-end,243,0.9037037037037038,0.8024691358024691,0.16872427983539096,0.02880658436213992,5.400000000000006,195,41,7
margin>=0.07 OR best>=0.375 dur[2.5s->0.06],0.07,0.375,2.5,0.06,pooled,438,0.9031963470319635,0.8127853881278538,0.1506849315068493,0.0365296803652968,16.17,356,66,16
margin>=0.07 OR best>=0.375 dur[3.0s->0.0],0.07,0.375,3.0,0.0,20260818-end,195,0.9046153846153846,0.8307692307692308,0.12307692307692308,0.046153846153846156,10.769999999999996,162,24,9
margin>=0.07 OR best>=0.375 dur[3.0s->0.0],0.07,0.375,3.0,0.0,20260825-end,243,0.9053497942386832,0.8065843621399177,0.1646090534979424,0.02880658436213992,5.400000000000006,196,40,7
margin>=0.07 OR best>=0.375 dur[3.0s->0.0],0.07,0.375,3.0,0.0,pooled,438,0.9050228310502283,0.817351598173516,0.1461187214611872,0.0365296803652968,16.17,358,64,16
margin>=0.07 OR best>=0.375 dur[3.0s->0.02],0.07,0.375,3.0,0.02,20260818-end,195,0.9046153846153846,0.8307692307692308,0.12307692307692308,0.046153846153846156,10.769999999999996,162,24,9
margin>=0.07 OR best>=0.375 dur[3.0s->0.02],0.07,0.375,3.0,0.02,20260825-end,243,0.9037037037037038,0.8024691358024691,0.16872427983539096,0.02880658436213992,5.400000000000006,195,41,7
margin>=0.07 OR best>=0.375 dur[3.0s->0.02],0.07,0.375,3.0,0.02,pooled,438,0.904109589041096,0.815068493150685,0.14840182648401826,0.0365296803652968,16.17,357,65,16
margin>=0.07 OR best>=0.375 dur[3.0s->0.04],0.07,0.375,3.0,0.04,20260818-end,195,0.9046153846153846,0.8307692307692308,0.12307692307692308,0.046153846153846156,10.769999999999996,162,24,9
margin>=0.07 OR best>=0.375 dur[3.0s->0.04],0.07,0.375,3.0,0.04,20260825-end,243,0.9037037037037038,0.8024691358024691,0.16872427983539096,0.02880658436213992,5.400000000000006,195,41,7
margin>=0.07 OR best>=0.375 dur[3.0s->0.04],0.07,0.375,3.0,0.04,pooled,438,0.904109589041096,0.815068493150685,0.14840182648401826,0.0365296803652968,16.17,357,65,16
margin>=0.07 OR best>=0.375 dur[3.0s->0.06],0.07,0.375,3.0,0.06,20260818-end,195,0.9025641025641026,0.8256410256410256,0.1282051282051282,0.046153846153846156,10.769999999999996,161,25,9
margin>=0.07 OR best>=0.375 dur[3.0s->0.06],0.07,0.375,3.0,0.06,20260825-end,243,0.9037037037037038,0.8024691358024691,0.16872427983539096,0.02880658436213992,5.400000000000006,195,41,7
margin>=0.07 OR best>=0.375 dur[3.0s->0.06],0.07,0.375,3.0,0.06,pooled,438,0.9031963470319635,0.8127853881278538,0.1506849315068493,0.0365296803652968,16.17,356,66,16
margin>=0.07 OR best>=0.4,0.07,0.4,,,20260818-end,195,0.9025641025641026,0.8256410256410256,0.1282051282051282,0.046153846153846156,10.769999999999996,161,25,9
margin>=0.07 OR best>=0.4,0.07,0.4,,,20260825-end,243,0.9020576131687243,0.7983539094650206,0.1728395061728395,0.02880658436213992,5.400000000000006,194,42,7
margin>=0.07 OR best>=0.4,0.07,0.4,,,pooled,438,0.902283105022831,0.8105022831050228,0.15296803652968036,0.0365296803652968,16.17,355,67,16
margin>=0.07 OR best>=0.4 dur[1.0s->0.0],0.07,0.4,1.0,0.0,20260818-end,195,0.9056410256410257,0.841025641025641,0.1076923076923077,0.05128205128205128,12.309999999999988,164,21,10
margin>=0.07 OR best>=0.4 dur[1.0s->0.0],0.07,0.4,1.0,0.0,20260825-end,243,0.908641975308642,0.8271604938271605,0.13580246913580246,0.037037037037037035,7.860000000000042,201,33,9
margin>=0.07 OR best>=0.4 dur[1.0s->0.0],0.07,0.4,1.0,0.0,pooled,438,0.9073059360730593,0.8333333333333334,0.1232876712328767,0.04337899543378995,20.17000000000003,365,54,19
margin>=0.07 OR best>=0.4 dur[1.0s->0.02],0.07,0.4,1.0,0.02,20260818-end,195,0.9056410256410257,0.841025641025641,0.1076923076923077,0.05128205128205128,12.309999999999988,164,21,10
margin>=0.07 OR best>=0.4 dur[1.0s->0.02],0.07,0.4,1.0,0.02,20260825-end,243,0.8987654320987655,0.8024691358024691,0.16049382716049382,0.037037037037037035,7.860000000000042,195,39,9
margin>=0.07 OR best>=0.4 dur[1.0s->0.02],0.07,0.4,1.0,0.02,pooled,438,0.9018264840182648,0.819634703196347,0.136986301369863,0.04337899543378995,20.17000000000003,359,60,19
margin>=0.07 OR best>=0.4 dur[1.0s->0.04],0.07,0.4,1.0,0.04,20260818-end,195,0.9035897435897435,0.8358974358974359,0.11282051282051282,0.05128205128205128,12.309999999999988,163,22,10
margin>=0.07 OR best>=0.4 dur[1.0s->0.04],0.07,0.4,1.0,0.04,20260825-end,243,0.9037037037037038,0.8024691358024691,0.16872427983539096,0.02880658436213992,5.400000000000006,195,41,7
margin>=0.07 OR best>=0.4 dur[1.0s->0.04],0.07,0.4,1.0,0.04,pooled,438,0.9036529680365297,0.817351598173516,0.14383561643835616,0.03881278538812785,17.709999999999994,358,63,17
margin>=0.07 OR best>=0.4 dur[1.0s->0.06],0.07,0.4,1.0,0.06,20260818-end,195,0.9046153846153846,0.8307692307692308,0.12307692307692308,0.046153846153846156,10.769999999999996,162,24,9
margin>=0.07 OR best>=0.4 dur[1.0s->0.06],0.07,0.4,1.0,0.06,20260825-end,243,0.9020576131687243,0.7983539094650206,0.1728395061728395,0.02880658436213992,5.400000000000006,194,42,7
margin>=0.07 OR best>=0.4 dur[1.0s->0.06],0.07,0.4,1.0,0.06,pooled,438,0.9031963470319635,0.8127853881278538,0.1506849315068493,0.0365296803652968,16.17,356,66,16
margin>=0.07 OR best>=0.4 dur[1.5s->0.0],0.07,0.4,1.5,0.0,20260818-end,195,0.9015384615384615,0.8307692307692308,0.11794871794871795,0.05128205128205128,12.309999999999988,162,23,10
margin>=0.07 OR best>=0.4 dur[1.5s->0.0],0.07,0.4,1.5,0.0,20260825-end,243,0.9069958847736626,0.8106995884773662,0.16049382716049382,0.02880658436213992,5.400000000000006,197,39,7
margin>=0.07 OR best>=0.4 dur[1.5s->0.0],0.07,0.4,1.5,0.0,pooled,438,0.9045662100456622,0.819634703196347,0.1415525114155251,0.03881278538812785,17.709999999999994,359,62,17
margin>=0.07 OR best>=0.4 dur[1.5s->0.02],0.07,0.4,1.5,0.02,20260818-end,195,0.9015384615384615,0.8307692307692308,0.11794871794871795,0.05128205128205128,12.309999999999988,162,23,10
margin>=0.07 OR best>=0.4 dur[1.5s->0.02],0.07,0.4,1.5,0.02,20260825-end,243,0.9020576131687243,0.7983539094650206,0.1728395061728395,0.02880658436213992,5.400000000000006,194,42,7
margin>=0.07 OR best>=0.4 dur[1.5s->0.02],0.07,0.4,1.5,0.02,pooled,438,0.9018264840182648,0.8127853881278538,0.14840182648401826,0.03881278538812785,17.709999999999994,356,65,17
margin>=0.07 OR best>=0.4 dur[1.5s->0.04],0.07,0.4,1.5,0.04,20260818-end,195,0.9015384615384615,0.8307692307692308,0.11794871794871795,0.05128205128205128,12.309999999999988,162,23,10
margin>=0.07 OR best>=0.4 dur[1.5s->0.04],0.07,0.4,1.5,0.04,20260825-end,243,0.9020576131687243,0.7983539094650206,0.1728395061728395,0.02880658436213992,5.400000000000006,194,42,7
margin>=0.07 OR best>=0.4 dur[1.5s->0.04],0.07,0.4,1.5,0.04,pooled,438,0.9018264840182648,0.8127853881278538,0.14840182648401826,0.03881278538812785,17.709999999999994,356,65,17
margin>=0.07 OR best>=0.4 dur[1.5s->0.06],0.07,0.4,1.5,0.06,20260818-end,195,0.9025641025641026,0.8256410256410256,0.1282051282051282,0.046153846153846156,10.769999999999996,161,25,9
margin>=0.07 OR best>=0.4 dur[1.5s->0.06],0.07,0.4,1.5,0.06,20260825-end,243,0.9020576131687243,0.7983539094650206,0.1728395061728395,0.02880658436213992,5.400000000000006,194,42,7
margin>=0.07 OR best>=0.4 dur[1.5s->0.06],0.07,0.4,1.5,0.06,pooled,438,0.902283105022831,0.8105022831050228,0.15296803652968036,0.0365296803652968,16.17,355,67,16
margin>=0.07 OR best>=0.4 dur[2.0s->0.0],0.07,0.4,2.0,0.0,20260818-end,195,0.9046153846153846,0.8307692307692308,0.12307692307692308,0.046153846153846156,10.769999999999996,162,24,9
margin>=0.07 OR best>=0.4 dur[2.0s->0.0],0.07,0.4,2.0,0.0,20260825-end,243,0.9053497942386832,0.8065843621399177,0.1646090534979424,0.02880658436213992,5.400000000000006,196,40,7
margin>=0.07 OR best>=0.4 dur[2.0s->0.0],0.07,0.4,2.0,0.0,pooled,438,0.9050228310502283,0.817351598173516,0.1461187214611872,0.0365296803652968,16.17,358,64,16
margin>=0.07 OR best>=0.4 dur[2.0s->0.02],0.07,0.4,2.0,0.02,20260818-end,195,0.9046153846153846,0.8307692307692308,0.12307692307692308,0.046153846153846156,10.769999999999996,162,24,9
margin>=0.07 OR best>=0.4 dur[2.0s->0.02],0.07,0.4,2.0,0.02,20260825-end,243,0.9020576131687243,0.7983539094650206,0.1728395061728395,0.02880658436213992,5.400000000000006,194,42,7
margin>=0.07 OR best>=0.4 dur[2.0s->0.02],0.07,0.4,2.0,0.02,pooled,438,0.9031963470319635,0.8127853881278538,0.1506849315068493,0.0365296803652968,16.17,356,66,16
margin>=0.07 OR best>=0.4 dur[2.0s->0.04],0.07,0.4,2.0,0.04,20260818-end,195,0.9046153846153846,0.8307692307692308,0.12307692307692308,0.046153846153846156,10.769999999999996,162,24,9
margin>=0.07 OR best>=0.4 dur[2.0s->0.04],0.07,0.4,2.0,0.04,20260825-end,243,0.9020576131687243,0.7983539094650206,0.1728395061728395,0.02880658436213992,5.400000000000006,194,42,7
margin>=0.07 OR best>=0.4 dur[2.0s->0.04],0.07,0.4,2.0,0.04,pooled,438,0.9031963470319635,0.8127853881278538,0.1506849315068493,0.0365296803652968,16.17,356,66,16
margin>=0.07 OR best>=0.4 dur[2.0s->0.06],0.07,0.4,2.0,0.06,20260818-end,195,0.9025641025641026,0.8256410256410256,0.1282051282051282,0.046153846153846156,10.769999999999996,161,25,9
margin>=0.07 OR best>=0.4 dur[2.0s->0.06],0.07,0.4,2.0,0.06,20260825-end,243,0.9020576131687243,0.7983539094650206,0.1728395061728395,0.02880658436213992,5.400000000000006,194,42,7
margin>=0.07 OR best>=0.4 dur[2.0s->0.06],0.07,0.4,2.0,0.06,pooled,438,0.902283105022831,0.8105022831050228,0.15296803652968036,0.0365296803652968,16.17,355,67,16
margin>=0.07 OR best>=0.4 dur[2.5s->0.0],0.07,0.4,2.5,0.0,20260818-end,195,0.9046153846153846,0.8307692307692308,0.12307692307692308,0.046153846153846156,10.769999999999996,162,24,9
margin>=0.07 OR best>=0.4 dur[2.5s->0.0],0.07,0.4,2.5,0.0,20260825-end,243,0.9053497942386832,0.8065843621399177,0.1646090534979424,0.02880658436213992,5.400000000000006,196,40,7
margin>=0.07 OR best>=0.4 dur[2.5s->0.0],0.07,0.4,2.5,0.0,pooled,438,0.9050228310502283,0.817351598173516,0.1461187214611872,0.0365296803652968,16.17,358,64,16
margin>=0.07 OR best>=0.4 dur[2.5s->0.02],0.07,0.4,2.5,0.02,20260818-end,195,0.9046153846153846,0.8307692307692308,0.12307692307692308,0.046153846153846156,10.769999999999996,162,24,9
margin>=0.07 OR best>=0.4 dur[2.5s->0.02],0.07,0.4,2.5,0.02,20260825-end,243,0.9020576131687243,0.7983539094650206,0.1728395061728395,0.02880658436213992,5.400000000000006,194,42,7
margin>=0.07 OR best>=0.4 dur[2.5s->0.02],0.07,0.4,2.5,0.02,pooled,438,0.9031963470319635,0.8127853881278538,0.1506849315068493,0.0365296803652968,16.17,356,66,16
margin>=0.07 OR best>=0.4 dur[2.5s->0.04],0.07,0.4,2.5,0.04,20260818-end,195,0.9046153846153846,0.8307692307692308,0.12307692307692308,0.046153846153846156,10.769999999999996,162,24,9
margin>=0.07 OR best>=0.4 dur[2.5s->0.04],0.07,0.4,2.5,0.04,20260825-end,243,0.9020576131687243,0.7983539094650206,0.1728395061728395,0.02880658436213992,5.400000000000006,194,42,7
margin>=0.07 OR best>=0.4 dur[2.5s->0.04],0.07,0.4,2.5,0.04,pooled,438,0.9031963470319635,0.8127853881278538,0.1506849315068493,0.0365296803652968,16.17,356,66,16
margin>=0.07 OR best>=0.4 dur[2.5s->0.06],0.07,0.4,2.5,0.06,20260818-end,195,0.9025641025641026,0.8256410256410256,0.1282051282051282,0.046153846153846156,10.769999999999996,161,25,9
margin>=0.07 OR best>=0.4 dur[2.5s->0.06],0.07,0.4,2.5,0.06,20260825-end,243,0.9020576131687243,0.7983539094650206,0.1728395061728395,0.02880658436213992,5.400000000000006,194,42,7
margin>=0.07 OR best>=0.4 dur[2.5s->0.06],0.07,0.4,2.5,0.06,pooled,438,0.902283105022831,0.8105022831050228,0.15296803652968036,0.0365296803652968,16.17,355,67,16
margin>=0.07 OR best>=0.4 dur[3.0s->0.0],0.07,0.4,3.0,0.0,20260818-end,195,0.9046153846153846,0.8307692307692308,0.12307692307692308,0.046153846153846156,10.769999999999996,162,24,9
margin>=0.07 OR best>=0.4 dur[3.0s->0.0],0.07,0.4,3.0,0.0,20260825-end,243,0.9037037037037038,0.8024691358024691,0.16872427983539096,0.02880658436213992,5.400000000000006,195,41,7
margin>=0.07 OR best>=0.4 dur[3.0s->0.0],0.07,0.4,3.0,0.0,pooled,438,0.904109589041096,0.815068493150685,0.14840182648401826,0.0365296803652968,16.17,357,65,16
margin>=0.07 OR best>=0.4 dur[3.0s->0.02],0.07,0.4,3.0,0.02,20260818-end,195,0.9046153846153846,0.8307692307692308,0.12307692307692308,0.046153846153846156,10.769999999999996,162,24,9
margin>=0.07 OR best>=0.4 dur[3.0s->0.02],0.07,0.4,3.0,0.02,20260825-end,243,0.9020576131687243,0.7983539094650206,0.1728395061728395,0.02880658436213992,5.400000000000006,194,42,7
margin>=0.07 OR best>=0.4 dur[3.0s->0.02],0.07,0.4,3.0,0.02,pooled,438,0.9031963470319635,0.8127853881278538,0.1506849315068493,0.0365296803652968,16.17,356,66,16
margin>=0.07 OR best>=0.4 dur[3.0s->0.04],0.07,0.4,3.0,0.04,20260818-end,195,0.9046153846153846,0.8307692307692308,0.12307692307692308,0.046153846153846156,10.769999999999996,162,24,9
margin>=0.07 OR best>=0.4 dur[3.0s->0.04],0.07,0.4,3.0,0.04,20260825-end,243,0.9020576131687243,0.7983539094650206,0.1728395061728395,0.02880658436213992,5.400000000000006,194,42,7
margin>=0.07 OR best>=0.4 dur[3.0s->0.04],0.07,0.4,3.0,0.04,pooled,438,0.9031963470319635,0.8127853881278538,0.1506849315068493,0.0365296803652968,16.17,356,66,16
margin>=0.07 OR best>=0.4 dur[3.0s->0.06],0.07,0.4,3.0,0.06,20260818-end,195,0.9025641025641026,0.8256410256410256,0.1282051282051282,0.046153846153846156,10.769999999999996,161,25,9
margin>=0.07 OR best>=0.4 dur[3.0s->0.06],0.07,0.4,3.0,0.06,20260825-end,243,0.9020576131687243,0.7983539094650206,0.1728395061728395,0.02880658436213992,5.400000000000006,194,42,7
margin>=0.07 OR best>=0.4 dur[3.0s->0.06],0.07,0.4,3.0,0.06,pooled,438,0.902283105022831,0.8105022831050228,0.15296803652968036,0.0365296803652968,16.17,355,67,16
margin>=0.07 OR best>=0.425,0.07,0.425,,,20260818-end,195,0.9056410256410257,0.8256410256410256,0.13333333333333333,0.041025641025641026,9.600000000000009,161,26,8
margin>=0.07 OR best>=0.425,0.07,0.425,,,20260825-end,243,0.9004115226337449,0.7942386831275721,0.17695473251028807,0.02880658436213992,5.400000000000006,193,43,7
margin>=0.07 OR best>=0.425,0.07,0.425,,,pooled,438,0.9027397260273973,0.8082191780821918,0.15753424657534246,0.03424657534246575,15.000000000000014,354,69,15
margin>=0.07 OR best>=0.425 dur[1.0s->0.0],0.07,0.425,1.0,0.0,20260818-end,195,0.9056410256410257,0.841025641025641,0.1076923076923077,0.05128205128205128,12.309999999999988,164,21,10
margin>=0.07 OR best>=0.425 dur[1.0s->0.0],0.07,0.425,1.0,0.0,20260825-end,243,0.908641975308642,0.8271604938271605,0.13580246913580246,0.037037037037037035,7.860000000000042,201,33,9
margin>=0.07 OR best>=0.425 dur[1.0s->0.0],0.07,0.425,1.0,0.0,pooled,438,0.9073059360730593,0.8333333333333334,0.1232876712328767,0.04337899543378995,20.17000000000003,365,54,19
margin>=0.07 OR best>=0.425 dur[1.0s->0.02],0.07,0.425,1.0,0.02,20260818-end,195,0.9056410256410257,0.841025641025641,0.1076923076923077,0.05128205128205128,12.309999999999988,164,21,10
margin>=0.07 OR best>=0.425 dur[1.0s->0.02],0.07,0.425,1.0,0.02,20260825-end,243,0.8987654320987655,0.8024691358024691,0.16049382716049382,0.037037037037037035,7.860000000000042,195,39,9
margin>=0.07 OR best>=0.425 dur[1.0s->0.02],0.07,0.425,1.0,0.02,pooled,438,0.9018264840182648,0.819634703196347,0.136986301369863,0.04337899543378995,20.17000000000003,359,60,19
margin>=0.07 OR best>=0.425 dur[1.0s->0.04],0.07,0.425,1.0,0.04,20260818-end,195,0.9066666666666666,0.8358974358974359,0.11794871794871795,0.046153846153846156,11.14,163,23,9
margin>=0.07 OR best>=0.425 dur[1.0s->0.04],0.07,0.425,1.0,0.04,20260825-end,243,0.9037037037037038,0.8024691358024691,0.16872427983539096,0.02880658436213992,5.400000000000006,195,41,7
margin>=0.07 OR best>=0.425 dur[1.0s->0.04],0.07,0.425,1.0,0.04,pooled,438,0.9050228310502283,0.817351598173516,0.1461187214611872,0.0365296803652968,16.540000000000006,358,64,16
margin>=0.07 OR best>=0.425 dur[1.0s->0.06],0.07,0.425,1.0,0.06,20260818-end,195,0.9076923076923077,0.8307692307692308,0.1282051282051282,0.041025641025641026,9.600000000000009,162,25,8
margin>=0.07 OR best>=0.425 dur[1.0s->0.06],0.07,0.425,1.0,0.06,20260825-end,243,0.9004115226337449,0.7942386831275721,0.17695473251028807,0.02880658436213992,5.400000000000006,193,43,7
margin>=0.07 OR best>=0.425 dur[1.0s->0.06],0.07,0.425,1.0,0.06,pooled,438,0.9036529680365297,0.8105022831050228,0.1552511415525114,0.03424657534246575,15.000000000000014,355,68,15
margin>=0.07 OR best>=0.425 dur[1.5s->0.0],0.07,0.425,1.5,0.0,20260818-end,195,0.9046153846153846,0.8307692307692308,0.12307692307692308,0.046153846153846156,11.14,162,24,9
margin>=0.07 OR best>=0.425 dur[1.5s->0.0],0.07,0.425,1.5,0.0,20260825-end,243,0.9053497942386832,0.8065843621399177,0.1646090534979424,0.02880658436213992,5.400000000000006,196,40,7
margin>=0.07 OR best>=0.425 dur[1.5s->0.0],0.07,0.425,1.5,0.0,pooled,438,0.9050228310502283,0.817351598173516,0.1461187214611872,0.0365296803652968,16.540000000000006,358,64,16
margin>=0.07 OR best>=0.425 dur[1.5s->0.02],0.07,0.425,1.5,0.02,20260818-end,195,0.9046153846153846,0.8307692307692308,0.12307692307692308,0.046153846153846156,11.14,162,24,9
margin>=0.07 OR best>=0.425 dur[1.5s->0.02],0.07,0.425,1.5,0.02,20260825-end,243,0.9004115226337449,0.7942386831275721,0.17695473251028807,0.02880658436213992,5.400000000000006,193,43,7
margin>=0.07 OR best>=0.425 dur[1.5s->0.02],0.07,0.425,1.5,0.02,pooled,438,0.902283105022831,0.8105022831050228,0.15296803652968036,0.0365296803652968,16.540000000000006,355,67,16
margin>=0.07 OR best>=0.425 dur[1.5s->0.04],0.07,0.425,1.5,0.04,20260818-end,195,0.9046153846153846,0.8307692307692308,0.12307692307692308,0.046153846153846156,11.14,162,24,9
margin>=0.07 OR best>=0.425 dur[1.5s->0.04],0.07,0.425,1.5,0.04,20260825-end,243,0.9004115226337449,0.7942386831275721,0.17695473251028807,0.02880658436213992,5.400000000000006,193,43,7
margin>=0.07 OR best>=0.425 dur[1.5s->0.04],0.07,0.425,1.5,0.04,pooled,438,0.902283105022831,0.8105022831050228,0.15296803652968036,0.0365296803652968,16.540000000000006,355,67,16
margin>=0.07 OR best>=0.425 dur[1.5s->0.06],0.07,0.425,1.5,0.06,20260818-end,195,0.9056410256410257,0.8256410256410256,0.13333333333333333,0.041025641025641026,9.600000000000009,161,26,8
margin>=0.07 OR best>=0.425 dur[1.5s->0.06],0.07,0.425,1.5,0.06,20260825-end,243,0.9004115226337449,0.7942386831275721,0.17695473251028807,0.02880658436213992,5.400000000000006,193,43,7
margin>=0.07 OR best>=0.425 dur[1.5s->0.06],0.07,0.425,1.5,0.06,pooled,438,0.9027397260273973,0.8082191780821918,0.15753424657534246,0.03424657534246575,15.000000000000014,354,69,15
margin>=0.07 OR best>=0.425 dur[2.0s->0.0],0.07,0.425,2.0,0.0,20260818-end,195,0.9076923076923077,0.8307692307692308,0.1282051282051282,0.041025641025641026,9.600000000000009,162,25,8
margin>=0.07 OR best>=0.425 dur[2.0s->0.0],0.07,0.425,2.0,0.0,20260825-end,243,0.9037037037037038,0.8024691358024691,0.16872427983539096,0.02880658436213992,5.400000000000006,195,41,7
margin>=0.07 OR best>=0.425 dur[2.0s->0.0],0.07,0.425,2.0,0.0,pooled,438,0.9054794520547945,0.815068493150685,0.1506849315068493,0.03424657534246575,15.000000000000014,357,66,15
margin>=0.07 OR best>=0.425 dur[2.0s->0.02],0.07,0.425,2.0,0.02,20260818-end,195,0.9076923076923077,0.8307692307692308,0.1282051282051282,0.041025641025641026,9.600000000000009,162,25,8
margin>=0.07 OR best>=0.425 dur[2.0s->0.02],0.07,0.425,2.0,0.02,20260825-end,243,0.9004115226337449,0.7942386831275721,0.17695473251028807,0.02880658436213992,5.400000000000006,193,43,7
margin>=0.07 OR best>=0.425 dur[2.0s->0.02],0.07,0.425,2.0,0.02,pooled,438,0.9036529680365297,0.8105022831050228,0.1552511415525114,0.03424657534246575,15.000000000000014,355,68,15
margin>=0.07 OR best>=0.425 dur[2.0s->0.04],0.07,0.425,2.0,0.04,20260818-end,195,0.9076923076923077,0.8307692307692308,0.1282051282051282,0.041025641025641026,9.600000000000009,162,25,8
margin>=0.07 OR best>=0.425 dur[2.0s->0.04],0.07,0.425,2.0,0.04,20260825-end,243,0.9004115226337449,0.7942386831275721,0.17695473251028807,0.02880658436213992,5.400000000000006,193,43,7
margin>=0.07 OR best>=0.425 dur[2.0s->0.04],0.07,0.425,2.0,0.04,pooled,438,0.9036529680365297,0.8105022831050228,0.1552511415525114,0.03424657534246575,15.000000000000014,355,68,15
margin>=0.07 OR best>=0.425 dur[2.0s->0.06],0.07,0.425,2.0,0.06,20260818-end,195,0.9056410256410257,0.8256410256410256,0.13333333333333333,0.041025641025641026,9.600000000000009,161,26,8
margin>=0.07 OR best>=0.425 dur[2.0s->0.06],0.07,0.425,2.0,0.06,20260825-end,243,0.9004115226337449,0.7942386831275721,0.17695473251028807,0.02880658436213992,5.400000000000006,193,43,7
margin>=0.07 OR best>=0.425 dur[2.0s->0.06],0.07,0.425,2.0,0.06,pooled,438,0.9027397260273973,0.8082191780821918,0.15753424657534246,0.03424657534246575,15.000000000000014,354,69,15
margin>=0.07 OR best>=0.425 dur[2.5s->0.0],0.07,0.425,2.5,0.0,20260818-end,195,0.9076923076923077,0.8307692307692308,0.1282051282051282,0.041025641025641026,9.600000000000009,162,25,8
margin>=0.07 OR best>=0.425 dur[2.5s->0.0],0.07,0.425,2.5,0.0,20260825-end,243,0.9037037037037038,0.8024691358024691,0.16872427983539096,0.02880658436213992,5.400000000000006,195,41,7
margin>=0.07 OR best>=0.425 dur[2.5s->0.0],0.07,0.425,2.5,0.0,pooled,438,0.9054794520547945,0.815068493150685,0.1506849315068493,0.03424657534246575,15.000000000000014,357,66,15
margin>=0.07 OR best>=0.425 dur[2.5s->0.02],0.07,0.425,2.5,0.02,20260818-end,195,0.9076923076923077,0.8307692307692308,0.1282051282051282,0.041025641025641026,9.600000000000009,162,25,8
margin>=0.07 OR best>=0.425 dur[2.5s->0.02],0.07,0.425,2.5,0.02,20260825-end,243,0.9004115226337449,0.7942386831275721,0.17695473251028807,0.02880658436213992,5.400000000000006,193,43,7
margin>=0.07 OR best>=0.425 dur[2.5s->0.02],0.07,0.425,2.5,0.02,pooled,438,0.9036529680365297,0.8105022831050228,0.1552511415525114,0.03424657534246575,15.000000000000014,355,68,15
margin>=0.07 OR best>=0.425 dur[2.5s->0.04],0.07,0.425,2.5,0.04,20260818-end,195,0.9076923076923077,0.8307692307692308,0.1282051282051282,0.041025641025641026,9.600000000000009,162,25,8
margin>=0.07 OR best>=0.425 dur[2.5s->0.04],0.07,0.425,2.5,0.04,20260825-end,243,0.9004115226337449,0.7942386831275721,0.17695473251028807,0.02880658436213992,5.400000000000006,193,43,7
margin>=0.07 OR best>=0.425 dur[2.5s->0.04],0.07,0.425,2.5,0.04,pooled,438,0.9036529680365297,0.8105022831050228,0.1552511415525114,0.03424657534246575,15.000000000000014,355,68,15
margin>=0.07 OR best>=0.425 dur[2.5s->0.06],0.07,0.425,2.5,0.06,20260818-end,195,0.9056410256410257,0.8256410256410256,0.13333333333333333,0.041025641025641026,9.600000000000009,161,26,8
margin>=0.07 OR best>=0.425 dur[2.5s->0.06],0.07,0.425,2.5,0.06,20260825-end,243,0.9004115226337449,0.7942386831275721,0.17695473251028807,0.02880658436213992,5.400000000000006,193,43,7
margin>=0.07 OR best>=0.425 dur[2.5s->0.06],0.07,0.425,2.5,0.06,pooled,438,0.9027397260273973,0.8082191780821918,0.15753424657534246,0.03424657534246575,15.000000000000014,354,69,15
margin>=0.07 OR best>=0.425 dur[3.0s->0.0],0.07,0.425,3.0,0.0,20260818-end,195,0.9076923076923077,0.8307692307692308,0.1282051282051282,0.041025641025641026,9.600000000000009,162,25,8
margin>=0.07 OR best>=0.425 dur[3.0s->0.0],0.07,0.425,3.0,0.0,20260825-end,243,0.9020576131687243,0.7983539094650206,0.1728395061728395,0.02880658436213992,5.400000000000006,194,42,7
margin>=0.07 OR best>=0.425 dur[3.0s->0.0],0.07,0.425,3.0,0.0,pooled,438,0.9045662100456622,0.8127853881278538,0.15296803652968036,0.03424657534246575,15.000000000000014,356,67,15
margin>=0.07 OR best>=0.425 dur[3.0s->0.02],0.07,0.425,3.0,0.02,20260818-end,195,0.9076923076923077,0.8307692307692308,0.1282051282051282,0.041025641025641026,9.600000000000009,162,25,8
margin>=0.07 OR best>=0.425 dur[3.0s->0.02],0.07,0.425,3.0,0.02,20260825-end,243,0.9004115226337449,0.7942386831275721,0.17695473251028807,0.02880658436213992,5.400000000000006,193,43,7
margin>=0.07 OR best>=0.425 dur[3.0s->0.02],0.07,0.425,3.0,0.02,pooled,438,0.9036529680365297,0.8105022831050228,0.1552511415525114,0.03424657534246575,15.000000000000014,355,68,15
margin>=0.07 OR best>=0.425 dur[3.0s->0.04],0.07,0.425,3.0,0.04,20260818-end,195,0.9076923076923077,0.8307692307692308,0.1282051282051282,0.041025641025641026,9.600000000000009,162,25,8
margin>=0.07 OR best>=0.425 dur[3.0s->0.04],0.07,0.425,3.0,0.04,20260825-end,243,0.9004115226337449,0.7942386831275721,0.17695473251028807,0.02880658436213992,5.400000000000006,193,43,7
margin>=0.07 OR best>=0.425 dur[3.0s->0.04],0.07,0.425,3.0,0.04,pooled,438,0.9036529680365297,0.8105022831050228,0.1552511415525114,0.03424657534246575,15.000000000000014,355,68,15
margin>=0.07 OR best>=0.425 dur[3.0s->0.06],0.07,0.425,3.0,0.06,20260818-end,195,0.9056410256410257,0.8256410256410256,0.13333333333333333,0.041025641025641026,9.600000000000009,161,26,8
margin>=0.07 OR best>=0.425 dur[3.0s->0.06],0.07,0.425,3.0,0.06,20260825-end,243,0.9004115226337449,0.7942386831275721,0.17695473251028807,0.02880658436213992,5.400000000000006,193,43,7
margin>=0.07 OR best>=0.425 dur[3.0s->0.06],0.07,0.425,3.0,0.06,pooled,438,0.9027397260273973,0.8082191780821918,0.15753424657534246,0.03424657534246575,15.000000000000014,354,69,15
margin>=0.07 OR best>=0.45,0.07,0.45,,,20260818-end,195,0.9056410256410257,0.8256410256410256,0.13333333333333333,0.041025641025641026,9.600000000000009,161,26,8
margin>=0.07 OR best>=0.45,0.07,0.45,,,20260825-end,243,0.9004115226337449,0.7942386831275721,0.17695473251028807,0.02880658436213992,5.400000000000006,193,43,7
margin>=0.07 OR best>=0.45,0.07,0.45,,,pooled,438,0.9027397260273973,0.8082191780821918,0.15753424657534246,0.03424657534246575,15.000000000000014,354,69,15
margin>=0.07 OR best>=0.45 dur[1.0s->0.0],0.07,0.45,1.0,0.0,20260818-end,195,0.9056410256410257,0.841025641025641,0.1076923076923077,0.05128205128205128,12.309999999999988,164,21,10
margin>=0.07 OR best>=0.45 dur[1.0s->0.0],0.07,0.45,1.0,0.0,20260825-end,243,0.908641975308642,0.8271604938271605,0.13580246913580246,0.037037037037037035,7.860000000000042,201,33,9
margin>=0.07 OR best>=0.45 dur[1.0s->0.0],0.07,0.45,1.0,0.0,pooled,438,0.9073059360730593,0.8333333333333334,0.1232876712328767,0.04337899543378995,20.17000000000003,365,54,19
margin>=0.07 OR best>=0.45 dur[1.0s->0.02],0.07,0.45,1.0,0.02,20260818-end,195,0.9056410256410257,0.841025641025641,0.1076923076923077,0.05128205128205128,12.309999999999988,164,21,10
margin>=0.07 OR best>=0.45 dur[1.0s->0.02],0.07,0.45,1.0,0.02,20260825-end,243,0.8987654320987655,0.8024691358024691,0.16049382716049382,0.037037037037037035,7.860000000000042,195,39,9
margin>=0.07 OR best>=0.45 dur[1.0s->0.02],0.07,0.45,1.0,0.02,pooled,438,0.9018264840182648,0.819634703196347,0.136986301369863,0.04337899543378995,20.17000000000003,359,60,19
margin>=0.07 OR best>=0.45 dur[1.0s->0.04],0.07,0.45,1.0,0.04,20260818-end,195,0.9066666666666666,0.8358974358974359,0.11794871794871795,0.046153846153846156,11.14,163,23,9
margin>=0.07 OR best>=0.45 dur[1.0s->0.04],0.07,0.45,1.0,0.04,20260825-end,243,0.9037037037037038,0.8024691358024691,0.16872427983539096,0.02880658436213992,5.400000000000006,195,41,7
margin>=0.07 OR best>=0.45 dur[1.0s->0.04],0.07,0.45,1.0,0.04,pooled,438,0.9050228310502283,0.817351598173516,0.1461187214611872,0.0365296803652968,16.540000000000006,358,64,16
margin>=0.07 OR best>=0.45 dur[1.0s->0.06],0.07,0.45,1.0,0.06,20260818-end,195,0.9076923076923077,0.8307692307692308,0.1282051282051282,0.041025641025641026,9.600000000000009,162,25,8
margin>=0.07 OR best>=0.45 dur[1.0s->0.06],0.07,0.45,1.0,0.06,20260825-end,243,0.9004115226337449,0.7942386831275721,0.17695473251028807,0.02880658436213992,5.400000000000006,193,43,7
margin>=0.07 OR best>=0.45 dur[1.0s->0.06],0.07,0.45,1.0,0.06,pooled,438,0.9036529680365297,0.8105022831050228,0.1552511415525114,0.03424657534246575,15.000000000000014,355,68,15
margin>=0.07 OR best>=0.45 dur[1.5s->0.0],0.07,0.45,1.5,0.0,20260818-end,195,0.9046153846153846,0.8307692307692308,0.12307692307692308,0.046153846153846156,11.14,162,24,9
margin>=0.07 OR best>=0.45 dur[1.5s->0.0],0.07,0.45,1.5,0.0,20260825-end,243,0.9053497942386832,0.8065843621399177,0.1646090534979424,0.02880658436213992,5.400000000000006,196,40,7
margin>=0.07 OR best>=0.45 dur[1.5s->0.0],0.07,0.45,1.5,0.0,pooled,438,0.9050228310502283,0.817351598173516,0.1461187214611872,0.0365296803652968,16.540000000000006,358,64,16
margin>=0.07 OR best>=0.45 dur[1.5s->0.02],0.07,0.45,1.5,0.02,20260818-end,195,0.9046153846153846,0.8307692307692308,0.12307692307692308,0.046153846153846156,11.14,162,24,9
margin>=0.07 OR best>=0.45 dur[1.5s->0.02],0.07,0.45,1.5,0.02,20260825-end,243,0.9004115226337449,0.7942386831275721,0.17695473251028807,0.02880658436213992,5.400000000000006,193,43,7
margin>=0.07 OR best>=0.45 dur[1.5s->0.02],0.07,0.45,1.5,0.02,pooled,438,0.902283105022831,0.8105022831050228,0.15296803652968036,0.0365296803652968,16.540000000000006,355,67,16
margin>=0.07 OR best>=0.45 dur[1.5s->0.04],0.07,0.45,1.5,0.04,20260818-end,195,0.9046153846153846,0.8307692307692308,0.12307692307692308,0.046153846153846156,11.14,162,24,9
margin>=0.07 OR best>=0.45 dur[1.5s->0.04],0.07,0.45,1.5,0.04,20260825-end,243,0.9004115226337449,0.7942386831275721,0.17695473251028807,0.02880658436213992,5.400000000000006,193,43,7
margin>=0.07 OR best>=0.45 dur[1.5s->0.04],0.07,0.45,1.5,0.04,pooled,438,0.902283105022831,0.8105022831050228,0.15296803652968036,0.0365296803652968,16.540000000000006,355,67,16
margin>=0.07 OR best>=0.45 dur[1.5s->0.06],0.07,0.45,1.5,0.06,20260818-end,195,0.9056410256410257,0.8256410256410256,0.13333333333333333,0.041025641025641026,9.600000000000009,161,26,8
margin>=0.07 OR best>=0.45 dur[1.5s->0.06],0.07,0.45,1.5,0.06,20260825-end,243,0.9004115226337449,0.7942386831275721,0.17695473251028807,0.02880658436213992,5.400000000000006,193,43,7
margin>=0.07 OR best>=0.45 dur[1.5s->0.06],0.07,0.45,1.5,0.06,pooled,438,0.9027397260273973,0.8082191780821918,0.15753424657534246,0.03424657534246575,15.000000000000014,354,69,15
margin>=0.07 OR best>=0.45 dur[2.0s->0.0],0.07,0.45,2.0,0.0,20260818-end,195,0.9076923076923077,0.8307692307692308,0.1282051282051282,0.041025641025641026,9.600000000000009,162,25,8
margin>=0.07 OR best>=0.45 dur[2.0s->0.0],0.07,0.45,2.0,0.0,20260825-end,243,0.9037037037037038,0.8024691358024691,0.16872427983539096,0.02880658436213992,5.400000000000006,195,41,7
margin>=0.07 OR best>=0.45 dur[2.0s->0.0],0.07,0.45,2.0,0.0,pooled,438,0.9054794520547945,0.815068493150685,0.1506849315068493,0.03424657534246575,15.000000000000014,357,66,15
margin>=0.07 OR best>=0.45 dur[2.0s->0.02],0.07,0.45,2.0,0.02,20260818-end,195,0.9076923076923077,0.8307692307692308,0.1282051282051282,0.041025641025641026,9.600000000000009,162,25,8
margin>=0.07 OR best>=0.45 dur[2.0s->0.02],0.07,0.45,2.0,0.02,20260825-end,243,0.9004115226337449,0.7942386831275721,0.17695473251028807,0.02880658436213992,5.400000000000006,193,43,7
margin>=0.07 OR best>=0.45 dur[2.0s->0.02],0.07,0.45,2.0,0.02,pooled,438,0.9036529680365297,0.8105022831050228,0.1552511415525114,0.03424657534246575,15.000000000000014,355,68,15
margin>=0.07 OR best>=0.45 dur[2.0s->0.04],0.07,0.45,2.0,0.04,20260818-end,195,0.9076923076923077,0.8307692307692308,0.1282051282051282,0.041025641025641026,9.600000000000009,162,25,8
margin>=0.07 OR best>=0.45 dur[2.0s->0.04],0.07,0.45,2.0,0.04,20260825-end,243,0.9004115226337449,0.7942386831275721,0.17695473251028807,0.02880658436213992,5.400000000000006,193,43,7
margin>=0.07 OR best>=0.45 dur[2.0s->0.04],0.07,0.45,2.0,0.04,pooled,438,0.9036529680365297,0.8105022831050228,0.1552511415525114,0.03424657534246575,15.000000000000014,355,68,15
margin>=0.07 OR best>=0.45 dur[2.0s->0.06],0.07,0.45,2.0,0.06,20260818-end,195,0.9056410256410257,0.8256410256410256,0.13333333333333333,0.041025641025641026,9.600000000000009,161,26,8
margin>=0.07 OR best>=0.45 dur[2.0s->0.06],0.07,0.45,2.0,0.06,20260825-end,243,0.9004115226337449,0.7942386831275721,0.17695473251028807,0.02880658436213992,5.400000000000006,193,43,7
margin>=0.07 OR best>=0.45 dur[2.0s->0.06],0.07,0.45,2.0,0.06,pooled,438,0.9027397260273973,0.8082191780821918,0.15753424657534246,0.03424657534246575,15.000000000000014,354,69,15
margin>=0.07 OR best>=0.45 dur[2.5s->0.0],0.07,0.45,2.5,0.0,20260818-end,195,0.9076923076923077,0.8307692307692308,0.1282051282051282,0.041025641025641026,9.600000000000009,162,25,8
margin>=0.07 OR best>=0.45 dur[2.5s->0.0],0.07,0.45,2.5,0.0,20260825-end,243,0.9037037037037038,0.8024691358024691,0.16872427983539096,0.02880658436213992,5.400000000000006,195,41,7
margin>=0.07 OR best>=0.45 dur[2.5s->0.0],0.07,0.45,2.5,0.0,pooled,438,0.9054794520547945,0.815068493150685,0.1506849315068493,0.03424657534246575,15.000000000000014,357,66,15
margin>=0.07 OR best>=0.45 dur[2.5s->0.02],0.07,0.45,2.5,0.02,20260818-end,195,0.9076923076923077,0.8307692307692308,0.1282051282051282,0.041025641025641026,9.600000000000009,162,25,8
margin>=0.07 OR best>=0.45 dur[2.5s->0.02],0.07,0.45,2.5,0.02,20260825-end,243,0.9004115226337449,0.7942386831275721,0.17695473251028807,0.02880658436213992,5.400000000000006,193,43,7
margin>=0.07 OR best>=0.45 dur[2.5s->0.02],0.07,0.45,2.5,0.02,pooled,438,0.9036529680365297,0.8105022831050228,0.1552511415525114,0.03424657534246575,15.000000000000014,355,68,15
margin>=0.07 OR best>=0.45 dur[2.5s->0.04],0.07,0.45,2.5,0.04,20260818-end,195,0.9076923076923077,0.8307692307692308,0.1282051282051282,0.041025641025641026,9.600000000000009,162,25,8
margin>=0.07 OR best>=0.45 dur[2.5s->0.04],0.07,0.45,2.5,0.04,20260825-end,243,0.9004115226337449,0.7942386831275721,0.17695473251028807,0.02880658436213992,5.400000000000006,193,43,7
margin>=0.07 OR best>=0.45 dur[2.5s->0.04],0.07,0.45,2.5,0.04,pooled,438,0.9036529680365297,0.8105022831050228,0.1552511415525114,0.03424657534246575,15.000000000000014,355,68,15
margin>=0.07 OR best>=0.45 dur[2.5s->0.06],0.07,0.45,2.5,0.06,20260818-end,195,0.9056410256410257,0.8256410256410256,0.13333333333333333,0.041025641025641026,9.600000000000009,161,26,8
margin>=0.07 OR best>=0.45 dur[2.5s->0.06],0.07,0.45,2.5,0.06,20260825-end,243,0.9004115226337449,0.7942386831275721,0.17695473251028807,0.02880658436213992,5.400000000000006,193,43,7
margin>=0.07 OR best>=0.45 dur[2.5s->0.06],0.07,0.45,2.5,0.06,pooled,438,0.9027397260273973,0.8082191780821918,0.15753424657534246,0.03424657534246575,15.000000000000014,354,69,15
margin>=0.07 OR best>=0.45 dur[3.0s->0.0],0.07,0.45,3.0,0.0,20260818-end,195,0.9076923076923077,0.8307692307692308,0.1282051282051282,0.041025641025641026,9.600000000000009,162,25,8
margin>=0.07 OR best>=0.45 dur[3.0s->0.0],0.07,0.45,3.0,0.0,20260825-end,243,0.9020576131687243,0.7983539094650206,0.1728395061728395,0.02880658436213992,5.400000000000006,194,42,7
margin>=0.07 OR best>=0.45 dur[3.0s->0.0],0.07,0.45,3.0,0.0,pooled,438,0.9045662100456622,0.8127853881278538,0.15296803652968036,0.03424657534246575,15.000000000000014,356,67,15
margin>=0.07 OR best>=0.45 dur[3.0s->0.02],0.07,0.45,3.0,0.02,20260818-end,195,0.9076923076923077,0.8307692307692308,0.1282051282051282,0.041025641025641026,9.600000000000009,162,25,8
margin>=0.07 OR best>=0.45 dur[3.0s->0.02],0.07,0.45,3.0,0.02,20260825-end,243,0.9004115226337449,0.7942386831275721,0.17695473251028807,0.02880658436213992,5.400000000000006,193,43,7
margin>=0.07 OR best>=0.45 dur[3.0s->0.02],0.07,0.45,3.0,0.02,pooled,438,0.9036529680365297,0.8105022831050228,0.1552511415525114,0.03424657534246575,15.000000000000014,355,68,15
margin>=0.07 OR best>=0.45 dur[3.0s->0.04],0.07,0.45,3.0,0.04,20260818-end,195,0.9076923076923077,0.8307692307692308,0.1282051282051282,0.041025641025641026,9.600000000000009,162,25,8
margin>=0.07 OR best>=0.45 dur[3.0s->0.04],0.07,0.45,3.0,0.04,20260825-end,243,0.9004115226337449,0.7942386831275721,0.17695473251028807,0.02880658436213992,5.400000000000006,193,43,7
margin>=0.07 OR best>=0.45 dur[3.0s->0.04],0.07,0.45,3.0,0.04,pooled,438,0.9036529680365297,0.8105022831050228,0.1552511415525114,0.03424657534246575,15.000000000000014,355,68,15
margin>=0.07 OR best>=0.45 dur[3.0s->0.06],0.07,0.45,3.0,0.06,20260818-end,195,0.9056410256410257,0.8256410256410256,0.13333333333333333,0.041025641025641026,9.600000000000009,161,26,8
margin>=0.07 OR best>=0.45 dur[3.0s->0.06],0.07,0.45,3.0,0.06,20260825-end,243,0.9004115226337449,0.7942386831275721,0.17695473251028807,0.02880658436213992,5.400000000000006,193,43,7
margin>=0.07 OR best>=0.45 dur[3.0s->0.06],0.07,0.45,3.0,0.06,pooled,438,0.9027397260273973,0.8082191780821918,0.15753424657534246,0.03424657534246575,15.000000000000014,354,69,15
margin>=0.08,0.08,,,,20260818-end,195,0.9128205128205128,0.8205128205128205,0.15384615384615385,0.02564102564102564,4.30000000000004,160,30,5
margin>=0.08,0.08,,,,20260825-end,243,0.8971193415637861,0.7736625514403292,0.205761316872428,0.0205761316872428,4.660000000000053,188,50,5
margin>=0.08,0.08,,,,pooled,438,0.904109589041096,0.7945205479452054,0.182648401826484,0.0228310502283105,8.960000000000093,348,80,10
margin>=0.08 dur[1.0s->0.0],0.08,,1.0,0.0,20260818-end,195,0.9087179487179486,0.841025641025641,0.11282051282051282,0.046153846153846156,11.89,164,22,9
margin>=0.08 dur[1.0s->0.0],0.08,,1.0,0.0,20260825-end,243,0.9102880658436214,0.8189300411522634,0.1522633744855967,0.02880658436213992,7.12000000000009,199,37,7
margin>=0.08 dur[1.0s->0.0],0.08,,1.0,0.0,pooled,438,0.9095890410958904,0.8287671232876712,0.13470319634703196,0.0365296803652968,19.01000000000009,363,59,16
margin>=0.08 dur[1.0s->0.02],0.08,,1.0,0.02,20260818-end,195,0.9087179487179486,0.841025641025641,0.11282051282051282,0.046153846153846156,11.89,164,22,9
margin>=0.08 dur[1.0s->0.02],0.08,,1.0,0.02,20260825-end,243,0.8987654320987655,0.7901234567901234,0.18106995884773663,0.02880658436213992,7.12000000000009,192,44,7
margin>=0.08 dur[1.0s->0.02],0.08,,1.0,0.02,pooled,438,0.9031963470319635,0.8127853881278538,0.1506849315068493,0.0365296803652968,19.01000000000009,356,66,16
margin>=0.08 dur[1.0s->0.04],0.08,,1.0,0.04,20260818-end,195,0.9128205128205128,0.8358974358974359,0.1282051282051282,0.035897435897435895,6.94000000000004,163,25,7
margin>=0.08 dur[1.0s->0.04],0.08,,1.0,0.04,20260825-end,243,0.9037037037037038,0.7901234567901234,0.18930041152263374,0.0205761316872428,4.660000000000053,192,46,5
margin>=0.08 dur[1.0s->0.04],0.08,,1.0,0.04,pooled,438,0.9077625570776257,0.8105022831050228,0.16210045662100456,0.0273972602739726,11.600000000000094,355,71,12
margin>=0.08 dur[1.0s->0.06],0.08,,1.0,0.06,20260818-end,195,0.9117948717948718,0.8256410256410256,0.14358974358974358,0.03076923076923077,5.400000000000048,161,28,6
margin>=0.08 dur[1.0s->0.06],0.08,,1.0,0.06,20260825-end,243,0.8987654320987655,0.7777777777777778,0.20164609053497942,0.0205761316872428,4.660000000000053,189,49,5
margin>=0.08 dur[1.0s->0.06],0.08,,1.0,0.06,pooled,438,0.9045662100456622,0.7990867579908676,0.17579908675799086,0.02511415525114155,10.060000000000102,350,77,11
margin>=0.08 dur[1.5s->0.0],0.08,,1.5,0.0,20260818-end,195,0.9107692307692308,0.8307692307692308,0.13333333333333333,0.035897435897435895,9.620000000000005,162,26,7
margin>=0.08 dur[1.5s->0.0],0.08,,1.5,0.0,20260825-end,243,0.9053497942386832,0.7942386831275721,0.18518518518518517,0.0205761316872428,4.660000000000053,193,45,5
margin>=0.08 dur[1.5s->0.0],0.08,,1.5,0.0,pooled,438,0.9077625570776255,0.8105022831050228,0.16210045662100456,0.0273972602739726,14.280000000000058,355,71,12
margin>=0.08 dur[1.5s->0.02],0.08,,1.5,0.02,20260818-end,195,0.9107692307692308,0.8307692307692308,0.13333333333333333,0.035897435897435895,9.620000000000005,162,26,7
margin>=0.08 dur[1.5s->0.02],0.08,,1.5,0.02,20260825-end,243,0.8987654320987655,0.7777777777777778,0.20164609053497942,0.0205761316872428,4.660000000000053,189,49,5
margin>=0.08 dur[1.5s->0.02],0.08,,1.5,0.02,pooled,438,0.904109589041096,0.8013698630136986,0.17123287671232876,0.0273972602739726,14.280000000000058,351,75,12
margin>=0.08 dur[1.5s->0.04],0.08,,1.5,0.04,20260818-end,195,0.9138461538461539,0.8307692307692308,0.13846153846153847,0.03076923076923077,5.840000000000032,162,27,6
margin>=0.08 dur[1.5s->0.04],0.08,,1.5,0.04,20260825-end,243,0.8987654320987655,0.7777777777777778,0.20164609053497942,0.0205761316872428,4.660000000000053,189,49,5
margin>=0.08 dur[1.5s->0.04],0.08,,1.5,0.04,pooled,438,0.9054794520547946,0.8013698630136986,0.1735159817351598,0.02511415525114155,10.500000000000085,351,76,11
margin>=0.08 dur[1.5s->0.06],0.08,,1.5,0.06,20260818-end,195,0.9128205128205128,0.8205128205128205,0.15384615384615385,0.02564102564102564,4.30000000000004,160,30,5
margin>=0.08 dur[1.5s->0.06],0.08,,1.5,0.06,20260825-end,243,0.8971193415637861,0.7736625514403292,0.205761316872428,0.0205761316872428,4.660000000000053,188,50,5
margin>=0.08 dur[1.5s->0.06],0.08,,1.5,0.06,pooled,438,0.904109589041096,0.7945205479452054,0.182648401826484,0.0228310502283105,8.960000000000093,348,80,10
margin>=0.08 dur[2.0s->0.0],0.08,,2.0,0.0,20260818-end,195,0.9117948717948718,0.8256410256410256,0.14358974358974358,0.03076923076923077,8.080000000000013,161,28,6
margin>=0.08 dur[2.0s->0.0],0.08,,2.0,0.0,20260825-end,243,0.9020576131687243,0.7860082304526749,0.1934156378600823,0.0205761316872428,4.660000000000053,191,47,5
margin>=0.08 dur[2.0s->0.0],0.08,,2.0,0.0,pooled,438,0.906392694063927,0.8036529680365296,0.17123287671232876,0.02511415525114155,12.740000000000066,352,75,11
margin>=0.08 dur[2.0s->0.02],0.08,,2.0,0.02,20260818-end,195,0.9117948717948718,0.8256410256410256,0.14358974358974358,0.03076923076923077,8.080000000000013,161,28,6
margin>=0.08 dur[2.0s->0.02],0.08,,2.0,0.02,20260825-end,243,0.8971193415637861,0.7736625514403292,0.205761316872428,0.0205761316872428,4.660000000000053,188,50,5
margin>=0.08 dur[2.0s->0.02],0.08,,2.0,0.02,pooled,438,0.9036529680365297,0.7968036529680366,0.1780821917808219,0.02511415525114155,12.740000000000066,349,78,11
margin>=0.08 dur[2.0s->0.04],0.08,,2.0,0.04,20260818-end,195,0.9148717948717948,0.8256410256410256,0.14871794871794872,0.02564102564102564,4.30000000000004,161,29,5
margin>=0.08 dur[2.0s->0.04],0.08,,2.0,0.04,20260825-end,243,0.8971193415637861,0.7736625514403292,0.205761316872428,0.0205761316872428,4.660000000000053,188,50,5
margin>=0.08 dur[2.0s->0.04],0.08,,2.0,0.04,pooled,438,0.9050228310502284,0.7968036529680366,0.18036529680365296,0.0228310502283105,8.960000000000093,349,79,10
margin>=0.08 dur[2.0s->0.06],0.08,,2.0,0.06,20260818-end,195,0.9128205128205128,0.8205128205128205,0.15384615384615385,0.02564102564102564,4.30000000000004,160,30,5
margin>=0.08 dur[2.0s->0.06],0.08,,2.0,0.06,20260825-end,243,0.8971193415637861,0.7736625514403292,0.205761316872428,0.0205761316872428,4.660000000000053,188,50,5
margin>=0.08 dur[2.0s->0.06],0.08,,2.0,0.06,pooled,438,0.904109589041096,0.7945205479452054,0.182648401826484,0.0228310502283105,8.960000000000093,348,80,10
margin>=0.08 dur[2.5s->0.0],0.08,,2.5,0.0,20260818-end,195,0.9117948717948718,0.8256410256410256,0.14358974358974358,0.03076923076923077,8.080000000000013,161,28,6
margin>=0.08 dur[2.5s->0.0],0.08,,2.5,0.0,20260825-end,243,0.9020576131687243,0.7860082304526749,0.1934156378600823,0.0205761316872428,4.660000000000053,191,47,5
margin>=0.08 dur[2.5s->0.0],0.08,,2.5,0.0,pooled,438,0.906392694063927,0.8036529680365296,0.17123287671232876,0.02511415525114155,12.740000000000066,352,75,11
margin>=0.08 dur[2.5s->0.02],0.08,,2.5,0.02,20260818-end,195,0.9117948717948718,0.8256410256410256,0.14358974358974358,0.03076923076923077,8.080000000000013,161,28,6
margin>=0.08 dur[2.5s->0.02],0.08,,2.5,0.02,20260825-end,243,0.8971193415637861,0.7736625514403292,0.205761316872428,0.0205761316872428,4.660000000000053,188,50,5
margin>=0.08 dur[2.5s->0.02],0.08,,2.5,0.02,pooled,438,0.9036529680365297,0.7968036529680366,0.1780821917808219,0.02511415525114155,12.740000000000066,349,78,11
margin>=0.08 dur[2.5s->0.04],0.08,,2.5,0.04,20260818-end,195,0.9148717948717948,0.8256410256410256,0.14871794871794872,0.02564102564102564,4.30000000000004,161,29,5
margin>=0.08 dur[2.5s->0.04],0.08,,2.5,0.04,20260825-end,243,0.8971193415637861,0.7736625514403292,0.205761316872428,0.0205761316872428,4.660000000000053,188,50,5
margin>=0.08 dur[2.5s->0.04],0.08,,2.5,0.04,pooled,438,0.9050228310502284,0.7968036529680366,0.18036529680365296,0.0228310502283105,8.960000000000093,349,79,10
margin>=0.08 dur[2.5s->0.06],0.08,,2.5,0.06,20260818-end,195,0.9128205128205128,0.8205128205128205,0.15384615384615385,0.02564102564102564,4.30000000000004,160,30,5
margin>=0.08 dur[2.5s->0.06],0.08,,2.5,0.06,20260825-end,243,0.8971193415637861,0.7736625514403292,0.205761316872428,0.0205761316872428,4.660000000000053,188,50,5
margin>=0.08 dur[2.5s->0.06],0.08,,2.5,0.06,pooled,438,0.904109589041096,0.7945205479452054,0.182648401826484,0.0228310502283105,8.960000000000093,348,80,10
margin>=0.08 dur[3.0s->0.0],0.08,,3.0,0.0,20260818-end,195,0.9117948717948718,0.8256410256410256,0.14358974358974358,0.03076923076923077,8.080000000000013,161,28,6
margin>=0.08 dur[3.0s->0.0],0.08,,3.0,0.0,20260825-end,243,0.9004115226337449,0.7818930041152263,0.19753086419753085,0.0205761316872428,4.660000000000053,190,48,5
margin>=0.08 dur[3.0s->0.0],0.08,,3.0,0.0,pooled,438,0.9054794520547946,0.8013698630136986,0.1735159817351598,0.02511415525114155,12.740000000000066,351,76,11
margin>=0.08 dur[3.0s->0.02],0.08,,3.0,0.02,20260818-end,195,0.9117948717948718,0.8256410256410256,0.14358974358974358,0.03076923076923077,8.080000000000013,161,28,6
margin>=0.08 dur[3.0s->0.02],0.08,,3.0,0.02,20260825-end,243,0.8971193415637861,0.7736625514403292,0.205761316872428,0.0205761316872428,4.660000000000053,188,50,5
margin>=0.08 dur[3.0s->0.02],0.08,,3.0,0.02,pooled,438,0.9036529680365297,0.7968036529680366,0.1780821917808219,0.02511415525114155,12.740000000000066,349,78,11
margin>=0.08 dur[3.0s->0.04],0.08,,3.0,0.04,20260818-end,195,0.9148717948717948,0.8256410256410256,0.14871794871794872,0.02564102564102564,4.30000000000004,161,29,5
margin>=0.08 dur[3.0s->0.04],0.08,,3.0,0.04,20260825-end,243,0.8971193415637861,0.7736625514403292,0.205761316872428,0.0205761316872428,4.660000000000053,188,50,5
margin>=0.08 dur[3.0s->0.04],0.08,,3.0,0.04,pooled,438,0.9050228310502284,0.7968036529680366,0.18036529680365296,0.0228310502283105,8.960000000000093,349,79,10
margin>=0.08 dur[3.0s->0.06],0.08,,3.0,0.06,20260818-end,195,0.9128205128205128,0.8205128205128205,0.15384615384615385,0.02564102564102564,4.30000000000004,160,30,5
margin>=0.08 dur[3.0s->0.06],0.08,,3.0,0.06,20260825-end,243,0.8971193415637861,0.7736625514403292,0.205761316872428,0.0205761316872428,4.660000000000053,188,50,5
margin>=0.08 dur[3.0s->0.06],0.08,,3.0,0.06,pooled,438,0.904109589041096,0.7945205479452054,0.182648401826484,0.0228310502283105,8.960000000000093,348,80,10
margin>=0.08 OR best>=0.3,0.08,0.3,,,20260818-end,195,0.9056410256410257,0.841025641025641,0.1076923076923077,0.05128205128205128,11.469999999999999,164,21,10
margin>=0.08 OR best>=0.3,0.08,0.3,,,20260825-end,243,0.908641975308642,0.8148148148148148,0.15637860082304528,0.02880658436213992,7.010000000000133,198,38,7
margin>=0.08 OR best>=0.3,0.08,0.3,,,pooled,438,0.9073059360730594,0.8264840182648402,0.13470319634703196,0.03881278538812785,18.480000000000132,362,59,17
margin>=0.08 OR best>=0.3 dur[1.0s->0.0],0.08,0.3,1.0,0.0,20260818-end,195,0.9046153846153846,0.8461538461538461,0.09743589743589744,0.05641025641025641,13.009999999999991,165,19,11
margin>=0.08 OR best>=0.3 dur[1.0s->0.0],0.08,0.3,1.0,0.0,20260825-end,243,0.9094650205761318,0.823045267489712,0.1440329218106996,0.03292181069958848,8.070000000000078,200,35,8
margin>=0.08 OR best>=0.3 dur[1.0s->0.0],0.08,0.3,1.0,0.0,pooled,438,0.9073059360730593,0.8333333333333334,0.1232876712328767,0.04337899543378995,21.08000000000007,365,54,19
margin>=0.08 OR best>=0.3 dur[1.0s->0.02],0.08,0.3,1.0,0.02,20260818-end,195,0.9046153846153846,0.8461538461538461,0.09743589743589744,0.05641025641025641,13.009999999999991,165,19,11
margin>=0.08 OR best>=0.3 dur[1.0s->0.02],0.08,0.3,1.0,0.02,20260825-end,243,0.9061728395061729,0.8148148148148148,0.1522633744855967,0.03292181069958848,8.070000000000078,198,37,8
margin>=0.08 OR best>=0.3 dur[1.0s->0.02],0.08,0.3,1.0,0.02,pooled,438,0.9054794520547945,0.8287671232876712,0.1278538812785388,0.04337899543378995,21.08000000000007,363,56,19
margin>=0.08 OR best>=0.3 dur[1.0s->0.04],0.08,0.3,1.0,0.04,20260818-end,195,0.9025641025641026,0.841025641025641,0.10256410256410256,0.05641025641025641,13.009999999999991,164,20,11
margin>=0.08 OR best>=0.3 dur[1.0s->0.04],0.08,0.3,1.0,0.04,20260825-end,243,0.908641975308642,0.8148148148148148,0.15637860082304528,0.02880658436213992,7.010000000000133,198,38,7
margin>=0.08 OR best>=0.3 dur[1.0s->0.04],0.08,0.3,1.0,0.04,pooled,438,0.9059360730593607,0.8264840182648402,0.1324200913242009,0.0410958904109589,20.020000000000124,362,58,18
margin>=0.08 OR best>=0.3 dur[1.0s->0.06],0.08,0.3,1.0,0.06,20260818-end,195,0.9056410256410257,0.841025641025641,0.1076923076923077,0.05128205128205128,11.469999999999999,164,21,10
margin>=0.08 OR best>=0.3 dur[1.0s->0.06],0.08,0.3,1.0,0.06,20260825-end,243,0.908641975308642,0.8148148148148148,0.15637860082304528,0.02880658436213992,7.010000000000133,198,38,7
margin>=0.08 OR best>=0.3 dur[1.0s->0.06],0.08,0.3,1.0,0.06,pooled,438,0.9073059360730594,0.8264840182648402,0.13470319634703196,0.03881278538812785,18.480000000000132,362,59,17
margin>=0.08 OR best>=0.3 dur[1.5s->0.0],0.08,0.3,1.5,0.0,20260818-end,195,0.9025641025641026,0.841025641025641,0.10256410256410256,0.05641025641025641,13.009999999999991,164,20,11
margin>=0.08 OR best>=0.3 dur[1.5s->0.0],0.08,0.3,1.5,0.0,20260825-end,243,0.9102880658436214,0.8189300411522634,0.1522633744855967,0.02880658436213992,7.010000000000133,199,37,7
margin>=0.08 OR best>=0.3 dur[1.5s->0.0],0.08,0.3,1.5,0.0,pooled,438,0.9068493150684932,0.8287671232876712,0.13013698630136986,0.0410958904109589,20.020000000000124,363,57,18
margin>=0.08 OR best>=0.3 dur[1.5s->0.02],0.08,0.3,1.5,0.02,20260818-end,195,0.9025641025641026,0.841025641025641,0.10256410256410256,0.05641025641025641,13.009999999999991,164,20,11
margin>=0.08 OR best>=0.3 dur[1.5s->0.02],0.08,0.3,1.5,0.02,20260825-end,243,0.908641975308642,0.8148148148148148,0.15637860082304528,0.02880658436213992,7.010000000000133,198,38,7
margin>=0.08 OR best>=0.3 dur[1.5s->0.02],0.08,0.3,1.5,0.02,pooled,438,0.9059360730593607,0.8264840182648402,0.1324200913242009,0.0410958904109589,20.020000000000124,362,58,18
margin>=0.08 OR best>=0.3 dur[1.5s->0.04],0.08,0.3,1.5,0.04,20260818-end,195,0.9025641025641026,0.841025641025641,0.10256410256410256,0.05641025641025641,13.009999999999991,164,20,11
margin>=0.08 OR best>=0.3 dur[1.5s->0.04],0.08,0.3,1.5,0.04,20260825-end,243,0.908641975308642,0.8148148148148148,0.15637860082304528,0.02880658436213992,7.010000000000133,198,38,7
margin>=0.08 OR best>=0.3 dur[1.5s->0.04],0.08,0.3,1.5,0.04,pooled,438,0.9059360730593607,0.8264840182648402,0.1324200913242009,0.0410958904109589,20.020000000000124,362,58,18
margin>=0.08 OR best>=0.3 dur[1.5s->0.06],0.08,0.3,1.5,0.06,20260818-end,195,0.9056410256410257,0.841025641025641,0.1076923076923077,0.05128205128205128,11.469999999999999,164,21,10
margin>=0.08 OR best>=0.3 dur[1.5s->0.06],0.08,0.3,1.5,0.06,20260825-end,243,0.908641975308642,0.8148148148148148,0.15637860082304528,0.02880658436213992,7.010000000000133,198,38,7
margin>=0.08 OR best>=0.3 dur[1.5s->0.06],0.08,0.3,1.5,0.06,pooled,438,0.9073059360730594,0.8264840182648402,0.13470319634703196,0.03881278538812785,18.480000000000132,362,59,17
margin>=0.08 OR best>=0.3 dur[2.0s->0.0],0.08,0.3,2.0,0.0,20260818-end,195,0.9056410256410257,0.841025641025641,0.1076923076923077,0.05128205128205128,11.469999999999999,164,21,10
margin>=0.08 OR best>=0.3 dur[2.0s->0.0],0.08,0.3,2.0,0.0,20260825-end,243,0.9102880658436214,0.8189300411522634,0.1522633744855967,0.02880658436213992,7.010000000000133,199,37,7
margin>=0.08 OR best>=0.3 dur[2.0s->0.0],0.08,0.3,2.0,0.0,pooled,438,0.9082191780821918,0.8287671232876712,0.1324200913242009,0.03881278538812785,18.480000000000132,363,58,17
margin>=0.08 OR best>=0.3 dur[2.0s->0.02],0.08,0.3,2.0,0.02,20260818-end,195,0.9056410256410257,0.841025641025641,0.1076923076923077,0.05128205128205128,11.469999999999999,164,21,10
margin>=0.08 OR best>=0.3 dur[2.0s->0.02],0.08,0.3,2.0,0.02,20260825-end,243,0.908641975308642,0.8148148148148148,0.15637860082304528,0.02880658436213992,7.010000000000133,198,38,7
margin>=0.08 OR best>=0.3 dur[2.0s->0.02],0.08,0.3,2.0,0.02,pooled,438,0.9073059360730594,0.8264840182648402,0.13470319634703196,0.03881278538812785,18.480000000000132,362,59,17
margin>=0.08 OR best>=0.3 dur[2.0s->0.04],0.08,0.3,2.0,0.04,20260818-end,195,0.9056410256410257,0.841025641025641,0.1076923076923077,0.05128205128205128,11.469999999999999,164,21,10
margin>=0.08 OR best>=0.3 dur[2.0s->0.04],0.08,0.3,2.0,0.04,20260825-end,243,0.908641975308642,0.8148148148148148,0.15637860082304528,0.02880658436213992,7.010000000000133,198,38,7
margin>=0.08 OR best>=0.3 dur[2.0s->0.04],0.08,0.3,2.0,0.04,pooled,438,0.9073059360730594,0.8264840182648402,0.13470319634703196,0.03881278538812785,18.480000000000132,362,59,17
margin>=0.08 OR best>=0.3 dur[2.0s->0.06],0.08,0.3,2.0,0.06,20260818-end,195,0.9056410256410257,0.841025641025641,0.1076923076923077,0.05128205128205128,11.469999999999999,164,21,10
margin>=0.08 OR best>=0.3 dur[2.0s->0.06],0.08,0.3,2.0,0.06,20260825-end,243,0.908641975308642,0.8148148148148148,0.15637860082304528,0.02880658436213992,7.010000000000133,198,38,7
margin>=0.08 OR best>=0.3 dur[2.0s->0.06],0.08,0.3,2.0,0.06,pooled,438,0.9073059360730594,0.8264840182648402,0.13470319634703196,0.03881278538812785,18.480000000000132,362,59,17
margin>=0.08 OR best>=0.3 dur[2.5s->0.0],0.08,0.3,2.5,0.0,20260818-end,195,0.9056410256410257,0.841025641025641,0.1076923076923077,0.05128205128205128,11.469999999999999,164,21,10
margin>=0.08 OR best>=0.3 dur[2.5s->0.0],0.08,0.3,2.5,0.0,20260825-end,243,0.9102880658436214,0.8189300411522634,0.1522633744855967,0.02880658436213992,7.010000000000133,199,37,7
margin>=0.08 OR best>=0.3 dur[2.5s->0.0],0.08,0.3,2.5,0.0,pooled,438,0.9082191780821918,0.8287671232876712,0.1324200913242009,0.03881278538812785,18.480000000000132,363,58,17
margin>=0.08 OR best>=0.3 dur[2.5s->0.02],0.08,0.3,2.5,0.02,20260818-end,195,0.9056410256410257,0.841025641025641,0.1076923076923077,0.05128205128205128,11.469999999999999,164,21,10
margin>=0.08 OR best>=0.3 dur[2.5s->0.02],0.08,0.3,2.5,0.02,20260825-end,243,0.908641975308642,0.8148148148148148,0.15637860082304528,0.02880658436213992,7.010000000000133,198,38,7
margin>=0.08 OR best>=0.3 dur[2.5s->0.02],0.08,0.3,2.5,0.02,pooled,438,0.9073059360730594,0.8264840182648402,0.13470319634703196,0.03881278538812785,18.480000000000132,362,59,17
margin>=0.08 OR best>=0.3 dur[2.5s->0.04],0.08,0.3,2.5,0.04,20260818-end,195,0.9056410256410257,0.841025641025641,0.1076923076923077,0.05128205128205128,11.469999999999999,164,21,10
margin>=0.08 OR best>=0.3 dur[2.5s->0.04],0.08,0.3,2.5,0.04,20260825-end,243,0.908641975308642,0.8148148148148148,0.15637860082304528,0.02880658436213992,7.010000000000133,198,38,7
margin>=0.08 OR best>=0.3 dur[2.5s->0.04],0.08,0.3,2.5,0.04,pooled,438,0.9073059360730594,0.8264840182648402,0.13470319634703196,0.03881278538812785,18.480000000000132,362,59,17
margin>=0.08 OR best>=0.3 dur[2.5s->0.06],0.08,0.3,2.5,0.06,20260818-end,195,0.9056410256410257,0.841025641025641,0.1076923076923077,0.05128205128205128,11.469999999999999,164,21,10
margin>=0.08 OR best>=0.3 dur[2.5s->0.06],0.08,0.3,2.5,0.06,20260825-end,243,0.908641975308642,0.8148148148148148,0.15637860082304528,0.02880658436213992,7.010000000000133,198,38,7
margin>=0.08 OR best>=0.3 dur[2.5s->0.06],0.08,0.3,2.5,0.06,pooled,438,0.9073059360730594,0.8264840182648402,0.13470319634703196,0.03881278538812785,18.480000000000132,362,59,17
margin>=0.08 OR best>=0.3 dur[3.0s->0.0],0.08,0.3,3.0,0.0,20260818-end,195,0.9056410256410257,0.841025641025641,0.1076923076923077,0.05128205128205128,11.469999999999999,164,21,10
margin>=0.08 OR best>=0.3 dur[3.0s->0.0],0.08,0.3,3.0,0.0,20260825-end,243,0.9102880658436214,0.8189300411522634,0.1522633744855967,0.02880658436213992,7.010000000000133,199,37,7
margin>=0.08 OR best>=0.3 dur[3.0s->0.0],0.08,0.3,3.0,0.0,pooled,438,0.9082191780821918,0.8287671232876712,0.1324200913242009,0.03881278538812785,18.480000000000132,363,58,17
margin>=0.08 OR best>=0.3 dur[3.0s->0.02],0.08,0.3,3.0,0.02,20260818-end,195,0.9056410256410257,0.841025641025641,0.1076923076923077,0.05128205128205128,11.469999999999999,164,21,10
margin>=0.08 OR best>=0.3 dur[3.0s->0.02],0.08,0.3,3.0,0.02,20260825-end,243,0.908641975308642,0.8148148148148148,0.15637860082304528,0.02880658436213992,7.010000000000133,198,38,7
margin>=0.08 OR best>=0.3 dur[3.0s->0.02],0.08,0.3,3.0,0.02,pooled,438,0.9073059360730594,0.8264840182648402,0.13470319634703196,0.03881278538812785,18.480000000000132,362,59,17
margin>=0.08 OR best>=0.3 dur[3.0s->0.04],0.08,0.3,3.0,0.04,20260818-end,195,0.9056410256410257,0.841025641025641,0.1076923076923077,0.05128205128205128,11.469999999999999,164,21,10
margin>=0.08 OR best>=0.3 dur[3.0s->0.04],0.08,0.3,3.0,0.04,20260825-end,243,0.908641975308642,0.8148148148148148,0.15637860082304528,0.02880658436213992,7.010000000000133,198,38,7
margin>=0.08 OR best>=0.3 dur[3.0s->0.04],0.08,0.3,3.0,0.04,pooled,438,0.9073059360730594,0.8264840182648402,0.13470319634703196,0.03881278538812785,18.480000000000132,362,59,17
margin>=0.08 OR best>=0.3 dur[3.0s->0.06],0.08,0.3,3.0,0.06,20260818-end,195,0.9056410256410257,0.841025641025641,0.1076923076923077,0.05128205128205128,11.469999999999999,164,21,10
margin>=0.08 OR best>=0.3 dur[3.0s->0.06],0.08,0.3,3.0,0.06,20260825-end,243,0.908641975308642,0.8148148148148148,0.15637860082304528,0.02880658436213992,7.010000000000133,198,38,7
margin>=0.08 OR best>=0.3 dur[3.0s->0.06],0.08,0.3,3.0,0.06,pooled,438,0.9073059360730594,0.8264840182648402,0.13470319634703196,0.03881278538812785,18.480000000000132,362,59,17
margin>=0.08 OR best>=0.325,0.08,0.325,,,20260818-end,195,0.9035897435897435,0.8358974358974359,0.11282051282051282,0.05128205128205128,11.469999999999999,163,22,10
margin>=0.08 OR best>=0.325,0.08,0.325,,,20260825-end,243,0.9094650205761318,0.8106995884773662,0.1646090534979424,0.024691358024691357,5.610000000000042,197,40,6
margin>=0.08 OR best>=0.325,0.08,0.325,,,pooled,438,0.9068493150684932,0.821917808219178,0.1415525114155251,0.0365296803652968,17.08000000000004,360,62,16
margin>=0.08 OR best>=0.325 dur[1.0s->0.0],0.08,0.325,1.0,0.0,20260818-end,195,0.9025641025641026,0.841025641025641,0.10256410256410256,0.05641025641025641,13.009999999999991,164,20,11
margin>=0.08 OR best>=0.325 dur[1.0s->0.0],0.08,0.325,1.0,0.0,20260825-end,243,0.9094650205761318,0.823045267489712,0.1440329218106996,0.03292181069958848,8.070000000000078,200,35,8
margin>=0.08 OR best>=0.325 dur[1.0s->0.0],0.08,0.325,1.0,0.0,pooled,438,0.906392694063927,0.8310502283105022,0.12557077625570776,0.04337899543378995,21.08000000000007,364,55,19
margin>=0.08 OR best>=0.325 dur[1.0s->0.02],0.08,0.325,1.0,0.02,20260818-end,195,0.9025641025641026,0.841025641025641,0.10256410256410256,0.05641025641025641,13.009999999999991,164,20,11
margin>=0.08 OR best>=0.325 dur[1.0s->0.02],0.08,0.325,1.0,0.02,20260825-end,243,0.9045267489711935,0.8106995884773662,0.15637860082304528,0.03292181069958848,8.070000000000078,197,38,8
margin>=0.08 OR best>=0.325 dur[1.0s->0.02],0.08,0.325,1.0,0.02,pooled,438,0.9036529680365297,0.8242009132420092,0.1324200913242009,0.04337899543378995,21.08000000000007,361,58,19
margin>=0.08 OR best>=0.325 dur[1.0s->0.04],0.08,0.325,1.0,0.04,20260818-end,195,0.9005128205128206,0.8358974358974359,0.1076923076923077,0.05641025641025641,13.009999999999991,163,21,11
margin>=0.08 OR best>=0.325 dur[1.0s->0.04],0.08,0.325,1.0,0.04,20260825-end,243,0.9094650205761318,0.8106995884773662,0.1646090534979424,0.024691358024691357,5.610000000000042,197,40,6
margin>=0.08 OR best>=0.325 dur[1.0s->0.04],0.08,0.325,1.0,0.04,pooled,438,0.9054794520547945,0.821917808219178,0.13926940639269406,0.03881278538812785,18.620000000000033,360,61,17
margin>=0.08 OR best>=0.325 dur[1.0s->0.06],0.08,0.325,1.0,0.06,20260818-end,195,0.9035897435897435,0.8358974358974359,0.11282051282051282,0.05128205128205128,11.469999999999999,163,22,10
margin>=0.08 OR best>=0.325 dur[1.0s->0.06],0.08,0.325,1.0,0.06,20260825-end,243,0.9094650205761318,0.8106995884773662,0.1646090534979424,0.024691358024691357,5.610000000000042,197,40,6
margin>=0.08 OR best>=0.325 dur[1.0s->0.06],0.08,0.325,1.0,0.06,pooled,438,0.9068493150684932,0.821917808219178,0.1415525114155251,0.0365296803652968,17.08000000000004,360,62,16
margin>=0.08 OR best>=0.325 dur[1.5s->0.0],0.08,0.325,1.5,0.0,20260818-end,195,0.9005128205128206,0.8358974358974359,0.1076923076923077,0.05641025641025641,13.009999999999991,163,21,11
margin>=0.08 OR best>=0.325 dur[1.5s->0.0],0.08,0.325,1.5,0.0,20260825-end,243,0.9111111111111112,0.8148148148148148,0.16049382716049382,0.024691358024691357,5.610000000000042,198,39,6
margin>=0.08 OR best>=0.325 dur[1.5s->0.0],0.08,0.325,1.5,0.0,pooled,438,0.906392694063927,0.8242009132420092,0.136986301369863,0.03881278538812785,18.620000000000033,361,60,17
margin>=0.08 OR best>=0.325 dur[1.5s->0.02],0.08,0.325,1.5,0.02,20260818-end,195,0.9005128205128206,0.8358974358974359,0.1076923076923077,0.05641025641025641,13.009999999999991,163,21,11
margin>=0.08 OR best>=0.325 dur[1.5s->0.02],0.08,0.325,1.5,0.02,20260825-end,243,0.9094650205761318,0.8106995884773662,0.1646090534979424,0.024691358024691357,5.610000000000042,197,40,6
margin>=0.08 OR best>=0.325 dur[1.5s->0.02],0.08,0.325,1.5,0.02,pooled,438,0.9054794520547945,0.821917808219178,0.13926940639269406,0.03881278538812785,18.620000000000033,360,61,17
margin>=0.08 OR best>=0.325 dur[1.5s->0.04],0.08,0.325,1.5,0.04,20260818-end,195,0.9005128205128206,0.8358974358974359,0.1076923076923077,0.05641025641025641,13.009999999999991,163,21,11
margin>=0.08 OR best>=0.325 dur[1.5s->0.04],0.08,0.325,1.5,0.04,20260825-end,243,0.9094650205761318,0.8106995884773662,0.1646090534979424,0.024691358024691357,5.610000000000042,197,40,6
margin>=0.08 OR best>=0.325 dur[1.5s->0.04],0.08,0.325,1.5,0.04,pooled,438,0.9054794520547945,0.821917808219178,0.13926940639269406,0.03881278538812785,18.620000000000033,360,61,17
margin>=0.08 OR best>=0.325 dur[1.5s->0.06],0.08,0.325,1.5,0.06,20260818-end,195,0.9035897435897435,0.8358974358974359,0.11282051282051282,0.05128205128205128,11.469999999999999,163,22,10
margin>=0.08 OR best>=0.325 dur[1.5s->0.06],0.08,0.325,1.5,0.06,20260825-end,243,0.9094650205761318,0.8106995884773662,0.1646090534979424,0.024691358024691357,5.610000000000042,197,40,6
margin>=0.08 OR best>=0.325 dur[1.5s->0.06],0.08,0.325,1.5,0.06,pooled,438,0.9068493150684932,0.821917808219178,0.1415525114155251,0.0365296803652968,17.08000000000004,360,62,16
margin>=0.08 OR best>=0.325 dur[2.0s->0.0],0.08,0.325,2.0,0.0,20260818-end,195,0.9035897435897435,0.8358974358974359,0.11282051282051282,0.05128205128205128,11.469999999999999,163,22,10
margin>=0.08 OR best>=0.325 dur[2.0s->0.0],0.08,0.325,2.0,0.0,20260825-end,243,0.9111111111111112,0.8148148148148148,0.16049382716049382,0.024691358024691357,5.610000000000042,198,39,6
margin>=0.08 OR best>=0.325 dur[2.0s->0.0],0.08,0.325,2.0,0.0,pooled,438,0.9077625570776255,0.8242009132420092,0.13926940639269406,0.0365296803652968,17.08000000000004,361,61,16
margin>=0.08 OR best>=0.325 dur[2.0s->0.02],0.08,0.325,2.0,0.02,20260818-end,195,0.9035897435897435,0.8358974358974359,0.11282051282051282,0.05128205128205128,11.469999999999999,163,22,10
margin>=0.08 OR best>=0.325 dur[2.0s->0.02],0.08,0.325,2.0,0.02,20260825-end,243,0.9094650205761318,0.8106995884773662,0.1646090534979424,0.024691358024691357,5.610000000000042,197,40,6
margin>=0.08 OR best>=0.325 dur[2.0s->0.02],0.08,0.325,2.0,0.02,pooled,438,0.9068493150684932,0.821917808219178,0.1415525114155251,0.0365296803652968,17.08000000000004,360,62,16
margin>=0.08 OR best>=0.325 dur[2.0s->0.04],0.08,0.325,2.0,0.04,20260818-end,195,0.9035897435897435,0.8358974358974359,0.11282051282051282,0.05128205128205128,11.469999999999999,163,22,10
margin>=0.08 OR best>=0.325 dur[2.0s->0.04],0.08,0.325,2.0,0.04,20260825-end,243,0.9094650205761318,0.8106995884773662,0.1646090534979424,0.024691358024691357,5.610000000000042,197,40,6
margin>=0.08 OR best>=0.325 dur[2.0s->0.04],0.08,0.325,2.0,0.04,pooled,438,0.9068493150684932,0.821917808219178,0.1415525114155251,0.0365296803652968,17.08000000000004,360,62,16
margin>=0.08 OR best>=0.325 dur[2.0s->0.06],0.08,0.325,2.0,0.06,20260818-end,195,0.9035897435897435,0.8358974358974359,0.11282051282051282,0.05128205128205128,11.469999999999999,163,22,10
margin>=0.08 OR best>=0.325 dur[2.0s->0.06],0.08,0.325,2.0,0.06,20260825-end,243,0.9094650205761318,0.8106995884773662,0.1646090534979424,0.024691358024691357,5.610000000000042,197,40,6
margin>=0.08 OR best>=0.325 dur[2.0s->0.06],0.08,0.325,2.0,0.06,pooled,438,0.9068493150684932,0.821917808219178,0.1415525114155251,0.0365296803652968,17.08000000000004,360,62,16
margin>=0.08 OR best>=0.325 dur[2.5s->0.0],0.08,0.325,2.5,0.0,20260818-end,195,0.9035897435897435,0.8358974358974359,0.11282051282051282,0.05128205128205128,11.469999999999999,163,22,10
margin>=0.08 OR best>=0.325 dur[2.5s->0.0],0.08,0.325,2.5,0.0,20260825-end,243,0.9111111111111112,0.8148148148148148,0.16049382716049382,0.024691358024691357,5.610000000000042,198,39,6
margin>=0.08 OR best>=0.325 dur[2.5s->0.0],0.08,0.325,2.5,0.0,pooled,438,0.9077625570776255,0.8242009132420092,0.13926940639269406,0.0365296803652968,17.08000000000004,361,61,16
margin>=0.08 OR best>=0.325 dur[2.5s->0.02],0.08,0.325,2.5,0.02,20260818-end,195,0.9035897435897435,0.8358974358974359,0.11282051282051282,0.05128205128205128,11.469999999999999,163,22,10
margin>=0.08 OR best>=0.325 dur[2.5s->0.02],0.08,0.325,2.5,0.02,20260825-end,243,0.9094650205761318,0.8106995884773662,0.1646090534979424,0.024691358024691357,5.610000000000042,197,40,6
margin>=0.08 OR best>=0.325 dur[2.5s->0.02],0.08,0.325,2.5,0.02,pooled,438,0.9068493150684932,0.821917808219178,0.1415525114155251,0.0365296803652968,17.08000000000004,360,62,16
margin>=0.08 OR best>=0.325 dur[2.5s->0.04],0.08,0.325,2.5,0.04,20260818-end,195,0.9035897435897435,0.8358974358974359,0.11282051282051282,0.05128205128205128,11.469999999999999,163,22,10
margin>=0.08 OR best>=0.325 dur[2.5s->0.04],0.08,0.325,2.5,0.04,20260825-end,243,0.9094650205761318,0.8106995884773662,0.1646090534979424,0.024691358024691357,5.610000000000042,197,40,6
margin>=0.08 OR best>=0.325 dur[2.5s->0.04],0.08,0.325,2.5,0.04,pooled,438,0.9068493150684932,0.821917808219178,0.1415525114155251,0.0365296803652968,17.08000000000004,360,62,16
margin>=0.08 OR best>=0.325 dur[2.5s->0.06],0.08,0.325,2.5,0.06,20260818-end,195,0.9035897435897435,0.8358974358974359,0.11282051282051282,0.05128205128205128,11.469999999999999,163,22,10
margin>=0.08 OR best>=0.325 dur[2.5s->0.06],0.08,0.325,2.5,0.06,20260825-end,243,0.9094650205761318,0.8106995884773662,0.1646090534979424,0.024691358024691357,5.610000000000042,197,40,6
margin>=0.08 OR best>=0.325 dur[2.5s->0.06],0.08,0.325,2.5,0.06,pooled,438,0.9068493150684932,0.821917808219178,0.1415525114155251,0.0365296803652968,17.08000000000004,360,62,16
margin>=0.08 OR best>=0.325 dur[3.0s->0.0],0.08,0.325,3.0,0.0,20260818-end,195,0.9035897435897435,0.8358974358974359,0.11282051282051282,0.05128205128205128,11.469999999999999,163,22,10
margin>=0.08 OR best>=0.325 dur[3.0s->0.0],0.08,0.325,3.0,0.0,20260825-end,243,0.9111111111111112,0.8148148148148148,0.16049382716049382,0.024691358024691357,5.610000000000042,198,39,6
margin>=0.08 OR best>=0.325 dur[3.0s->0.0],0.08,0.325,3.0,0.0,pooled,438,0.9077625570776255,0.8242009132420092,0.13926940639269406,0.0365296803652968,17.08000000000004,361,61,16
margin>=0.08 OR best>=0.325 dur[3.0s->0.02],0.08,0.325,3.0,0.02,20260818-end,195,0.9035897435897435,0.8358974358974359,0.11282051282051282,0.05128205128205128,11.469999999999999,163,22,10
margin>=0.08 OR best>=0.325 dur[3.0s->0.02],0.08,0.325,3.0,0.02,20260825-end,243,0.9094650205761318,0.8106995884773662,0.1646090534979424,0.024691358024691357,5.610000000000042,197,40,6
margin>=0.08 OR best>=0.325 dur[3.0s->0.02],0.08,0.325,3.0,0.02,pooled,438,0.9068493150684932,0.821917808219178,0.1415525114155251,0.0365296803652968,17.08000000000004,360,62,16
margin>=0.08 OR best>=0.325 dur[3.0s->0.04],0.08,0.325,3.0,0.04,20260818-end,195,0.9035897435897435,0.8358974358974359,0.11282051282051282,0.05128205128205128,11.469999999999999,163,22,10
margin>=0.08 OR best>=0.325 dur[3.0s->0.04],0.08,0.325,3.0,0.04,20260825-end,243,0.9094650205761318,0.8106995884773662,0.1646090534979424,0.024691358024691357,5.610000000000042,197,40,6
margin>=0.08 OR best>=0.325 dur[3.0s->0.04],0.08,0.325,3.0,0.04,pooled,438,0.9068493150684932,0.821917808219178,0.1415525114155251,0.0365296803652968,17.08000000000004,360,62,16
margin>=0.08 OR best>=0.325 dur[3.0s->0.06],0.08,0.325,3.0,0.06,20260818-end,195,0.9035897435897435,0.8358974358974359,0.11282051282051282,0.05128205128205128,11.469999999999999,163,22,10
margin>=0.08 OR best>=0.325 dur[3.0s->0.06],0.08,0.325,3.0,0.06,20260825-end,243,0.9094650205761318,0.8106995884773662,0.1646090534979424,0.024691358024691357,5.610000000000042,197,40,6
margin>=0.08 OR best>=0.325 dur[3.0s->0.06],0.08,0.325,3.0,0.06,pooled,438,0.9068493150684932,0.821917808219178,0.1415525114155251,0.0365296803652968,17.08000000000004,360,62,16
margin>=0.08 OR best>=0.35,0.08,0.35,,,20260818-end,195,0.9046153846153846,0.8307692307692308,0.12307692307692308,0.046153846153846156,10.730000000000004,162,24,9
margin>=0.08 OR best>=0.35,0.08,0.35,,,20260825-end,243,0.9102880658436214,0.8065843621399177,0.1728395061728395,0.0205761316872428,4.660000000000053,196,42,5
margin>=0.08 OR best>=0.35,0.08,0.35,,,pooled,438,0.9077625570776255,0.817351598173516,0.1506849315068493,0.0319634703196347,15.390000000000057,358,66,14
margin>=0.08 OR best>=0.35 dur[1.0s->0.0],0.08,0.35,1.0,0.0,20260818-end,195,0.9056410256410257,0.841025641025641,0.1076923076923077,0.05128205128205128,12.269999999999996,164,21,10
margin>=0.08 OR best>=0.35 dur[1.0s->0.0],0.08,0.35,1.0,0.0,20260825-end,243,0.9119341563786009,0.823045267489712,0.14814814814814814,0.02880658436213992,7.12000000000009,200,36,7
margin>=0.08 OR best>=0.35 dur[1.0s->0.0],0.08,0.35,1.0,0.0,pooled,438,0.9091324200913242,0.8310502283105022,0.13013698630136986,0.03881278538812785,19.390000000000086,364,57,17
margin>=0.08 OR best>=0.35 dur[1.0s->0.02],0.08,0.35,1.0,0.02,20260818-end,195,0.9056410256410257,0.841025641025641,0.1076923076923077,0.05128205128205128,12.269999999999996,164,21,10
margin>=0.08 OR best>=0.35 dur[1.0s->0.02],0.08,0.35,1.0,0.02,20260825-end,243,0.9069958847736626,0.8106995884773662,0.16049382716049382,0.02880658436213992,7.12000000000009,197,39,7
margin>=0.08 OR best>=0.35 dur[1.0s->0.02],0.08,0.35,1.0,0.02,pooled,438,0.906392694063927,0.8242009132420092,0.136986301369863,0.03881278538812785,19.390000000000086,361,60,17
margin>=0.08 OR best>=0.35 dur[1.0s->0.04],0.08,0.35,1.0,0.04,20260818-end,195,0.9035897435897435,0.8358974358974359,0.11282051282051282,0.05128205128205128,12.269999999999996,163,22,10
margin>=0.08 OR best>=0.35 dur[1.0s->0.04],0.08,0.35,1.0,0.04,20260825-end,243,0.9119341563786009,0.8106995884773662,0.16872427983539096,0.0205761316872428,4.660000000000053,197,41,5
margin>=0.08 OR best>=0.35 dur[1.0s->0.04],0.08,0.35,1.0,0.04,pooled,438,0.9082191780821918,0.821917808219178,0.14383561643835616,0.03424657534246575,16.93000000000005,360,63,15
margin>=0.08 OR best>=0.35 dur[1.0s->0.06],0.08,0.35,1.0,0.06,20260818-end,195,0.9046153846153846,0.8307692307692308,0.12307692307692308,0.046153846153846156,10.730000000000004,162,24,9
margin>=0.08 OR best>=0.35 dur[1.0s->0.06],0.08,0.35,1.0,0.06,20260825-end,243,0.9102880658436214,0.8065843621399177,0.1728395061728395,0.0205761316872428,4.660000000000053,196,42,5
margin>=0.08 OR best>=0.35 dur[1.0s->0.06],0.08,0.35,1.0,0.06,pooled,438,0.9077625570776255,0.817351598173516,0.1506849315068493,0.0319634703196347,15.390000000000057,358,66,14
margin>=0.08 OR best>=0.35 dur[1.5s->0.0],0.08,0.35,1.5,0.0,20260818-end,195,0.9035897435897435,0.8358974358974359,0.11282051282051282,0.05128205128205128,12.269999999999996,163,22,10
margin>=0.08 OR best>=0.35 dur[1.5s->0.0],0.08,0.35,1.5,0.0,20260825-end,243,0.9119341563786009,0.8106995884773662,0.16872427983539096,0.0205761316872428,4.660000000000053,197,41,5
margin>=0.08 OR best>=0.35 dur[1.5s->0.0],0.08,0.35,1.5,0.0,pooled,438,0.9082191780821918,0.821917808219178,0.14383561643835616,0.03424657534246575,16.93000000000005,360,63,15
margin>=0.08 OR best>=0.35 dur[1.5s->0.02],0.08,0.35,1.5,0.02,20260818-end,195,0.9035897435897435,0.8358974358974359,0.11282051282051282,0.05128205128205128,12.269999999999996,163,22,10
margin>=0.08 OR best>=0.35 dur[1.5s->0.02],0.08,0.35,1.5,0.02,20260825-end,243,0.9102880658436214,0.8065843621399177,0.1728395061728395,0.0205761316872428,4.660000000000053,196,42,5
margin>=0.08 OR best>=0.35 dur[1.5s->0.02],0.08,0.35,1.5,0.02,pooled,438,0.9073059360730593,0.819634703196347,0.1461187214611872,0.03424657534246575,16.93000000000005,359,64,15
margin>=0.08 OR best>=0.35 dur[1.5s->0.04],0.08,0.35,1.5,0.04,20260818-end,195,0.9035897435897435,0.8358974358974359,0.11282051282051282,0.05128205128205128,12.269999999999996,163,22,10
margin>=0.08 OR best>=0.35 dur[1.5s->0.04],0.08,0.35,1.5,0.04,20260825-end,243,0.9102880658436214,0.8065843621399177,0.1728395061728395,0.0205761316872428,4.660000000000053,196,42,5
margin>=0.08 OR best>=0.35 dur[1.5s->0.04],0.08,0.35,1.5,0.04,pooled,438,0.9073059360730593,0.819634703196347,0.1461187214611872,0.03424657534246575,16.93000000000005,359,64,15
margin>=0.08 OR best>=0.35 dur[1.5s->0.06],0.08,0.35,1.5,0.06,20260818-end,195,0.9046153846153846,0.8307692307692308,0.12307692307692308,0.046153846153846156,10.730000000000004,162,24,9
margin>=0.08 OR best>=0.35 dur[1.5s->0.06],0.08,0.35,1.5,0.06,20260825-end,243,0.9102880658436214,0.8065843621399177,0.1728395061728395,0.0205761316872428,4.660000000000053,196,42,5
margin>=0.08 OR best>=0.35 dur[1.5s->0.06],0.08,0.35,1.5,0.06,pooled,438,0.9077625570776255,0.817351598173516,0.1506849315068493,0.0319634703196347,15.390000000000057,358,66,14
margin>=0.08 OR best>=0.35 dur[2.0s->0.0],0.08,0.35,2.0,0.0,20260818-end,195,0.9066666666666666,0.8358974358974359,0.11794871794871795,0.046153846153846156,10.730000000000004,163,23,9
margin>=0.08 OR best>=0.35 dur[2.0s->0.0],0.08,0.35,2.0,0.0,20260825-end,243,0.9119341563786009,0.8106995884773662,0.16872427983539096,0.0205761316872428,4.660000000000053,197,41,5
margin>=0.08 OR best>=0.35 dur[2.0s->0.0],0.08,0.35,2.0,0.0,pooled,438,0.9095890410958904,0.821917808219178,0.1461187214611872,0.0319634703196347,15.390000000000057,360,64,14
margin>=0.08 OR best>=0.35 dur[2.0s->0.02],0.08,0.35,2.0,0.02,20260818-end,195,0.9066666666666666,0.8358974358974359,0.11794871794871795,0.046153846153846156,10.730000000000004,163,23,9
margin>=0.08 OR best>=0.35 dur[2.0s->0.02],0.08,0.35,2.0,0.02,20260825-end,243,0.9102880658436214,0.8065843621399177,0.1728395061728395,0.0205761316872428,4.660000000000053,196,42,5
margin>=0.08 OR best>=0.35 dur[2.0s->0.02],0.08,0.35,2.0,0.02,pooled,438,0.908675799086758,0.819634703196347,0.14840182648401826,0.0319634703196347,15.390000000000057,359,65,14
margin>=0.08 OR best>=0.35 dur[2.0s->0.04],0.08,0.35,2.0,0.04,20260818-end,195,0.9066666666666666,0.8358974358974359,0.11794871794871795,0.046153846153846156,10.730000000000004,163,23,9
margin>=0.08 OR best>=0.35 dur[2.0s->0.04],0.08,0.35,2.0,0.04,20260825-end,243,0.9102880658436214,0.8065843621399177,0.1728395061728395,0.0205761316872428,4.660000000000053,196,42,5
margin>=0.08 OR best>=0.35 dur[2.0s->0.04],0.08,0.35,2.0,0.04,pooled,438,0.908675799086758,0.819634703196347,0.14840182648401826,0.0319634703196347,15.390000000000057,359,65,14
margin>=0.08 OR best>=0.35 dur[2.0s->0.06],0.08,0.35,2.0,0.06,20260818-end,195,0.9046153846153846,0.8307692307692308,0.12307692307692308,0.046153846153846156,10.730000000000004,162,24,9
margin>=0.08 OR best>=0.35 dur[2.0s->0.06],0.08,0.35,2.0,0.06,20260825-end,243,0.9102880658436214,0.8065843621399177,0.1728395061728395,0.0205761316872428,4.660000000000053,196,42,5
margin>=0.08 OR best>=0.35 dur[2.0s->0.06],0.08,0.35,2.0,0.06,pooled,438,0.9077625570776255,0.817351598173516,0.1506849315068493,0.0319634703196347,15.390000000000057,358,66,14
margin>=0.08 OR best>=0.35 dur[2.5s->0.0],0.08,0.35,2.5,0.0,20260818-end,195,0.9066666666666666,0.8358974358974359,0.11794871794871795,0.046153846153846156,10.730000000000004,163,23,9
margin>=0.08 OR best>=0.35 dur[2.5s->0.0],0.08,0.35,2.5,0.0,20260825-end,243,0.9119341563786009,0.8106995884773662,0.16872427983539096,0.0205761316872428,4.660000000000053,197,41,5
margin>=0.08 OR best>=0.35 dur[2.5s->0.0],0.08,0.35,2.5,0.0,pooled,438,0.9095890410958904,0.821917808219178,0.1461187214611872,0.0319634703196347,15.390000000000057,360,64,14
margin>=0.08 OR best>=0.35 dur[2.5s->0.02],0.08,0.35,2.5,0.02,20260818-end,195,0.9066666666666666,0.8358974358974359,0.11794871794871795,0.046153846153846156,10.730000000000004,163,23,9
margin>=0.08 OR best>=0.35 dur[2.5s->0.02],0.08,0.35,2.5,0.02,20260825-end,243,0.9102880658436214,0.8065843621399177,0.1728395061728395,0.0205761316872428,4.660000000000053,196,42,5
margin>=0.08 OR best>=0.35 dur[2.5s->0.02],0.08,0.35,2.5,0.02,pooled,438,0.908675799086758,0.819634703196347,0.14840182648401826,0.0319634703196347,15.390000000000057,359,65,14
margin>=0.08 OR best>=0.35 dur[2.5s->0.04],0.08,0.35,2.5,0.04,20260818-end,195,0.9066666666666666,0.8358974358974359,0.11794871794871795,0.046153846153846156,10.730000000000004,163,23,9
margin>=0.08 OR best>=0.35 dur[2.5s->0.04],0.08,0.35,2.5,0.04,20260825-end,243,0.9102880658436214,0.8065843621399177,0.1728395061728395,0.0205761316872428,4.660000000000053,196,42,5
margin>=0.08 OR best>=0.35 dur[2.5s->0.04],0.08,0.35,2.5,0.04,pooled,438,0.908675799086758,0.819634703196347,0.14840182648401826,0.0319634703196347,15.390000000000057,359,65,14
margin>=0.08 OR best>=0.35 dur[2.5s->0.06],0.08,0.35,2.5,0.06,20260818-end,195,0.9046153846153846,0.8307692307692308,0.12307692307692308,0.046153846153846156,10.730000000000004,162,24,9
margin>=0.08 OR best>=0.35 dur[2.5s->0.06],0.08,0.35,2.5,0.06,20260825-end,243,0.9102880658436214,0.8065843621399177,0.1728395061728395,0.0205761316872428,4.660000000000053,196,42,5
margin>=0.08 OR best>=0.35 dur[2.5s->0.06],0.08,0.35,2.5,0.06,pooled,438,0.9077625570776255,0.817351598173516,0.1506849315068493,0.0319634703196347,15.390000000000057,358,66,14
margin>=0.08 OR best>=0.35 dur[3.0s->0.0],0.08,0.35,3.0,0.0,20260818-end,195,0.9066666666666666,0.8358974358974359,0.11794871794871795,0.046153846153846156,10.730000000000004,163,23,9
margin>=0.08 OR best>=0.35 dur[3.0s->0.0],0.08,0.35,3.0,0.0,20260825-end,243,0.9119341563786009,0.8106995884773662,0.16872427983539096,0.0205761316872428,4.660000000000053,197,41,5
margin>=0.08 OR best>=0.35 dur[3.0s->0.0],0.08,0.35,3.0,0.0,pooled,438,0.9095890410958904,0.821917808219178,0.1461187214611872,0.0319634703196347,15.390000000000057,360,64,14
margin>=0.08 OR best>=0.35 dur[3.0s->0.02],0.08,0.35,3.0,0.02,20260818-end,195,0.9066666666666666,0.8358974358974359,0.11794871794871795,0.046153846153846156,10.730000000000004,163,23,9
margin>=0.08 OR best>=0.35 dur[3.0s->0.02],0.08,0.35,3.0,0.02,20260825-end,243,0.9102880658436214,0.8065843621399177,0.1728395061728395,0.0205761316872428,4.660000000000053,196,42,5
margin>=0.08 OR best>=0.35 dur[3.0s->0.02],0.08,0.35,3.0,0.02,pooled,438,0.908675799086758,0.819634703196347,0.14840182648401826,0.0319634703196347,15.390000000000057,359,65,14
margin>=0.08 OR best>=0.35 dur[3.0s->0.04],0.08,0.35,3.0,0.04,20260818-end,195,0.9066666666666666,0.8358974358974359,0.11794871794871795,0.046153846153846156,10.730000000000004,163,23,9
margin>=0.08 OR best>=0.35 dur[3.0s->0.04],0.08,0.35,3.0,0.04,20260825-end,243,0.9102880658436214,0.8065843621399177,0.1728395061728395,0.0205761316872428,4.660000000000053,196,42,5
margin>=0.08 OR best>=0.35 dur[3.0s->0.04],0.08,0.35,3.0,0.04,pooled,438,0.908675799086758,0.819634703196347,0.14840182648401826,0.0319634703196347,15.390000000000057,359,65,14
margin>=0.08 OR best>=0.35 dur[3.0s->0.06],0.08,0.35,3.0,0.06,20260818-end,195,0.9046153846153846,0.8307692307692308,0.12307692307692308,0.046153846153846156,10.730000000000004,162,24,9
margin>=0.08 OR best>=0.35 dur[3.0s->0.06],0.08,0.35,3.0,0.06,20260825-end,243,0.9102880658436214,0.8065843621399177,0.1728395061728395,0.0205761316872428,4.660000000000053,196,42,5
margin>=0.08 OR best>=0.35 dur[3.0s->0.06],0.08,0.35,3.0,0.06,pooled,438,0.9077625570776255,0.817351598173516,0.1506849315068493,0.0319634703196347,15.390000000000057,358,66,14
margin>=0.08 OR best>=0.375,0.08,0.375,,,20260818-end,195,0.9056410256410257,0.8256410256410256,0.13333333333333333,0.041025641025641026,10.350000000000009,161,26,8
margin>=0.08 OR best>=0.375,0.08,0.375,,,20260825-end,243,0.9053497942386832,0.7942386831275721,0.18518518518518517,0.0205761316872428,4.660000000000053,193,45,5
margin>=0.08 OR best>=0.375,0.08,0.375,,,pooled,438,0.9054794520547945,0.8082191780821918,0.16210045662100456,0.02968036529680365,15.010000000000062,354,71,13
margin>=0.08 OR best>=0.375 dur[1.0s->0.0],0.08,0.375,1.0,0.0,20260818-end,195,0.9087179487179486,0.841025641025641,0.11282051282051282,0.046153846153846156,11.89,164,22,9
margin>=0.08 OR best>=0.375 dur[1.0s->0.0],0.08,0.375,1.0,0.0,20260825-end,243,0.9119341563786009,0.823045267489712,0.14814814814814814,0.02880658436213992,7.12000000000009,200,36,7
margin>=0.08 OR best>=0.375 dur[1.0s->0.0],0.08,0.375,1.0,0.0,pooled,438,0.9105022831050229,0.8310502283105022,0.1324200913242009,0.0365296803652968,19.01000000000009,364,58,16
margin>=0.08 OR best>=0.375 dur[1.0s->0.02],0.08,0.375,1.0,0.02,20260818-end,195,0.9087179487179486,0.841025641025641,0.11282051282051282,0.046153846153846156,11.89,164,22,9
margin>=0.08 OR best>=0.375 dur[1.0s->0.02],0.08,0.375,1.0,0.02,20260825-end,243,0.9037037037037038,0.8024691358024691,0.16872427983539096,0.02880658436213992,7.12000000000009,195,41,7
margin>=0.08 OR best>=0.375 dur[1.0s->0.02],0.08,0.375,1.0,0.02,pooled,438,0.9059360730593607,0.819634703196347,0.14383561643835616,0.0365296803652968,19.01000000000009,359,63,16
margin>=0.08 OR best>=0.375 dur[1.0s->0.04],0.08,0.375,1.0,0.04,20260818-end,195,0.9066666666666666,0.8358974358974359,0.11794871794871795,0.046153846153846156,11.89,163,23,9
margin>=0.08 OR best>=0.375 dur[1.0s->0.04],0.08,0.375,1.0,0.04,20260825-end,243,0.908641975308642,0.8024691358024691,0.17695473251028807,0.0205761316872428,4.660000000000053,195,43,5
margin>=0.08 OR best>=0.375 dur[1.0s->0.04],0.08,0.375,1.0,0.04,pooled,438,0.9077625570776255,0.817351598173516,0.1506849315068493,0.0319634703196347,16.550000000000054,358,66,14
margin>=0.08 OR best>=0.375 dur[1.0s->0.06],0.08,0.375,1.0,0.06,20260818-end,195,0.9076923076923077,0.8307692307692308,0.1282051282051282,0.041025641025641026,10.350000000000009,162,25,8
margin>=0.08 OR best>=0.375 dur[1.0s->0.06],0.08,0.375,1.0,0.06,20260825-end,243,0.9069958847736627,0.7983539094650206,0.18106995884773663,0.0205761316872428,4.660000000000053,194,44,5
margin>=0.08 OR best>=0.375 dur[1.0s->0.06],0.08,0.375,1.0,0.06,pooled,438,0.9073059360730594,0.8127853881278538,0.15753424657534246,0.02968036529680365,15.010000000000062,356,69,13
margin>=0.08 OR best>=0.375 dur[1.5s->0.0],0.08,0.375,1.5,0.0,20260818-end,195,0.9046153846153846,0.8307692307692308,0.12307692307692308,0.046153846153846156,11.89,162,24,9
margin>=0.08 OR best>=0.375 dur[1.5s->0.0],0.08,0.375,1.5,0.0,20260825-end,243,0.9102880658436214,0.8065843621399177,0.1728395061728395,0.0205761316872428,4.660000000000053,196,42,5
margin>=0.08 OR best>=0.375 dur[1.5s->0.0],0.08,0.375,1.5,0.0,pooled,438,0.9077625570776255,0.817351598173516,0.1506849315068493,0.0319634703196347,16.550000000000054,358,66,14
margin>=0.08 OR best>=0.375 dur[1.5s->0.02],0.08,0.375,1.5,0.02,20260818-end,195,0.9046153846153846,0.8307692307692308,0.12307692307692308,0.046153846153846156,11.89,162,24,9
margin>=0.08 OR best>=0.375 dur[1.5s->0.02],0.08,0.375,1.5,0.02,20260825-end,243,0.9053497942386832,0.7942386831275721,0.18518518518518517,0.0205761316872428,4.660000000000053,193,45,5
margin>=0.08 OR best>=0.375 dur[1.5s->0.02],0.08,0.375,1.5,0.02,pooled,438,0.9050228310502284,0.8105022831050228,0.15753424657534246,0.0319634703196347,16.550000000000054,355,69,14
margin>=0.08 OR best>=0.375 dur[1.5s->0.04],0.08,0.375,1.5,0.04,20260818-end,195,0.9046153846153846,0.8307692307692308,0.12307692307692308,0.046153846153846156,11.89,162,24,9
margin>=0.08 OR best>=0.375 dur[1.5s->0.04],0.08,0.375,1.5,0.04,20260825-end,243,0.9053497942386832,0.7942386831275721,0.18518518518518517,0.0205761316872428,4.660000000000053,193,45,5
margin>=0.08 OR best>=0.375 dur[1.5s->0.04],0.08,0.375,1.5,0.04,pooled,438,0.9050228310502284,0.8105022831050228,0.15753424657534246,0.0319634703196347,16.550000000000054,355,69,14
margin>=0.08 OR best>=0.375 dur[1.5s->0.06],0.08,0.375,1.5,0.06,20260818-end,195,0.9056410256410257,0.8256410256410256,0.13333333333333333,0.041025641025641026,10.350000000000009,161,26,8
margin>=0.08 OR best>=0.375 dur[1.5s->0.06],0.08,0.375,1.5,0.06,20260825-end,243,0.9053497942386832,0.7942386831275721,0.18518518518518517,0.0205761316872428,4.660000000000053,193,45,5
margin>=0.08 OR best>=0.375 dur[1.5s->0.06],0.08,0.375,1.5,0.06,pooled,438,0.9054794520547945,0.8082191780821918,0.16210045662100456,0.02968036529680365,15.010000000000062,354,71,13
margin>=0.08 OR best>=0.375 dur[2.0s->0.0],0.08,0.375,2.0,0.0,20260818-end,195,0.9076923076923077,0.8307692307692308,0.1282051282051282,0.041025641025641026,10.350000000000009,162,25,8
margin>=0.08 OR best>=0.375 dur[2.0s->0.0],0.08,0.375,2.0,0.0,20260825-end,243,0.908641975308642,0.8024691358024691,0.17695473251028807,0.0205761316872428,4.660000000000053,195,43,5
margin>=0.08 OR best>=0.375 dur[2.0s->0.0],0.08,0.375,2.0,0.0,pooled,438,0.9082191780821918,0.815068493150685,0.1552511415525114,0.02968036529680365,15.010000000000062,357,68,13
margin>=0.08 OR best>=0.375 dur[2.0s->0.02],0.08,0.375,2.0,0.02,20260818-end,195,0.9076923076923077,0.8307692307692308,0.1282051282051282,0.041025641025641026,10.350000000000009,162,25,8
margin>=0.08 OR best>=0.375 dur[2.0s->0.02],0.08,0.375,2.0,0.02,20260825-end,243,0.9053497942386832,0.7942386831275721,0.18518518518518517,0.0205761316872428,4.660000000000053,193,45,5
margin>=0.08 OR best>=0.375 dur[2.0s->0.02],0.08,0.375,2.0,0.02,pooled,438,0.906392694063927,0.8105022831050228,0.1598173515981735,0.02968036529680365,15.010000000000062,355,70,13
margin>=0.08 OR best>=0.375 dur[2.0s->0.04],0.08,0.375,2.0,0.04,20260818-end,195,0.9076923076923077,0.8307692307692308,0.1282051282051282,0.041025641025641026,10.350000000000009,162,25,8
margin>=0.08 OR best>=0.375 dur[2.0s->0.04],0.08,0.375,2.0,0.04,20260825-end,243,0.9053497942386832,0.7942386831275721,0.18518518518518517,0.0205761316872428,4.660000000000053,193,45,5
margin>=0.08 OR best>=0.375 dur[2.0s->0.04],0.08,0.375,2.0,0.04,pooled,438,0.906392694063927,0.8105022831050228,0.1598173515981735,0.02968036529680365,15.010000000000062,355,70,13
margin>=0.08 OR best>=0.375 dur[2.0s->0.06],0.08,0.375,2.0,0.06,20260818-end,195,0.9056410256410257,0.8256410256410256,0.13333333333333333,0.041025641025641026,10.350000000000009,161,26,8
margin>=0.08 OR best>=0.375 dur[2.0s->0.06],0.08,0.375,2.0,0.06,20260825-end,243,0.9053497942386832,0.7942386831275721,0.18518518518518517,0.0205761316872428,4.660000000000053,193,45,5
margin>=0.08 OR best>=0.375 dur[2.0s->0.06],0.08,0.375,2.0,0.06,pooled,438,0.9054794520547945,0.8082191780821918,0.16210045662100456,0.02968036529680365,15.010000000000062,354,71,13
margin>=0.08 OR best>=0.375 dur[2.5s->0.0],0.08,0.375,2.5,0.0,20260818-end,195,0.9076923076923077,0.8307692307692308,0.1282051282051282,0.041025641025641026,10.350000000000009,162,25,8
margin>=0.08 OR best>=0.375 dur[2.5s->0.0],0.08,0.375,2.5,0.0,20260825-end,243,0.908641975308642,0.8024691358024691,0.17695473251028807,0.0205761316872428,4.660000000000053,195,43,5
margin>=0.08 OR best>=0.375 dur[2.5s->0.0],0.08,0.375,2.5,0.0,pooled,438,0.9082191780821918,0.815068493150685,0.1552511415525114,0.02968036529680365,15.010000000000062,357,68,13
margin>=0.08 OR best>=0.375 dur[2.5s->0.02],0.08,0.375,2.5,0.02,20260818-end,195,0.9076923076923077,0.8307692307692308,0.1282051282051282,0.041025641025641026,10.350000000000009,162,25,8
margin>=0.08 OR best>=0.375 dur[2.5s->0.02],0.08,0.375,2.5,0.02,20260825-end,243,0.9053497942386832,0.7942386831275721,0.18518518518518517,0.0205761316872428,4.660000000000053,193,45,5
margin>=0.08 OR best>=0.375 dur[2.5s->0.02],0.08,0.375,2.5,0.02,pooled,438,0.906392694063927,0.8105022831050228,0.1598173515981735,0.02968036529680365,15.010000000000062,355,70,13
margin>=0.08 OR best>=0.375 dur[2.5s->0.04],0.08,0.375,2.5,0.04,20260818-end,195,0.9076923076923077,0.8307692307692308,0.1282051282051282,0.041025641025641026,10.350000000000009,162,25,8
margin>=0.08 OR best>=0.375 dur[2.5s->0.04],0.08,0.375,2.5,0.04,20260825-end,243,0.9053497942386832,0.7942386831275721,0.18518518518518517,0.0205761316872428,4.660000000000053,193,45,5
margin>=0.08 OR best>=0.375 dur[2.5s->0.04],0.08,0.375,2.5,0.04,pooled,438,0.906392694063927,0.8105022831050228,0.1598173515981735,0.02968036529680365,15.010000000000062,355,70,13
margin>=0.08 OR best>=0.375 dur[2.5s->0.06],0.08,0.375,2.5,0.06,20260818-end,195,0.9056410256410257,0.8256410256410256,0.13333333333333333,0.041025641025641026,10.350000000000009,161,26,8
margin>=0.08 OR best>=0.375 dur[2.5s->0.06],0.08,0.375,2.5,0.06,20260825-end,243,0.9053497942386832,0.7942386831275721,0.18518518518518517,0.0205761316872428,4.660000000000053,193,45,5
margin>=0.08 OR best>=0.375 dur[2.5s->0.06],0.08,0.375,2.5,0.06,pooled,438,0.9054794520547945,0.8082191780821918,0.16210045662100456,0.02968036529680365,15.010000000000062,354,71,13
margin>=0.08 OR best>=0.375 dur[3.0s->0.0],0.08,0.375,3.0,0.0,20260818-end,195,0.9076923076923077,0.8307692307692308,0.1282051282051282,0.041025641025641026,10.350000000000009,162,25,8
margin>=0.08 OR best>=0.375 dur[3.0s->0.0],0.08,0.375,3.0,0.0,20260825-end,243,0.9069958847736627,0.7983539094650206,0.18106995884773663,0.0205761316872428,4.660000000000053,194,44,5
margin>=0.08 OR best>=0.375 dur[3.0s->0.0],0.08,0.375,3.0,0.0,pooled,438,0.9073059360730594,0.8127853881278538,0.15753424657534246,0.02968036529680365,15.010000000000062,356,69,13
margin>=0.08 OR best>=0.375 dur[3.0s->0.02],0.08,0.375,3.0,0.02,20260818-end,195,0.9076923076923077,0.8307692307692308,0.1282051282051282,0.041025641025641026,10.350000000000009,162,25,8
margin>=0.08 OR best>=0.375 dur[3.0s->0.02],0.08,0.375,3.0,0.02,20260825-end,243,0.9053497942386832,0.7942386831275721,0.18518518518518517,0.0205761316872428,4.660000000000053,193,45,5
margin>=0.08 OR best>=0.375 dur[3.0s->0.02],0.08,0.375,3.0,0.02,pooled,438,0.906392694063927,0.8105022831050228,0.1598173515981735,0.02968036529680365,15.010000000000062,355,70,13
margin>=0.08 OR best>=0.375 dur[3.0s->0.04],0.08,0.375,3.0,0.04,20260818-end,195,0.9076923076923077,0.8307692307692308,0.1282051282051282,0.041025641025641026,10.350000000000009,162,25,8
margin>=0.08 OR best>=0.375 dur[3.0s->0.04],0.08,0.375,3.0,0.04,20260825-end,243,0.9053497942386832,0.7942386831275721,0.18518518518518517,0.0205761316872428,4.660000000000053,193,45,5
margin>=0.08 OR best>=0.375 dur[3.0s->0.04],0.08,0.375,3.0,0.04,pooled,438,0.906392694063927,0.8105022831050228,0.1598173515981735,0.02968036529680365,15.010000000000062,355,70,13
margin>=0.08 OR best>=0.375 dur[3.0s->0.06],0.08,0.375,3.0,0.06,20260818-end,195,0.9056410256410257,0.8256410256410256,0.13333333333333333,0.041025641025641026,10.350000000000009,161,26,8
margin>=0.08 OR best>=0.375 dur[3.0s->0.06],0.08,0.375,3.0,0.06,20260825-end,243,0.9053497942386832,0.7942386831275721,0.18518518518518517,0.0205761316872428,4.660000000000053,193,45,5
margin>=0.08 OR best>=0.375 dur[3.0s->0.06],0.08,0.375,3.0,0.06,pooled,438,0.9054794520547945,0.8082191780821918,0.16210045662100456,0.02968036529680365,15.010000000000062,354,71,13
margin>=0.08 OR best>=0.4,0.08,0.4,,,20260818-end,195,0.9056410256410257,0.8256410256410256,0.13333333333333333,0.041025641025641026,10.350000000000009,161,26,8
margin>=0.08 OR best>=0.4,0.08,0.4,,,20260825-end,243,0.9037037037037038,0.7901234567901234,0.18930041152263374,0.0205761316872428,4.660000000000053,192,46,5
margin>=0.08 OR best>=0.4,0.08,0.4,,,pooled,438,0.9045662100456622,0.8059360730593608,0.1643835616438356,0.02968036529680365,15.010000000000062,353,72,13
margin>=0.08 OR best>=0.4 dur[1.0s->0.0],0.08,0.4,1.0,0.0,20260818-end,195,0.9087179487179486,0.841025641025641,0.11282051282051282,0.046153846153846156,11.89,164,22,9
margin>=0.08 OR best>=0.4 dur[1.0s->0.0],0.08,0.4,1.0,0.0,20260825-end,243,0.9119341563786009,0.823045267489712,0.14814814814814814,0.02880658436213992,7.12000000000009,200,36,7
margin>=0.08 OR best>=0.4 dur[1.0s->0.0],0.08,0.4,1.0,0.0,pooled,438,0.9105022831050229,0.8310502283105022,0.1324200913242009,0.0365296803652968,19.01000000000009,364,58,16
margin>=0.08 OR best>=0.4 dur[1.0s->0.02],0.08,0.4,1.0,0.02,20260818-end,195,0.9087179487179486,0.841025641025641,0.11282051282051282,0.046153846153846156,11.89,164,22,9
margin>=0.08 OR best>=0.4 dur[1.0s->0.02],0.08,0.4,1.0,0.02,20260825-end,243,0.9020576131687243,0.7983539094650206,0.1728395061728395,0.02880658436213992,7.12000000000009,194,42,7
margin>=0.08 OR best>=0.4 dur[1.0s->0.02],0.08,0.4,1.0,0.02,pooled,438,0.9050228310502283,0.817351598173516,0.1461187214611872,0.0365296803652968,19.01000000000009,358,64,16
margin>=0.08 OR best>=0.4 dur[1.0s->0.04],0.08,0.4,1.0,0.04,20260818-end,195,0.9066666666666666,0.8358974358974359,0.11794871794871795,0.046153846153846156,11.89,163,23,9
margin>=0.08 OR best>=0.4 dur[1.0s->0.04],0.08,0.4,1.0,0.04,20260825-end,243,0.9069958847736627,0.7983539094650206,0.18106995884773663,0.0205761316872428,4.660000000000053,194,44,5
margin>=0.08 OR best>=0.4 dur[1.0s->0.04],0.08,0.4,1.0,0.04,pooled,438,0.9068493150684932,0.815068493150685,0.15296803652968036,0.0319634703196347,16.550000000000054,357,67,14
margin>=0.08 OR best>=0.4 dur[1.0s->0.06],0.08,0.4,1.0,0.06,20260818-end,195,0.9076923076923077,0.8307692307692308,0.1282051282051282,0.041025641025641026,10.350000000000009,162,25,8
margin>=0.08 OR best>=0.4 dur[1.0s->0.06],0.08,0.4,1.0,0.06,20260825-end,243,0.9053497942386832,0.7942386831275721,0.18518518518518517,0.0205761316872428,4.660000000000053,193,45,5
margin>=0.08 OR best>=0.4 dur[1.0s->0.06],0.08,0.4,1.0,0.06,pooled,438,0.906392694063927,0.8105022831050228,0.1598173515981735,0.02968036529680365,15.010000000000062,355,70,13
margin>=0.08 OR best>=0.4 dur[1.5s->0.0],0.08,0.4,1.5,0.0,20260818-end,195,0.9046153846153846,0.8307692307692308,0.12307692307692308,0.046153846153846156,11.89,162,24,9
margin>=0.08 OR best>=0.4 dur[1.5s->0.0],0.08,0.4,1.5,0.0,20260825-end,243,0.908641975308642,0.8024691358024691,0.17695473251028807,0.0205761316872428,4.660000000000053,195,43,5
margin>=0.08 OR best>=0.4 dur[1.5s->0.0],0.08,0.4,1.5,0.0,pooled,438,0.9068493150684932,0.815068493150685,0.15296803652968036,0.0319634703196347,16.550000000000054,357,67,14
margin>=0.08 OR best>=0.4 dur[1.5s->0.02],0.08,0.4,1.5,0.02,20260818-end,195,0.9046153846153846,0.8307692307692308,0.12307692307692308,0.046153846153846156,11.89,162,24,9
margin>=0.08 OR best>=0.4 dur[1.5s->0.02],0.08,0.4,1.5,0.02,20260825-end,243,0.9037037037037038,0.7901234567901234,0.18930041152263374,0.0205761316872428,4.660000000000053,192,46,5
margin>=0.08 OR best>=0.4 dur[1.5s->0.02],0.08,0.4,1.5,0.02,pooled,438,0.904109589041096,0.8082191780821918,0.1598173515981735,0.0319634703196347,16.550000000000054,354,70,14
margin>=0.08 OR best>=0.4 dur[1.5s->0.04],0.08,0.4,1.5,0.04,20260818-end,195,0.9046153846153846,0.8307692307692308,0.12307692307692308,0.046153846153846156,11.89,162,24,9
margin>=0.08 OR best>=0.4 dur[1.5s->0.04],0.08,0.4,1.5,0.04,20260825-end,243,0.9037037037037038,0.7901234567901234,0.18930041152263374,0.0205761316872428,4.660000000000053,192,46,5
margin>=0.08 OR best>=0.4 dur[1.5s->0.04],0.08,0.4,1.5,0.04,pooled,438,0.904109589041096,0.8082191780821918,0.1598173515981735,0.0319634703196347,16.550000000000054,354,70,14
margin>=0.08 OR best>=0.4 dur[1.5s->0.06],0.08,0.4,1.5,0.06,20260818-end,195,0.9056410256410257,0.8256410256410256,0.13333333333333333,0.041025641025641026,10.350000000000009,161,26,8
margin>=0.08 OR best>=0.4 dur[1.5s->0.06],0.08,0.4,1.5,0.06,20260825-end,243,0.9037037037037038,0.7901234567901234,0.18930041152263374,0.0205761316872428,4.660000000000053,192,46,5
margin>=0.08 OR best>=0.4 dur[1.5s->0.06],0.08,0.4,1.5,0.06,pooled,438,0.9045662100456622,0.8059360730593608,0.1643835616438356,0.02968036529680365,15.010000000000062,353,72,13
margin>=0.08 OR best>=0.4 dur[2.0s->0.0],0.08,0.4,2.0,0.0,20260818-end,195,0.9076923076923077,0.8307692307692308,0.1282051282051282,0.041025641025641026,10.350000000000009,162,25,8
margin>=0.08 OR best>=0.4 dur[2.0s->0.0],0.08,0.4,2.0,0.0,20260825-end,243,0.9069958847736627,0.7983539094650206,0.18106995884773663,0.0205761316872428,4.660000000000053,194,44,5
margin>=0.08 OR best>=0.4 dur[2.0s->0.0],0.08,0.4,2.0,0.0,pooled,438,0.9073059360730594,0.8127853881278538,0.15753424657534246,0.02968036529680365,15.010000000000062,356,69,13
margin>=0.08 OR best>=0.4 dur[2.0s->0.02],0.08,0.4,2.0,0.02,20260818-end,195,0.9076923076923077,0.8307692307692308,0.1282051282051282,0.041025641025641026,10.350000000000009,162,25,8
margin>=0.08 OR best>=0.4 dur[2.0s->0.02],0.08,0.4,2.0,0.02,20260825-end,243,0.9037037037037038,0.7901234567901234,0.18930041152263374,0.0205761316872428,4.660000000000053,192,46,5
margin>=0.08 OR best>=0.4 dur[2.0s->0.02],0.08,0.4,2.0,0.02,pooled,438,0.9054794520547946,0.8082191780821918,0.16210045662100456,0.02968036529680365,15.010000000000062,354,71,13
margin>=0.08 OR best>=0.4 dur[2.0s->0.04],0.08,0.4,2.0,0.04,20260818-end,195,0.9076923076923077,0.8307692307692308,0.1282051282051282,0.041025641025641026,10.350000000000009,162,25,8
margin>=0.08 OR best>=0.4 dur[2.0s->0.04],0.08,0.4,2.0,0.04,20260825-end,243,0.9037037037037038,0.7901234567901234,0.18930041152263374,0.0205761316872428,4.660000000000053,192,46,5
margin>=0.08 OR best>=0.4 dur[2.0s->0.04],0.08,0.4,2.0,0.04,pooled,438,0.9054794520547946,0.8082191780821918,0.16210045662100456,0.02968036529680365,15.010000000000062,354,71,13
margin>=0.08 OR best>=0.4 dur[2.0s->0.06],0.08,0.4,2.0,0.06,20260818-end,195,0.9056410256410257,0.8256410256410256,0.13333333333333333,0.041025641025641026,10.350000000000009,161,26,8
margin>=0.08 OR best>=0.4 dur[2.0s->0.06],0.08,0.4,2.0,0.06,20260825-end,243,0.9037037037037038,0.7901234567901234,0.18930041152263374,0.0205761316872428,4.660000000000053,192,46,5
margin>=0.08 OR best>=0.4 dur[2.0s->0.06],0.08,0.4,2.0,0.06,pooled,438,0.9045662100456622,0.8059360730593608,0.1643835616438356,0.02968036529680365,15.010000000000062,353,72,13
margin>=0.08 OR best>=0.4 dur[2.5s->0.0],0.08,0.4,2.5,0.0,20260818-end,195,0.9076923076923077,0.8307692307692308,0.1282051282051282,0.041025641025641026,10.350000000000009,162,25,8
margin>=0.08 OR best>=0.4 dur[2.5s->0.0],0.08,0.4,2.5,0.0,20260825-end,243,0.9069958847736627,0.7983539094650206,0.18106995884773663,0.0205761316872428,4.660000000000053,194,44,5
margin>=0.08 OR best>=0.4 dur[2.5s->0.0],0.08,0.4,2.5,0.0,pooled,438,0.9073059360730594,0.8127853881278538,0.15753424657534246,0.02968036529680365,15.010000000000062,356,69,13
margin>=0.08 OR best>=0.4 dur[2.5s->0.02],0.08,0.4,2.5,0.02,20260818-end,195,0.9076923076923077,0.8307692307692308,0.1282051282051282,0.041025641025641026,10.350000000000009,162,25,8
margin>=0.08 OR best>=0.4 dur[2.5s->0.02],0.08,0.4,2.5,0.02,20260825-end,243,0.9037037037037038,0.7901234567901234,0.18930041152263374,0.0205761316872428,4.660000000000053,192,46,5
margin>=0.08 OR best>=0.4 dur[2.5s->0.02],0.08,0.4,2.5,0.02,pooled,438,0.9054794520547946,0.8082191780821918,0.16210045662100456,0.02968036529680365,15.010000000000062,354,71,13
margin>=0.08 OR best>=0.4 dur[2.5s->0.04],0.08,0.4,2.5,0.04,20260818-end,195,0.9076923076923077,0.8307692307692308,0.1282051282051282,0.041025641025641026,10.350000000000009,162,25,8
margin>=0.08 OR best>=0.4 dur[2.5s->0.04],0.08,0.4,2.5,0.04,20260825-end,243,0.9037037037037038,0.7901234567901234,0.18930041152263374,0.0205761316872428,4.660000000000053,192,46,5
margin>=0.08 OR best>=0.4 dur[2.5s->0.04],0.08,0.4,2.5,0.04,pooled,438,0.9054794520547946,0.8082191780821918,0.16210045662100456,0.02968036529680365,15.010000000000062,354,71,13
margin>=0.08 OR best>=0.4 dur[2.5s->0.06],0.08,0.4,2.5,0.06,20260818-end,195,0.9056410256410257,0.8256410256410256,0.13333333333333333,0.041025641025641026,10.350000000000009,161,26,8
margin>=0.08 OR best>=0.4 dur[2.5s->0.06],0.08,0.4,2.5,0.06,20260825-end,243,0.9037037037037038,0.7901234567901234,0.18930041152263374,0.0205761316872428,4.660000000000053,192,46,5
margin>=0.08 OR best>=0.4 dur[2.5s->0.06],0.08,0.4,2.5,0.06,pooled,438,0.9045662100456622,0.8059360730593608,0.1643835616438356,0.02968036529680365,15.010000000000062,353,72,13
margin>=0.08 OR best>=0.4 dur[3.0s->0.0],0.08,0.4,3.0,0.0,20260818-end,195,0.9076923076923077,0.8307692307692308,0.1282051282051282,0.041025641025641026,10.350000000000009,162,25,8
margin>=0.08 OR best>=0.4 dur[3.0s->0.0],0.08,0.4,3.0,0.0,20260825-end,243,0.9053497942386832,0.7942386831275721,0.18518518518518517,0.0205761316872428,4.660000000000053,193,45,5
margin>=0.08 OR best>=0.4 dur[3.0s->0.0],0.08,0.4,3.0,0.0,pooled,438,0.906392694063927,0.8105022831050228,0.1598173515981735,0.02968036529680365,15.010000000000062,355,70,13
margin>=0.08 OR best>=0.4 dur[3.0s->0.02],0.08,0.4,3.0,0.02,20260818-end,195,0.9076923076923077,0.8307692307692308,0.1282051282051282,0.041025641025641026,10.350000000000009,162,25,8
margin>=0.08 OR best>=0.4 dur[3.0s->0.02],0.08,0.4,3.0,0.02,20260825-end,243,0.9037037037037038,0.7901234567901234,0.18930041152263374,0.0205761316872428,4.660000000000053,192,46,5
margin>=0.08 OR best>=0.4 dur[3.0s->0.02],0.08,0.4,3.0,0.02,pooled,438,0.9054794520547946,0.8082191780821918,0.16210045662100456,0.02968036529680365,15.010000000000062,354,71,13
margin>=0.08 OR best>=0.4 dur[3.0s->0.04],0.08,0.4,3.0,0.04,20260818-end,195,0.9076923076923077,0.8307692307692308,0.1282051282051282,0.041025641025641026,10.350000000000009,162,25,8
margin>=0.08 OR best>=0.4 dur[3.0s->0.04],0.08,0.4,3.0,0.04,20260825-end,243,0.9037037037037038,0.7901234567901234,0.18930041152263374,0.0205761316872428,4.660000000000053,192,46,5
margin>=0.08 OR best>=0.4 dur[3.0s->0.04],0.08,0.4,3.0,0.04,pooled,438,0.9054794520547946,0.8082191780821918,0.16210045662100456,0.02968036529680365,15.010000000000062,354,71,13
margin>=0.08 OR best>=0.4 dur[3.0s->0.06],0.08,0.4,3.0,0.06,20260818-end,195,0.9056410256410257,0.8256410256410256,0.13333333333333333,0.041025641025641026,10.350000000000009,161,26,8
margin>=0.08 OR best>=0.4 dur[3.0s->0.06],0.08,0.4,3.0,0.06,20260825-end,243,0.9037037037037038,0.7901234567901234,0.18930041152263374,0.0205761316872428,4.660000000000053,192,46,5
margin>=0.08 OR best>=0.4 dur[3.0s->0.06],0.08,0.4,3.0,0.06,pooled,438,0.9045662100456622,0.8059360730593608,0.1643835616438356,0.02968036529680365,15.010000000000062,353,72,13
margin>=0.08 OR best>=0.425,0.08,0.425,,,20260818-end,195,0.9087179487179486,0.8256410256410256,0.13846153846153847,0.035897435897435895,9.180000000000021,161,27,7
margin>=0.08 OR best>=0.425,0.08,0.425,,,20260825-end,243,0.9020576131687243,0.7860082304526749,0.1934156378600823,0.0205761316872428,4.660000000000053,191,47,5
margin>=0.08 OR best>=0.425,0.08,0.425,,,pooled,438,0.9050228310502284,0.8036529680365296,0.1689497716894977,0.0273972602739726,13.840000000000074,352,74,12
margin>=0.08 OR best>=0.425 dur[1.0s->0.0],0.08,0.425,1.0,0.0,20260818-end,195,0.9087179487179486,0.841025641025641,0.11282051282051282,0.046153846153846156,11.89,164,22,9
margin>=0.08 OR best>=0.425 dur[1.0s->0.0],0.08,0.425,1.0,0.0,20260825-end,243,0.9119341563786009,0.823045267489712,0.14814814814814814,0.02880658436213992,7.12000000000009,200,36,7
margin>=0.08 OR best>=0.425 dur[1.0s->0.0],0.08,0.425,1.0,0.0,pooled,438,0.9105022831050229,0.8310502283105022,0.1324200913242009,0.0365296803652968,19.01000000000009,364,58,16
margin>=0.08 OR best>=0.425 dur[1.0s->0.02],0.08,0.425,1.0,0.02,20260818-end,195,0.9087179487179486,0.841025641025641,0.11282051282051282,0.046153846153846156,11.89,164,22,9
margin>=0.08 OR best>=0.425 dur[1.0s->0.02],0.08,0.425,1.0,0.02,20260825-end,243,0.9020576131687243,0.7983539094650206,0.1728395061728395,0.02880658436213992,7.12000000000009,194,42,7
margin>=0.08 OR best>=0.425 dur[1.0s->0.02],0.08,0.425,1.0,0.02,pooled,438,0.9050228310502283,0.817351598173516,0.1461187214611872,0.0365296803652968,19.01000000000009,358,64,16
margin>=0.08 OR best>=0.425 dur[1.0s->0.04],0.08,0.425,1.0,0.04,20260818-end,195,0.9097435897435897,0.8358974358974359,0.12307692307692308,0.041025641025641026,10.720000000000013,163,24,8
margin>=0.08 OR best>=0.425 dur[1.0s->0.04],0.08,0.425,1.0,0.04,20260825-end,243,0.9069958847736627,0.7983539094650206,0.18106995884773663,0.0205761316872428,4.660000000000053,194,44,5
margin>=0.08 OR best>=0.425 dur[1.0s->0.04],0.08,0.425,1.0,0.04,pooled,438,0.9082191780821918,0.815068493150685,0.1552511415525114,0.02968036529680365,15.380000000000067,357,68,13
margin>=0.08 OR best>=0.425 dur[1.0s->0.06],0.08,0.425,1.0,0.06,20260818-end,195,0.9107692307692308,0.8307692307692308,0.13333333333333333,0.035897435897435895,9.180000000000021,162,26,7
margin>=0.08 OR best>=0.425 dur[1.0s->0.06],0.08,0.425,1.0,0.06,20260825-end,243,0.9037037037037038,0.7901234567901234,0.18930041152263374,0.0205761316872428,4.660000000000053,192,46,5
margin>=0.08 OR best>=0.425 dur[1.0s->0.06],0.08,0.425,1.0,0.06,pooled,438,0.9068493150684932,0.8082191780821918,0.1643835616438356,0.0273972602739726,13.840000000000074,354,72,12
margin>=0.08 OR best>=0.425 dur[1.5s->0.0],0.08,0.425,1.5,0.0,20260818-end,195,0.9076923076923077,0.8307692307692308,0.1282051282051282,0.041025641025641026,10.720000000000013,162,25,8
margin>=0.08 OR best>=0.425 dur[1.5s->0.0],0.08,0.425,1.5,0.0,20260825-end,243,0.9069958847736627,0.7983539094650206,0.18106995884773663,0.0205761316872428,4.660000000000053,194,44,5
margin>=0.08 OR best>=0.425 dur[1.5s->0.0],0.08,0.425,1.5,0.0,pooled,438,0.9073059360730594,0.8127853881278538,0.15753424657534246,0.02968036529680365,15.380000000000067,356,69,13
margin>=0.08 OR best>=0.425 dur[1.5s->0.02],0.08,0.425,1.5,0.02,20260818-end,195,0.9076923076923077,0.8307692307692308,0.1282051282051282,0.041025641025641026,10.720000000000013,162,25,8
margin>=0.08 OR best>=0.425 dur[1.5s->0.02],0.08,0.425,1.5,0.02,20260825-end,243,0.9020576131687243,0.7860082304526749,0.1934156378600823,0.0205761316872428,4.660000000000053,191,47,5
margin>=0.08 OR best>=0.425 dur[1.5s->0.02],0.08,0.425,1.5,0.02,pooled,438,0.9045662100456622,0.8059360730593608,0.1643835616438356,0.02968036529680365,15.380000000000067,353,72,13
margin>=0.08 OR best>=0.425 dur[1.5s->0.04],0.08,0.425,1.5,0.04,20260818-end,195,0.9076923076923077,0.8307692307692308,0.1282051282051282,0.041025641025641026,10.720000000000013,162,25,8
margin>=0.08 OR best>=0.425 dur[1.5s->0.04],0.08,0.425,1.5,0.04,20260825-end,243,0.9020576131687243,0.7860082304526749,0.1934156378600823,0.0205761316872428,4.660000000000053,191,47,5
margin>=0.08 OR best>=0.425 dur[1.5s->0.04],0.08,0.425,1.5,0.04,pooled,438,0.9045662100456622,0.8059360730593608,0.1643835616438356,0.02968036529680365,15.380000000000067,353,72,13
margin>=0.08 OR best>=0.425 dur[1.5s->0.06],0.08,0.425,1.5,0.06,20260818-end,195,0.9087179487179486,0.8256410256410256,0.13846153846153847,0.035897435897435895,9.180000000000021,161,27,7
margin>=0.08 OR best>=0.425 dur[1.5s->0.06],0.08,0.425,1.5,0.06,20260825-end,243,0.9020576131687243,0.7860082304526749,0.1934156378600823,0.0205761316872428,4.660000000000053,191,47,5
margin>=0.08 OR best>=0.425 dur[1.5s->0.06],0.08,0.425,1.5,0.06,pooled,438,0.9050228310502284,0.8036529680365296,0.1689497716894977,0.0273972602739726,13.840000000000074,352,74,12
margin>=0.08 OR best>=0.425 dur[2.0s->0.0],0.08,0.425,2.0,0.0,20260818-end,195,0.9107692307692308,0.8307692307692308,0.13333333333333333,0.035897435897435895,9.180000000000021,162,26,7
margin>=0.08 OR best>=0.425 dur[2.0s->0.0],0.08,0.425,2.0,0.0,20260825-end,243,0.9053497942386832,0.7942386831275721,0.18518518518518517,0.0205761316872428,4.660000000000053,193,45,5
margin>=0.08 OR best>=0.425 dur[2.0s->0.0],0.08,0.425,2.0,0.0,pooled,438,0.9077625570776255,0.8105022831050228,0.16210045662100456,0.0273972602739726,13.840000000000074,355,71,12
margin>=0.08 OR best>=0.425 dur[2.0s->0.02],0.08,0.425,2.0,0.02,20260818-end,195,0.9107692307692308,0.8307692307692308,0.13333333333333333,0.035897435897435895,9.180000000000021,162,26,7
margin>=0.08 OR best>=0.425 dur[2.0s->0.02],0.08,0.425,2.0,0.02,20260825-end,243,0.9020576131687243,0.7860082304526749,0.1934156378600823,0.0205761316872428,4.660000000000053,191,47,5
margin>=0.08 OR best>=0.425 dur[2.0s->0.02],0.08,0.425,2.0,0.02,pooled,438,0.9059360730593607,0.8059360730593608,0.16666666666666666,0.0273972602739726,13.840000000000074,353,73,12
margin>=0.08 OR best>=0.425 dur[2.0s->0.04],0.08,0.425,2.0,0.04,20260818-end,195,0.9107692307692308,0.8307692307692308,0.13333333333333333,0.035897435897435895,9.180000000000021,162,26,7
margin>=0.08 OR best>=0.425 dur[2.0s->0.04],0.08,0.425,2.0,0.04,20260825-end,243,0.9020576131687243,0.7860082304526749,0.1934156378600823,0.0205761316872428,4.660000000000053,191,47,5
margin>=0.08 OR best>=0.425 dur[2.0s->0.04],0.08,0.425,2.0,0.04,pooled,438,0.9059360730593607,0.8059360730593608,0.16666666666666666,0.0273972602739726,13.840000000000074,353,73,12
margin>=0.08 OR best>=0.425 dur[2.0s->0.06],0.08,0.425,2.0,0.06,20260818-end,195,0.9087179487179486,0.8256410256410256,0.13846153846153847,0.035897435897435895,9.180000000000021,161,27,7
margin>=0.08 OR best>=0.425 dur[2.0s->0.06],0.08,0.425,2.0,0.06,20260825-end,243,0.9020576131687243,0.7860082304526749,0.1934156378600823,0.0205761316872428,4.660000000000053,191,47,5
margin>=0.08 OR best>=0.425 dur[2.0s->0.06],0.08,0.425,2.0,0.06,pooled,438,0.9050228310502284,0.8036529680365296,0.1689497716894977,0.0273972602739726,13.840000000000074,352,74,12
margin>=0.08 OR best>=0.425 dur[2.5s->0.0],0.08,0.425,2.5,0.0,20260818-end,195,0.9107692307692308,0.8307692307692308,0.13333333333333333,0.035897435897435895,9.180000000000021,162,26,7
margin>=0.08 OR best>=0.425 dur[2.5s->0.0],0.08,0.425,2.5,0.0,20260825-end,243,0.9053497942386832,0.7942386831275721,0.18518518518518517,0.0205761316872428,4.660000000000053,193,45,5
margin>=0.08 OR best>=0.425 dur[2.5s->0.0],0.08,0.425,2.5,0.0,pooled,438,0.9077625570776255,0.8105022831050228,0.16210045662100456,0.0273972602739726,13.840000000000074,355,71,12
margin>=0.08 OR best>=0.425 dur[2.5s->0.02],0.08,0.425,2.5,0.02,20260818-end,195,0.9107692307692308,0.8307692307692308,0.13333333333333333,0.035897435897435895,9.180000000000021,162,26,7
margin>=0.08 OR best>=0.425 dur[2.5s->0.02],0.08,0.425,2.5,0.02,20260825-end,243,0.9020576131687243,0.7860082304526749,0.1934156378600823,0.0205761316872428,4.660000000000053,191,47,5
margin>=0.08 OR best>=0.425 dur[2.5s->0.02],0.08,0.425,2.5,0.02,pooled,438,0.9059360730593607,0.8059360730593608,0.16666666666666666,0.0273972602739726,13.840000000000074,353,73,12
margin>=0.08 OR best>=0.425 dur[2.5s->0.04],0.08,0.425,2.5,0.04,20260818-end,195,0.9107692307692308,0.8307692307692308,0.13333333333333333,0.035897435897435895,9.180000000000021,162,26,7
margin>=0.08 OR best>=0.425 dur[2.5s->0.04],0.08,0.425,2.5,0.04,20260825-end,243,0.9020576131687243,0.7860082304526749,0.1934156378600823,0.0205761316872428,4.660000000000053,191,47,5
margin>=0.08 OR best>=0.425 dur[2.5s->0.04],0.08,0.425,2.5,0.04,pooled,438,0.9059360730593607,0.8059360730593608,0.16666666666666666,0.0273972602739726,13.840000000000074,353,73,12
margin>=0.08 OR best>=0.425 dur[2.5s->0.06],0.08,0.425,2.5,0.06,20260818-end,195,0.9087179487179486,0.8256410256410256,0.13846153846153847,0.035897435897435895,9.180000000000021,161,27,7
margin>=0.08 OR best>=0.425 dur[2.5s->0.06],0.08,0.425,2.5,0.06,20260825-end,243,0.9020576131687243,0.7860082304526749,0.1934156378600823,0.0205761316872428,4.660000000000053,191,47,5
margin>=0.08 OR best>=0.425 dur[2.5s->0.06],0.08,0.425,2.5,0.06,pooled,438,0.9050228310502284,0.8036529680365296,0.1689497716894977,0.0273972602739726,13.840000000000074,352,74,12
margin>=0.08 OR best>=0.425 dur[3.0s->0.0],0.08,0.425,3.0,0.0,20260818-end,195,0.9107692307692308,0.8307692307692308,0.13333333333333333,0.035897435897435895,9.180000000000021,162,26,7
margin>=0.08 OR best>=0.425 dur[3.0s->0.0],0.08,0.425,3.0,0.0,20260825-end,243,0.9037037037037038,0.7901234567901234,0.18930041152263374,0.0205761316872428,4.660000000000053,192,46,5
margin>=0.08 OR best>=0.425 dur[3.0s->0.0],0.08,0.425,3.0,0.0,pooled,438,0.9068493150684932,0.8082191780821918,0.1643835616438356,0.0273972602739726,13.840000000000074,354,72,12
margin>=0.08 OR best>=0.425 dur[3.0s->0.02],0.08,0.425,3.0,0.02,20260818-end,195,0.9107692307692308,0.8307692307692308,0.13333333333333333,0.035897435897435895,9.180000000000021,162,26,7
margin>=0.08 OR best>=0.425 dur[3.0s->0.02],0.08,0.425,3.0,0.02,20260825-end,243,0.9020576131687243,0.7860082304526749,0.1934156378600823,0.0205761316872428,4.660000000000053,191,47,5
margin>=0.08 OR best>=0.425 dur[3.0s->0.02],0.08,0.425,3.0,0.02,pooled,438,0.9059360730593607,0.8059360730593608,0.16666666666666666,0.0273972602739726,13.840000000000074,353,73,12
margin>=0.08 OR best>=0.425 dur[3.0s->0.04],0.08,0.425,3.0,0.04,20260818-end,195,0.9107692307692308,0.8307692307692308,0.13333333333333333,0.035897435897435895,9.180000000000021,162,26,7
margin>=0.08 OR best>=0.425 dur[3.0s->0.04],0.08,0.425,3.0,0.04,20260825-end,243,0.9020576131687243,0.7860082304526749,0.1934156378600823,0.0205761316872428,4.660000000000053,191,47,5
margin>=0.08 OR best>=0.425 dur[3.0s->0.04],0.08,0.425,3.0,0.04,pooled,438,0.9059360730593607,0.8059360730593608,0.16666666666666666,0.0273972602739726,13.840000000000074,353,73,12
margin>=0.08 OR best>=0.425 dur[3.0s->0.06],0.08,0.425,3.0,0.06,20260818-end,195,0.9087179487179486,0.8256410256410256,0.13846153846153847,0.035897435897435895,9.180000000000021,161,27,7
margin>=0.08 OR best>=0.425 dur[3.0s->0.06],0.08,0.425,3.0,0.06,20260825-end,243,0.9020576131687243,0.7860082304526749,0.1934156378600823,0.0205761316872428,4.660000000000053,191,47,5
margin>=0.08 OR best>=0.425 dur[3.0s->0.06],0.08,0.425,3.0,0.06,pooled,438,0.9050228310502284,0.8036529680365296,0.1689497716894977,0.0273972602739726,13.840000000000074,352,74,12
margin>=0.08 OR best>=0.45,0.08,0.45,,,20260818-end,195,0.9087179487179486,0.8256410256410256,0.13846153846153847,0.035897435897435895,9.180000000000021,161,27,7
margin>=0.08 OR best>=0.45,0.08,0.45,,,20260825-end,243,0.9020576131687243,0.7860082304526749,0.1934156378600823,0.0205761316872428,4.660000000000053,191,47,5
margin>=0.08 OR best>=0.45,0.08,0.45,,,pooled,438,0.9050228310502284,0.8036529680365296,0.1689497716894977,0.0273972602739726,13.840000000000074,352,74,12
margin>=0.08 OR best>=0.45 dur[1.0s->0.0],0.08,0.45,1.0,0.0,20260818-end,195,0.9087179487179486,0.841025641025641,0.11282051282051282,0.046153846153846156,11.89,164,22,9
margin>=0.08 OR best>=0.45 dur[1.0s->0.0],0.08,0.45,1.0,0.0,20260825-end,243,0.9119341563786009,0.823045267489712,0.14814814814814814,0.02880658436213992,7.12000000000009,200,36,7
margin>=0.08 OR best>=0.45 dur[1.0s->0.0],0.08,0.45,1.0,0.0,pooled,438,0.9105022831050229,0.8310502283105022,0.1324200913242009,0.0365296803652968,19.01000000000009,364,58,16
margin>=0.08 OR best>=0.45 dur[1.0s->0.02],0.08,0.45,1.0,0.02,20260818-end,195,0.9087179487179486,0.841025641025641,0.11282051282051282,0.046153846153846156,11.89,164,22,9
margin>=0.08 OR best>=0.45 dur[1.0s->0.02],0.08,0.45,1.0,0.02,20260825-end,243,0.9020576131687243,0.7983539094650206,0.1728395061728395,0.02880658436213992,7.12000000000009,194,42,7
margin>=0.08 OR best>=0.45 dur[1.0s->0.02],0.08,0.45,1.0,0.02,pooled,438,0.9050228310502283,0.817351598173516,0.1461187214611872,0.0365296803652968,19.01000000000009,358,64,16
margin>=0.08 OR best>=0.45 dur[1.0s->0.04],0.08,0.45,1.0,0.04,20260818-end,195,0.9097435897435897,0.8358974358974359,0.12307692307692308,0.041025641025641026,10.720000000000013,163,24,8
margin>=0.08 OR best>=0.45 dur[1.0s->0.04],0.08,0.45,1.0,0.04,20260825-end,243,0.9069958847736627,0.7983539094650206,0.18106995884773663,0.0205761316872428,4.660000000000053,194,44,5
margin>=0.08 OR best>=0.45 dur[1.0s->0.04],0.08,0.45,1.0,0.04,pooled,438,0.9082191780821918,0.815068493150685,0.1552511415525114,0.02968036529680365,15.380000000000067,357,68,13
margin>=0.08 OR best>=0.45 dur[1.0s->0.06],0.08,0.45,1.0,0.06,20260818-end,195,0.9107692307692308,0.8307692307692308,0.13333333333333333,0.035897435897435895,9.180000000000021,162,26,7
margin>=0.08 OR best>=0.45 dur[1.0s->0.06],0.08,0.45,1.0,0.06,20260825-end,243,0.9037037037037038,0.7901234567901234,0.18930041152263374,0.0205761316872428,4.660000000000053,192,46,5
margin>=0.08 OR best>=0.45 dur[1.0s->0.06],0.08,0.45,1.0,0.06,pooled,438,0.9068493150684932,0.8082191780821918,0.1643835616438356,0.0273972602739726,13.840000000000074,354,72,12
margin>=0.08 OR best>=0.45 dur[1.5s->0.0],0.08,0.45,1.5,0.0,20260818-end,195,0.9076923076923077,0.8307692307692308,0.1282051282051282,0.041025641025641026,10.720000000000013,162,25,8
margin>=0.08 OR best>=0.45 dur[1.5s->0.0],0.08,0.45,1.5,0.0,20260825-end,243,0.9069958847736627,0.7983539094650206,0.18106995884773663,0.0205761316872428,4.660000000000053,194,44,5
margin>=0.08 OR best>=0.45 dur[1.5s->0.0],0.08,0.45,1.5,0.0,pooled,438,0.9073059360730594,0.8127853881278538,0.15753424657534246,0.02968036529680365,15.380000000000067,356,69,13
margin>=0.08 OR best>=0.45 dur[1.5s->0.02],0.08,0.45,1.5,0.02,20260818-end,195,0.9076923076923077,0.8307692307692308,0.1282051282051282,0.041025641025641026,10.720000000000013,162,25,8
margin>=0.08 OR best>=0.45 dur[1.5s->0.02],0.08,0.45,1.5,0.02,20260825-end,243,0.9020576131687243,0.7860082304526749,0.1934156378600823,0.0205761316872428,4.660000000000053,191,47,5
margin>=0.08 OR best>=0.45 dur[1.5s->0.02],0.08,0.45,1.5,0.02,pooled,438,0.9045662100456622,0.8059360730593608,0.1643835616438356,0.02968036529680365,15.380000000000067,353,72,13
margin>=0.08 OR best>=0.45 dur[1.5s->0.04],0.08,0.45,1.5,0.04,20260818-end,195,0.9076923076923077,0.8307692307692308,0.1282051282051282,0.041025641025641026,10.720000000000013,162,25,8
margin>=0.08 OR best>=0.45 dur[1.5s->0.04],0.08,0.45,1.5,0.04,20260825-end,243,0.9020576131687243,0.7860082304526749,0.1934156378600823,0.0205761316872428,4.660000000000053,191,47,5
margin>=0.08 OR best>=0.45 dur[1.5s->0.04],0.08,0.45,1.5,0.04,pooled,438,0.9045662100456622,0.8059360730593608,0.1643835616438356,0.02968036529680365,15.380000000000067,353,72,13
margin>=0.08 OR best>=0.45 dur[1.5s->0.06],0.08,0.45,1.5,0.06,20260818-end,195,0.9087179487179486,0.8256410256410256,0.13846153846153847,0.035897435897435895,9.180000000000021,161,27,7
margin>=0.08 OR best>=0.45 dur[1.5s->0.06],0.08,0.45,1.5,0.06,20260825-end,243,0.9020576131687243,0.7860082304526749,0.1934156378600823,0.0205761316872428,4.660000000000053,191,47,5
margin>=0.08 OR best>=0.45 dur[1.5s->0.06],0.08,0.45,1.5,0.06,pooled,438,0.9050228310502284,0.8036529680365296,0.1689497716894977,0.0273972602739726,13.840000000000074,352,74,12
margin>=0.08 OR best>=0.45 dur[2.0s->0.0],0.08,0.45,2.0,0.0,20260818-end,195,0.9107692307692308,0.8307692307692308,0.13333333333333333,0.035897435897435895,9.180000000000021,162,26,7
margin>=0.08 OR best>=0.45 dur[2.0s->0.0],0.08,0.45,2.0,0.0,20260825-end,243,0.9053497942386832,0.7942386831275721,0.18518518518518517,0.0205761316872428,4.660000000000053,193,45,5
margin>=0.08 OR best>=0.45 dur[2.0s->0.0],0.08,0.45,2.0,0.0,pooled,438,0.9077625570776255,0.8105022831050228,0.16210045662100456,0.0273972602739726,13.840000000000074,355,71,12
margin>=0.08 OR best>=0.45 dur[2.0s->0.02],0.08,0.45,2.0,0.02,20260818-end,195,0.9107692307692308,0.8307692307692308,0.13333333333333333,0.035897435897435895,9.180000000000021,162,26,7
margin>=0.08 OR best>=0.45 dur[2.0s->0.02],0.08,0.45,2.0,0.02,20260825-end,243,0.9020576131687243,0.7860082304526749,0.1934156378600823,0.0205761316872428,4.660000000000053,191,47,5
margin>=0.08 OR best>=0.45 dur[2.0s->0.02],0.08,0.45,2.0,0.02,pooled,438,0.9059360730593607,0.8059360730593608,0.16666666666666666,0.0273972602739726,13.840000000000074,353,73,12
margin>=0.08 OR best>=0.45 dur[2.0s->0.04],0.08,0.45,2.0,0.04,20260818-end,195,0.9107692307692308,0.8307692307692308,0.13333333333333333,0.035897435897435895,9.180000000000021,162,26,7
margin>=0.08 OR best>=0.45 dur[2.0s->0.04],0.08,0.45,2.0,0.04,20260825-end,243,0.9020576131687243,0.7860082304526749,0.1934156378600823,0.0205761316872428,4.660000000000053,191,47,5
margin>=0.08 OR best>=0.45 dur[2.0s->0.04],0.08,0.45,2.0,0.04,pooled,438,0.9059360730593607,0.8059360730593608,0.16666666666666666,0.0273972602739726,13.840000000000074,353,73,12
margin>=0.08 OR best>=0.45 dur[2.0s->0.06],0.08,0.45,2.0,0.06,20260818-end,195,0.9087179487179486,0.8256410256410256,0.13846153846153847,0.035897435897435895,9.180000000000021,161,27,7
margin>=0.08 OR best>=0.45 dur[2.0s->0.06],0.08,0.45,2.0,0.06,20260825-end,243,0.9020576131687243,0.7860082304526749,0.1934156378600823,0.0205761316872428,4.660000000000053,191,47,5
margin>=0.08 OR best>=0.45 dur[2.0s->0.06],0.08,0.45,2.0,0.06,pooled,438,0.9050228310502284,0.8036529680365296,0.1689497716894977,0.0273972602739726,13.840000000000074,352,74,12
margin>=0.08 OR best>=0.45 dur[2.5s->0.0],0.08,0.45,2.5,0.0,20260818-end,195,0.9107692307692308,0.8307692307692308,0.13333333333333333,0.035897435897435895,9.180000000000021,162,26,7
margin>=0.08 OR best>=0.45 dur[2.5s->0.0],0.08,0.45,2.5,0.0,20260825-end,243,0.9053497942386832,0.7942386831275721,0.18518518518518517,0.0205761316872428,4.660000000000053,193,45,5
margin>=0.08 OR best>=0.45 dur[2.5s->0.0],0.08,0.45,2.5,0.0,pooled,438,0.9077625570776255,0.8105022831050228,0.16210045662100456,0.0273972602739726,13.840000000000074,355,71,12
margin>=0.08 OR best>=0.45 dur[2.5s->0.02],0.08,0.45,2.5,0.02,20260818-end,195,0.9107692307692308,0.8307692307692308,0.13333333333333333,0.035897435897435895,9.180000000000021,162,26,7
margin>=0.08 OR best>=0.45 dur[2.5s->0.02],0.08,0.45,2.5,0.02,20260825-end,243,0.9020576131687243,0.7860082304526749,0.1934156378600823,0.0205761316872428,4.660000000000053,191,47,5
margin>=0.08 OR best>=0.45 dur[2.5s->0.02],0.08,0.45,2.5,0.02,pooled,438,0.9059360730593607,0.8059360730593608,0.16666666666666666,0.0273972602739726,13.840000000000074,353,73,12
margin>=0.08 OR best>=0.45 dur[2.5s->0.04],0.08,0.45,2.5,0.04,20260818-end,195,0.9107692307692308,0.8307692307692308,0.13333333333333333,0.035897435897435895,9.180000000000021,162,26,7
margin>=0.08 OR best>=0.45 dur[2.5s->0.04],0.08,0.45,2.5,0.04,20260825-end,243,0.9020576131687243,0.7860082304526749,0.1934156378600823,0.0205761316872428,4.660000000000053,191,47,5
margin>=0.08 OR best>=0.45 dur[2.5s->0.04],0.08,0.45,2.5,0.04,pooled,438,0.9059360730593607,0.8059360730593608,0.16666666666666666,0.0273972602739726,13.840000000000074,353,73,12
margin>=0.08 OR best>=0.45 dur[2.5s->0.06],0.08,0.45,2.5,0.06,20260818-end,195,0.9087179487179486,0.8256410256410256,0.13846153846153847,0.035897435897435895,9.180000000000021,161,27,7
margin>=0.08 OR best>=0.45 dur[2.5s->0.06],0.08,0.45,2.5,0.06,20260825-end,243,0.9020576131687243,0.7860082304526749,0.1934156378600823,0.0205761316872428,4.660000000000053,191,47,5
margin>=0.08 OR best>=0.45 dur[2.5s->0.06],0.08,0.45,2.5,0.06,pooled,438,0.9050228310502284,0.8036529680365296,0.1689497716894977,0.0273972602739726,13.840000000000074,352,74,12
margin>=0.08 OR best>=0.45 dur[3.0s->0.0],0.08,0.45,3.0,0.0,20260818-end,195,0.9107692307692308,0.8307692307692308,0.13333333333333333,0.035897435897435895,9.180000000000021,162,26,7
margin>=0.08 OR best>=0.45 dur[3.0s->0.0],0.08,0.45,3.0,0.0,20260825-end,243,0.9037037037037038,0.7901234567901234,0.18930041152263374,0.0205761316872428,4.660000000000053,192,46,5
margin>=0.08 OR best>=0.45 dur[3.0s->0.0],0.08,0.45,3.0,0.0,pooled,438,0.9068493150684932,0.8082191780821918,0.1643835616438356,0.0273972602739726,13.840000000000074,354,72,12
margin>=0.08 OR best>=0.45 dur[3.0s->0.02],0.08,0.45,3.0,0.02,20260818-end,195,0.9107692307692308,0.8307692307692308,0.13333333333333333,0.035897435897435895,9.180000000000021,162,26,7
margin>=0.08 OR best>=0.45 dur[3.0s->0.02],0.08,0.45,3.0,0.02,20260825-end,243,0.9020576131687243,0.7860082304526749,0.1934156378600823,0.0205761316872428,4.660000000000053,191,47,5
margin>=0.08 OR best>=0.45 dur[3.0s->0.02],0.08,0.45,3.0,0.02,pooled,438,0.9059360730593607,0.8059360730593608,0.16666666666666666,0.0273972602739726,13.840000000000074,353,73,12
margin>=0.08 OR best>=0.45 dur[3.0s->0.04],0.08,0.45,3.0,0.04,20260818-end,195,0.9107692307692308,0.8307692307692308,0.13333333333333333,0.035897435897435895,9.180000000000021,162,26,7
margin>=0.08 OR best>=0.45 dur[3.0s->0.04],0.08,0.45,3.0,0.04,20260825-end,243,0.9020576131687243,0.7860082304526749,0.1934156378600823,0.0205761316872428,4.660000000000053,191,47,5
margin>=0.08 OR best>=0.45 dur[3.0s->0.04],0.08,0.45,3.0,0.04,pooled,438,0.9059360730593607,0.8059360730593608,0.16666666666666666,0.0273972602739726,13.840000000000074,353,73,12
margin>=0.08 OR best>=0.45 dur[3.0s->0.06],0.08,0.45,3.0,0.06,20260818-end,195,0.9087179487179486,0.8256410256410256,0.13846153846153847,0.035897435897435895,9.180000000000021,161,27,7
margin>=0.08 OR best>=0.45 dur[3.0s->0.06],0.08,0.45,3.0,0.06,20260825-end,243,0.9020576131687243,0.7860082304526749,0.1934156378600823,0.0205761316872428,4.660000000000053,191,47,5
margin>=0.08 OR best>=0.45 dur[3.0s->0.06],0.08,0.45,3.0,0.06,pooled,438,0.9050228310502284,0.8036529680365296,0.1689497716894977,0.0273972602739726,13.840000000000074,352,74,12
margin>=0.09,0.09,,,,20260818-end,195,0.9097435897435897,0.8051282051282052,0.17435897435897435,0.020512820512820513,3.8800000000000523,157,34,4
margin>=0.09,0.09,,,,20260825-end,243,0.8921810699588478,0.7613168724279835,0.21810699588477367,0.0205761316872428,4.660000000000053,185,53,5
margin>=0.09,0.09,,,,pooled,438,0.9000000000000001,0.7808219178082192,0.19863013698630136,0.02054794520547945,8.540000000000106,342,87,9
margin>=0.09 dur[1.0s->0.0],0.09,,1.0,0.0,20260818-end,195,0.9097435897435897,0.8358974358974359,0.12307692307692308,0.041025641025641026,11.470000000000013,163,24,8
margin>=0.09 dur[1.0s->0.0],0.09,,1.0,0.0,20260825-end,243,0.9069958847736626,0.8106995884773662,0.16049382716049382,0.02880658436213992,7.12000000000009,197,39,7
margin>=0.09 dur[1.0s->0.0],0.09,,1.0,0.0,pooled,438,0.9082191780821918,0.821917808219178,0.14383561643835616,0.03424657534246575,18.590000000000103,360,63,15
margin>=0.09 dur[1.0s->0.02],0.09,,1.0,0.02,20260818-end,195,0.9097435897435897,0.8358974358974359,0.12307692307692308,0.041025641025641026,11.470000000000013,163,24,8
margin>=0.09 dur[1.0s->0.02],0.09,,1.0,0.02,20260825-end,243,0.8954732510288067,0.7818930041152263,0.18930041152263374,0.02880658436213992,7.12000000000009,190,46,7
margin>=0.09 dur[1.0s->0.02],0.09,,1.0,0.02,pooled,438,0.9018264840182648,0.8059360730593608,0.1598173515981735,0.03424657534246575,18.590000000000103,353,70,15
margin>=0.09 dur[1.0s->0.04],0.09,,1.0,0.04,20260818-end,195,0.9138461538461539,0.8307692307692308,0.13846153846153847,0.03076923076923077,6.520000000000053,162,27,6
margin>=0.09 dur[1.0s->0.04],0.09,,1.0,0.04,20260825-end,243,0.9004115226337449,0.7818930041152263,0.19753086419753085,0.0205761316872428,4.660000000000053,190,48,5
margin>=0.09 dur[1.0s->0.04],0.09,,1.0,0.04,pooled,438,0.906392694063927,0.8036529680365296,0.17123287671232876,0.02511415525114155,11.180000000000106,352,75,11
margin>=0.09 dur[1.0s->0.06],0.09,,1.0,0.06,20260818-end,195,0.9128205128205128,0.8205128205128205,0.15384615384615385,0.02564102564102564,4.980000000000061,160,30,5
margin>=0.09 dur[1.0s->0.06],0.09,,1.0,0.06,20260825-end,243,0.8954732510288067,0.7695473251028807,0.20987654320987653,0.0205761316872428,4.660000000000053,187,51,5
margin>=0.09 dur[1.0s->0.06],0.09,,1.0,0.06,pooled,438,0.9031963470319635,0.7922374429223744,0.18493150684931506,0.0228310502283105,9.640000000000114,347,81,10
margin>=0.09 dur[1.5s->0.0],0.09,,1.5,0.0,20260818-end,195,0.9097435897435897,0.8205128205128205,0.14871794871794872,0.03076923076923077,9.200000000000017,160,29,6
margin>=0.09 dur[1.5s->0.0],0.09,,1.5,0.0,20260825-end,243,0.9020576131687243,0.7860082304526749,0.1934156378600823,0.0205761316872428,4.660000000000053,191,47,5
margin>=0.09 dur[1.5s->0.0],0.09,,1.5,0.0,pooled,438,0.9054794520547946,0.8013698630136986,0.1735159817351598,0.02511415525114155,13.86000000000007,351,76,11
margin>=0.09 dur[1.5s->0.02],0.09,,1.5,0.02,20260818-end,195,0.9097435897435897,0.8205128205128205,0.14871794871794872,0.03076923076923077,9.200000000000017,160,29,6
margin>=0.09 dur[1.5s->0.02],0.09,,1.5,0.02,20260825-end,243,0.8954732510288067,0.7695473251028807,0.20987654320987653,0.0205761316872428,4.660000000000053,187,51,5
margin>=0.09 dur[1.5s->0.02],0.09,,1.5,0.02,pooled,438,0.9018264840182649,0.7922374429223744,0.182648401826484,0.02511415525114155,13.86000000000007,347,80,11
margin>=0.09 dur[1.5s->0.04],0.09,,1.5,0.04,20260818-end,195,0.9128205128205128,0.8205128205128205,0.15384615384615385,0.02564102564102564,5.420000000000044,160,30,5
margin>=0.09 dur[1.5s->0.04],0.09,,1.5,0.04,20260825-end,243,0.8954732510288067,0.7695473251028807,0.20987654320987653,0.0205761316872428,4.660000000000053,187,51,5
margin>=0.09 dur[1.5s->0.04],0.09,,1.5,0.04,pooled,438,0.9031963470319635,0.7922374429223744,0.18493150684931506,0.0228310502283105,10.080000000000098,347,81,10
margin>=0.09 dur[1.5s->0.06],0.09,,1.5,0.06,20260818-end,195,0.9117948717948718,0.8102564102564103,0.16923076923076924,0.020512820512820513,3.8800000000000523,158,33,4
margin>=0.09 dur[1.5s->0.06],0.09,,1.5,0.06,20260825-end,243,0.8938271604938273,0.7654320987654321,0.2139917695473251,0.0205761316872428,4.660000000000053,186,52,5
margin>=0.09 dur[1.5s->0.06],0.09,,1.5,0.06,pooled,438,0.9018264840182649,0.7853881278538812,0.19406392694063926,0.02054794520547945,8.540000000000106,344,85,9
margin>=0.09 dur[2.0s->0.0],0.09,,2.0,0.0,20260818-end,195,0.9107692307692308,0.8153846153846154,0.15897435897435896,0.02564102564102564,7.660000000000025,159,31,5
margin>=0.09 dur[2.0s->0.0],0.09,,2.0,0.0,20260825-end,243,0.8971193415637861,0.7736625514403292,0.205761316872428,0.0205761316872428,4.660000000000053,188,50,5
margin>=0.09 dur[2.0s->0.0],0.09,,2.0,0.0,pooled,438,0.9031963470319635,0.7922374429223744,0.18493150684931506,0.0228310502283105,12.320000000000078,347,81,10
margin>=0.09 dur[2.0s->0.02],0.09,,2.0,0.02,20260818-end,195,0.9107692307692308,0.8153846153846154,0.15897435897435896,0.02564102564102564,7.660000000000025,159,31,5
margin>=0.09 dur[2.0s->0.02],0.09,,2.0,0.02,20260825-end,243,0.8921810699588478,0.7613168724279835,0.21810699588477367,0.0205761316872428,4.660000000000053,185,53,5
margin>=0.09 dur[2.0s->0.02],0.09,,2.0,0.02,pooled,438,0.9004566210045662,0.7853881278538812,0.1917808219178082,0.0228310502283105,12.320000000000078,344,84,10
margin>=0.09 dur[2.0s->0.04],0.09,,2.0,0.04,20260818-end,195,0.9138461538461539,0.8153846153846154,0.1641025641025641,0.020512820512820513,3.8800000000000523,159,32,4
margin>=0.09 dur[2.0s->0.04],0.09,,2.0,0.04,20260825-end,243,0.8921810699588478,0.7613168724279835,0.21810699588477367,0.0205761316872428,4.660000000000053,185,53,5
margin>=0.09 dur[2.0s->0.04],0.09,,2.0,0.04,pooled,438,0.9018264840182649,0.7853881278538812,0.19406392694063926,0.02054794520547945,8.540000000000106,344,85,9
margin>=0.09 dur[2.0s->0.06],0.09,,2.0,0.06,20260818-end,195,0.9117948717948718,0.8102564102564103,0.16923076923076924,0.020512820512820513,3.8800000000000523,158,33,4
margin>=0.09 dur[2.0s->0.06],0.09,,2.0,0.06,20260825-end,243,0.8921810699588478,0.7613168724279835,0.21810699588477367,0.0205761316872428,4.660000000000053,185,53,5
margin>=0.09 dur[2.0s->0.06],0.09,,2.0,0.06,pooled,438,0.9009132420091325,0.7831050228310502,0.1963470319634703,0.02054794520547945,8.540000000000106,343,86,9
margin>=0.09 dur[2.5s->0.0],0.09,,2.5,0.0,20260818-end,195,0.9107692307692308,0.8153846153846154,0.15897435897435896,0.02564102564102564,7.660000000000025,159,31,5
margin>=0.09 dur[2.5s->0.0],0.09,,2.5,0.0,20260825-end,243,0.8971193415637861,0.7736625514403292,0.205761316872428,0.0205761316872428,4.660000000000053,188,50,5
margin>=0.09 dur[2.5s->0.0],0.09,,2.5,0.0,pooled,438,0.9031963470319635,0.7922374429223744,0.18493150684931506,0.0228310502283105,12.320000000000078,347,81,10
margin>=0.09 dur[2.5s->0.02],0.09,,2.5,0.02,20260818-end,195,0.9107692307692308,0.8153846153846154,0.15897435897435896,0.02564102564102564,7.660000000000025,159,31,5
margin>=0.09 dur[2.5s->0.02],0.09,,2.5,0.02,20260825-end,243,0.8921810699588478,0.7613168724279835,0.21810699588477367,0.0205761316872428,4.660000000000053,185,53,5
margin>=0.09 dur[2.5s->0.02],0.09,,2.5,0.02,pooled,438,0.9004566210045662,0.7853881278538812,0.1917808219178082,0.0228310502283105,12.320000000000078,344,84,10
margin>=0.09 dur[2.5s->0.04],0.09,,2.5,0.04,20260818-end,195,0.9138461538461539,0.8153846153846154,0.1641025641025641,0.020512820512820513,3.8800000000000523,159,32,4
margin>=0.09 dur[2.5s->0.04],0.09,,2.5,0.04,20260825-end,243,0.8921810699588478,0.7613168724279835,0.21810699588477367,0.0205761316872428,4.660000000000053,185,53,5
margin>=0.09 dur[2.5s->0.04],0.09,,2.5,0.04,pooled,438,0.9018264840182649,0.7853881278538812,0.19406392694063926,0.02054794520547945,8.540000000000106,344,85,9
margin>=0.09 dur[2.5s->0.06],0.09,,2.5,0.06,20260818-end,195,0.9117948717948718,0.8102564102564103,0.16923076923076924,0.020512820512820513,3.8800000000000523,158,33,4
margin>=0.09 dur[2.5s->0.06],0.09,,2.5,0.06,20260825-end,243,0.8921810699588478,0.7613168724279835,0.21810699588477367,0.0205761316872428,4.660000000000053,185,53,5
margin>=0.09 dur[2.5s->0.06],0.09,,2.5,0.06,pooled,438,0.9009132420091325,0.7831050228310502,0.1963470319634703,0.02054794520547945,8.540000000000106,343,86,9
margin>=0.09 dur[3.0s->0.0],0.09,,3.0,0.0,20260818-end,195,0.9087179487179488,0.8102564102564103,0.1641025641025641,0.02564102564102564,7.660000000000025,158,32,5
margin>=0.09 dur[3.0s->0.0],0.09,,3.0,0.0,20260825-end,243,0.8954732510288067,0.7695473251028807,0.20987654320987653,0.0205761316872428,4.660000000000053,187,51,5
margin>=0.09 dur[3.0s->0.0],0.09,,3.0,0.0,pooled,438,0.9013698630136987,0.7876712328767124,0.18949771689497716,0.0228310502283105,12.320000000000078,345,83,10
margin>=0.09 dur[3.0s->0.02],0.09,,3.0,0.02,20260818-end,195,0.9087179487179488,0.8102564102564103,0.1641025641025641,0.02564102564102564,7.660000000000025,158,32,5
margin>=0.09 dur[3.0s->0.02],0.09,,3.0,0.02,20260825-end,243,0.8921810699588478,0.7613168724279835,0.21810699588477367,0.0205761316872428,4.660000000000053,185,53,5
margin>=0.09 dur[3.0s->0.02],0.09,,3.0,0.02,pooled,438,0.8995433789954339,0.7831050228310502,0.19406392694063926,0.0228310502283105,12.320000000000078,343,85,10
margin>=0.09 dur[3.0s->0.04],0.09,,3.0,0.04,20260818-end,195,0.9117948717948718,0.8102564102564103,0.16923076923076924,0.020512820512820513,3.8800000000000523,158,33,4
margin>=0.09 dur[3.0s->0.04],0.09,,3.0,0.04,20260825-end,243,0.8921810699588478,0.7613168724279835,0.21810699588477367,0.0205761316872428,4.660000000000053,185,53,5
margin>=0.09 dur[3.0s->0.04],0.09,,3.0,0.04,pooled,438,0.9009132420091325,0.7831050228310502,0.1963470319634703,0.02054794520547945,8.540000000000106,343,86,9
margin>=0.09 dur[3.0s->0.06],0.09,,3.0,0.06,20260818-end,195,0.9097435897435897,0.8051282051282052,0.17435897435897435,0.020512820512820513,3.8800000000000523,157,34,4
margin>=0.09 dur[3.0s->0.06],0.09,,3.0,0.06,20260825-end,243,0.8921810699588478,0.7613168724279835,0.21810699588477367,0.0205761316872428,4.660000000000053,185,53,5
margin>=0.09 dur[3.0s->0.06],0.09,,3.0,0.06,pooled,438,0.9000000000000001,0.7808219178082192,0.19863013698630136,0.02054794520547945,8.540000000000106,342,87,9
margin>=0.09 OR best>=0.3,0.09,0.3,,,20260818-end,195,0.9066666666666666,0.8358974358974359,0.11794871794871795,0.046153846153846156,11.050000000000011,163,23,9
margin>=0.09 OR best>=0.3,0.09,0.3,,,20260825-end,243,0.9069958847736626,0.8106995884773662,0.16049382716049382,0.02880658436213992,7.010000000000133,197,39,7
margin>=0.09 OR best>=0.3,0.09,0.3,,,pooled,438,0.9068493150684932,0.821917808219178,0.1415525114155251,0.0365296803652968,18.060000000000144,360,62,16
margin>=0.09 OR best>=0.3 dur[1.0s->0.0],0.09,0.3,1.0,0.0,20260818-end,195,0.9056410256410257,0.841025641025641,0.1076923076923077,0.05128205128205128,12.590000000000003,164,21,10
margin>=0.09 OR best>=0.3 dur[1.0s->0.0],0.09,0.3,1.0,0.0,20260825-end,243,0.9078189300411523,0.8189300411522634,0.14814814814814814,0.03292181069958848,8.070000000000078,199,36,8
margin>=0.09 OR best>=0.3 dur[1.0s->0.0],0.09,0.3,1.0,0.0,pooled,438,0.9068493150684932,0.8287671232876712,0.13013698630136986,0.0410958904109589,20.660000000000082,363,57,18
margin>=0.09 OR best>=0.3 dur[1.0s->0.02],0.09,0.3,1.0,0.02,20260818-end,195,0.9056410256410257,0.841025641025641,0.1076923076923077,0.05128205128205128,12.590000000000003,164,21,10
margin>=0.09 OR best>=0.3 dur[1.0s->0.02],0.09,0.3,1.0,0.02,20260825-end,243,0.9045267489711935,0.8106995884773662,0.15637860082304528,0.03292181069958848,8.070000000000078,197,38,8
margin>=0.09 OR best>=0.3 dur[1.0s->0.02],0.09,0.3,1.0,0.02,pooled,438,0.9050228310502283,0.8242009132420092,0.13470319634703196,0.0410958904109589,20.660000000000082,361,59,18
margin>=0.09 OR best>=0.3 dur[1.0s->0.04],0.09,0.3,1.0,0.04,20260818-end,195,0.9035897435897435,0.8358974358974359,0.11282051282051282,0.05128205128205128,12.590000000000003,163,22,10
margin>=0.09 OR best>=0.3 dur[1.0s->0.04],0.09,0.3,1.0,0.04,20260825-end,243,0.9069958847736626,0.8106995884773662,0.16049382716049382,0.02880658436213992,7.010000000000133,197,39,7
margin>=0.09 OR best>=0.3 dur[1.0s->0.04],0.09,0.3,1.0,0.04,pooled,438,0.9054794520547945,0.821917808219178,0.13926940639269406,0.03881278538812785,19.600000000000136,360,61,17
margin>=0.09 OR best>=0.3 dur[1.0s->0.06],0.09,0.3,1.0,0.06,20260818-end,195,0.9066666666666666,0.8358974358974359,0.11794871794871795,0.046153846153846156,11.050000000000011,163,23,9
margin>=0.09 OR best>=0.3 dur[1.0s->0.06],0.09,0.3,1.0,0.06,20260825-end,243,0.9069958847736626,0.8106995884773662,0.16049382716049382,0.02880658436213992,7.010000000000133,197,39,7
margin>=0.09 OR best>=0.3 dur[1.0s->0.06],0.09,0.3,1.0,0.06,pooled,438,0.9068493150684932,0.821917808219178,0.1415525114155251,0.0365296803652968,18.060000000000144,360,62,16
margin>=0.09 OR best>=0.3 dur[1.5s->0.0],0.09,0.3,1.5,0.0,20260818-end,195,0.9035897435897435,0.8358974358974359,0.11282051282051282,0.05128205128205128,12.590000000000003,163,22,10
margin>=0.09 OR best>=0.3 dur[1.5s->0.0],0.09,0.3,1.5,0.0,20260825-end,243,0.908641975308642,0.8148148148148148,0.15637860082304528,0.02880658436213992,7.010000000000133,198,38,7
margin>=0.09 OR best>=0.3 dur[1.5s->0.0],0.09,0.3,1.5,0.0,pooled,438,0.906392694063927,0.8242009132420092,0.136986301369863,0.03881278538812785,19.600000000000136,361,60,17
margin>=0.09 OR best>=0.3 dur[1.5s->0.02],0.09,0.3,1.5,0.02,20260818-end,195,0.9035897435897435,0.8358974358974359,0.11282051282051282,0.05128205128205128,12.590000000000003,163,22,10
margin>=0.09 OR best>=0.3 dur[1.5s->0.02],0.09,0.3,1.5,0.02,20260825-end,243,0.9069958847736626,0.8106995884773662,0.16049382716049382,0.02880658436213992,7.010000000000133,197,39,7
margin>=0.09 OR best>=0.3 dur[1.5s->0.02],0.09,0.3,1.5,0.02,pooled,438,0.9054794520547945,0.821917808219178,0.13926940639269406,0.03881278538812785,19.600000000000136,360,61,17
margin>=0.09 OR best>=0.3 dur[1.5s->0.04],0.09,0.3,1.5,0.04,20260818-end,195,0.9035897435897435,0.8358974358974359,0.11282051282051282,0.05128205128205128,12.590000000000003,163,22,10
margin>=0.09 OR best>=0.3 dur[1.5s->0.04],0.09,0.3,1.5,0.04,20260825-end,243,0.9069958847736626,0.8106995884773662,0.16049382716049382,0.02880658436213992,7.010000000000133,197,39,7
margin>=0.09 OR best>=0.3 dur[1.5s->0.04],0.09,0.3,1.5,0.04,pooled,438,0.9054794520547945,0.821917808219178,0.13926940639269406,0.03881278538812785,19.600000000000136,360,61,17
margin>=0.09 OR best>=0.3 dur[1.5s->0.06],0.09,0.3,1.5,0.06,20260818-end,195,0.9066666666666666,0.8358974358974359,0.11794871794871795,0.046153846153846156,11.050000000000011,163,23,9
margin>=0.09 OR best>=0.3 dur[1.5s->0.06],0.09,0.3,1.5,0.06,20260825-end,243,0.9069958847736626,0.8106995884773662,0.16049382716049382,0.02880658436213992,7.010000000000133,197,39,7
margin>=0.09 OR best>=0.3 dur[1.5s->0.06],0.09,0.3,1.5,0.06,pooled,438,0.9068493150684932,0.821917808219178,0.1415525114155251,0.0365296803652968,18.060000000000144,360,62,16
margin>=0.09 OR best>=0.3 dur[2.0s->0.0],0.09,0.3,2.0,0.0,20260818-end,195,0.9066666666666666,0.8358974358974359,0.11794871794871795,0.046153846153846156,11.050000000000011,163,23,9
margin>=0.09 OR best>=0.3 dur[2.0s->0.0],0.09,0.3,2.0,0.0,20260825-end,243,0.908641975308642,0.8148148148148148,0.15637860082304528,0.02880658436213992,7.010000000000133,198,38,7
margin>=0.09 OR best>=0.3 dur[2.0s->0.0],0.09,0.3,2.0,0.0,pooled,438,0.9077625570776255,0.8242009132420092,0.13926940639269406,0.0365296803652968,18.060000000000144,361,61,16
margin>=0.09 OR best>=0.3 dur[2.0s->0.02],0.09,0.3,2.0,0.02,20260818-end,195,0.9066666666666666,0.8358974358974359,0.11794871794871795,0.046153846153846156,11.050000000000011,163,23,9
margin>=0.09 OR best>=0.3 dur[2.0s->0.02],0.09,0.3,2.0,0.02,20260825-end,243,0.9069958847736626,0.8106995884773662,0.16049382716049382,0.02880658436213992,7.010000000000133,197,39,7
margin>=0.09 OR best>=0.3 dur[2.0s->0.02],0.09,0.3,2.0,0.02,pooled,438,0.9068493150684932,0.821917808219178,0.1415525114155251,0.0365296803652968,18.060000000000144,360,62,16
margin>=0.09 OR best>=0.3 dur[2.0s->0.04],0.09,0.3,2.0,0.04,20260818-end,195,0.9066666666666666,0.8358974358974359,0.11794871794871795,0.046153846153846156,11.050000000000011,163,23,9
margin>=0.09 OR best>=0.3 dur[2.0s->0.04],0.09,0.3,2.0,0.04,20260825-end,243,0.9069958847736626,0.8106995884773662,0.16049382716049382,0.02880658436213992,7.010000000000133,197,39,7
margin>=0.09 OR best>=0.3 dur[2.0s->0.04],0.09,0.3,2.0,0.04,pooled,438,0.9068493150684932,0.821917808219178,0.1415525114155251,0.0365296803652968,18.060000000000144,360,62,16
margin>=0.09 OR best>=0.3 dur[2.0s->0.06],0.09,0.3,2.0,0.06,20260818-end,195,0.9066666666666666,0.8358974358974359,0.11794871794871795,0.046153846153846156,11.050000000000011,163,23,9
margin>=0.09 OR best>=0.3 dur[2.0s->0.06],0.09,0.3,2.0,0.06,20260825-end,243,0.9069958847736626,0.8106995884773662,0.16049382716049382,0.02880658436213992,7.010000000000133,197,39,7
margin>=0.09 OR best>=0.3 dur[2.0s->0.06],0.09,0.3,2.0,0.06,pooled,438,0.9068493150684932,0.821917808219178,0.1415525114155251,0.0365296803652968,18.060000000000144,360,62,16
margin>=0.09 OR best>=0.3 dur[2.5s->0.0],0.09,0.3,2.5,0.0,20260818-end,195,0.9066666666666666,0.8358974358974359,0.11794871794871795,0.046153846153846156,11.050000000000011,163,23,9
margin>=0.09 OR best>=0.3 dur[2.5s->0.0],0.09,0.3,2.5,0.0,20260825-end,243,0.908641975308642,0.8148148148148148,0.15637860082304528,0.02880658436213992,7.010000000000133,198,38,7
margin>=0.09 OR best>=0.3 dur[2.5s->0.0],0.09,0.3,2.5,0.0,pooled,438,0.9077625570776255,0.8242009132420092,0.13926940639269406,0.0365296803652968,18.060000000000144,361,61,16
margin>=0.09 OR best>=0.3 dur[2.5s->0.02],0.09,0.3,2.5,0.02,20260818-end,195,0.9066666666666666,0.8358974358974359,0.11794871794871795,0.046153846153846156,11.050000000000011,163,23,9
margin>=0.09 OR best>=0.3 dur[2.5s->0.02],0.09,0.3,2.5,0.02,20260825-end,243,0.9069958847736626,0.8106995884773662,0.16049382716049382,0.02880658436213992,7.010000000000133,197,39,7
margin>=0.09 OR best>=0.3 dur[2.5s->0.02],0.09,0.3,2.5,0.02,pooled,438,0.9068493150684932,0.821917808219178,0.1415525114155251,0.0365296803652968,18.060000000000144,360,62,16
margin>=0.09 OR best>=0.3 dur[2.5s->0.04],0.09,0.3,2.5,0.04,20260818-end,195,0.9066666666666666,0.8358974358974359,0.11794871794871795,0.046153846153846156,11.050000000000011,163,23,9
margin>=0.09 OR best>=0.3 dur[2.5s->0.04],0.09,0.3,2.5,0.04,20260825-end,243,0.9069958847736626,0.8106995884773662,0.16049382716049382,0.02880658436213992,7.010000000000133,197,39,7
margin>=0.09 OR best>=0.3 dur[2.5s->0.04],0.09,0.3,2.5,0.04,pooled,438,0.9068493150684932,0.821917808219178,0.1415525114155251,0.0365296803652968,18.060000000000144,360,62,16
margin>=0.09 OR best>=0.3 dur[2.5s->0.06],0.09,0.3,2.5,0.06,20260818-end,195,0.9066666666666666,0.8358974358974359,0.11794871794871795,0.046153846153846156,11.050000000000011,163,23,9
margin>=0.09 OR best>=0.3 dur[2.5s->0.06],0.09,0.3,2.5,0.06,20260825-end,243,0.9069958847736626,0.8106995884773662,0.16049382716049382,0.02880658436213992,7.010000000000133,197,39,7
margin>=0.09 OR best>=0.3 dur[2.5s->0.06],0.09,0.3,2.5,0.06,pooled,438,0.9068493150684932,0.821917808219178,0.1415525114155251,0.0365296803652968,18.060000000000144,360,62,16
margin>=0.09 OR best>=0.3 dur[3.0s->0.0],0.09,0.3,3.0,0.0,20260818-end,195,0.9066666666666666,0.8358974358974359,0.11794871794871795,0.046153846153846156,11.050000000000011,163,23,9
margin>=0.09 OR best>=0.3 dur[3.0s->0.0],0.09,0.3,3.0,0.0,20260825-end,243,0.908641975308642,0.8148148148148148,0.15637860082304528,0.02880658436213992,7.010000000000133,198,38,7
margin>=0.09 OR best>=0.3 dur[3.0s->0.0],0.09,0.3,3.0,0.0,pooled,438,0.9077625570776255,0.8242009132420092,0.13926940639269406,0.0365296803652968,18.060000000000144,361,61,16
margin>=0.09 OR best>=0.3 dur[3.0s->0.02],0.09,0.3,3.0,0.02,20260818-end,195,0.9066666666666666,0.8358974358974359,0.11794871794871795,0.046153846153846156,11.050000000000011,163,23,9
margin>=0.09 OR best>=0.3 dur[3.0s->0.02],0.09,0.3,3.0,0.02,20260825-end,243,0.9069958847736626,0.8106995884773662,0.16049382716049382,0.02880658436213992,7.010000000000133,197,39,7
margin>=0.09 OR best>=0.3 dur[3.0s->0.02],0.09,0.3,3.0,0.02,pooled,438,0.9068493150684932,0.821917808219178,0.1415525114155251,0.0365296803652968,18.060000000000144,360,62,16
margin>=0.09 OR best>=0.3 dur[3.0s->0.04],0.09,0.3,3.0,0.04,20260818-end,195,0.9066666666666666,0.8358974358974359,0.11794871794871795,0.046153846153846156,11.050000000000011,163,23,9
margin>=0.09 OR best>=0.3 dur[3.0s->0.04],0.09,0.3,3.0,0.04,20260825-end,243,0.9069958847736626,0.8106995884773662,0.16049382716049382,0.02880658436213992,7.010000000000133,197,39,7
margin>=0.09 OR best>=0.3 dur[3.0s->0.04],0.09,0.3,3.0,0.04,pooled,438,0.9068493150684932,0.821917808219178,0.1415525114155251,0.0365296803652968,18.060000000000144,360,62,16
margin>=0.09 OR best>=0.3 dur[3.0s->0.06],0.09,0.3,3.0,0.06,20260818-end,195,0.9066666666666666,0.8358974358974359,0.11794871794871795,0.046153846153846156,11.050000000000011,163,23,9
margin>=0.09 OR best>=0.3 dur[3.0s->0.06],0.09,0.3,3.0,0.06,20260825-end,243,0.9069958847736626,0.8106995884773662,0.16049382716049382,0.02880658436213992,7.010000000000133,197,39,7
margin>=0.09 OR best>=0.3 dur[3.0s->0.06],0.09,0.3,3.0,0.06,pooled,438,0.9068493150684932,0.821917808219178,0.1415525114155251,0.0365296803652968,18.060000000000144,360,62,16
margin>=0.09 OR best>=0.325,0.09,0.325,,,20260818-end,195,0.9046153846153846,0.8307692307692308,0.12307692307692308,0.046153846153846156,11.050000000000011,162,24,9
margin>=0.09 OR best>=0.325,0.09,0.325,,,20260825-end,243,0.9061728395061729,0.8024691358024691,0.1728395061728395,0.024691358024691357,5.610000000000042,195,42,6
margin>=0.09 OR best>=0.325,0.09,0.325,,,pooled,438,0.9054794520547945,0.815068493150685,0.1506849315068493,0.03424657534246575,16.660000000000053,357,66,15
margin>=0.09 OR best>=0.325 dur[1.0s->0.0],0.09,0.325,1.0,0.0,20260818-end,195,0.9035897435897435,0.8358974358974359,0.11282051282051282,0.05128205128205128,12.590000000000003,163,22,10
margin>=0.09 OR best>=0.325 dur[1.0s->0.0],0.09,0.325,1.0,0.0,20260825-end,243,0.9061728395061729,0.8148148148148148,0.1522633744855967,0.03292181069958848,8.070000000000078,198,37,8
margin>=0.09 OR best>=0.325 dur[1.0s->0.0],0.09,0.325,1.0,0.0,pooled,438,0.9050228310502283,0.8242009132420092,0.13470319634703196,0.0410958904109589,20.660000000000082,361,59,18
margin>=0.09 OR best>=0.325 dur[1.0s->0.02],0.09,0.325,1.0,0.02,20260818-end,195,0.9035897435897435,0.8358974358974359,0.11282051282051282,0.05128205128205128,12.590000000000003,163,22,10
margin>=0.09 OR best>=0.325 dur[1.0s->0.02],0.09,0.325,1.0,0.02,20260825-end,243,0.9012345679012346,0.8024691358024691,0.1646090534979424,0.03292181069958848,8.070000000000078,195,40,8
margin>=0.09 OR best>=0.325 dur[1.0s->0.02],0.09,0.325,1.0,0.02,pooled,438,0.902283105022831,0.817351598173516,0.1415525114155251,0.0410958904109589,20.660000000000082,358,62,18
margin>=0.09 OR best>=0.325 dur[1.0s->0.04],0.09,0.325,1.0,0.04,20260818-end,195,0.9015384615384615,0.8307692307692308,0.11794871794871795,0.05128205128205128,12.590000000000003,162,23,10
margin>=0.09 OR best>=0.325 dur[1.0s->0.04],0.09,0.325,1.0,0.04,20260825-end,243,0.9061728395061729,0.8024691358024691,0.1728395061728395,0.024691358024691357,5.610000000000042,195,42,6
margin>=0.09 OR best>=0.325 dur[1.0s->0.04],0.09,0.325,1.0,0.04,pooled,438,0.904109589041096,0.815068493150685,0.14840182648401826,0.0365296803652968,18.200000000000045,357,65,16
margin>=0.09 OR best>=0.325 dur[1.0s->0.06],0.09,0.325,1.0,0.06,20260818-end,195,0.9046153846153846,0.8307692307692308,0.12307692307692308,0.046153846153846156,11.050000000000011,162,24,9
margin>=0.09 OR best>=0.325 dur[1.0s->0.06],0.09,0.325,1.0,0.06,20260825-end,243,0.9061728395061729,0.8024691358024691,0.1728395061728395,0.024691358024691357,5.610000000000042,195,42,6
margin>=0.09 OR best>=0.325 dur[1.0s->0.06],0.09,0.325,1.0,0.06,pooled,438,0.9054794520547945,0.815068493150685,0.1506849315068493,0.03424657534246575,16.660000000000053,357,66,15
margin>=0.09 OR best>=0.325 dur[1.5s->0.0],0.09,0.325,1.5,0.0,20260818-end,195,0.9015384615384615,0.8307692307692308,0.11794871794871795,0.05128205128205128,12.590000000000003,162,23,10
margin>=0.09 OR best>=0.325 dur[1.5s->0.0],0.09,0.325,1.5,0.0,20260825-end,243,0.9078189300411523,0.8065843621399177,0.16872427983539096,0.024691358024691357,5.610000000000042,196,41,6
margin>=0.09 OR best>=0.325 dur[1.5s->0.0],0.09,0.325,1.5,0.0,pooled,438,0.9050228310502284,0.817351598173516,0.1461187214611872,0.0365296803652968,18.200000000000045,358,64,16
margin>=0.09 OR best>=0.325 dur[1.5s->0.02],0.09,0.325,1.5,0.02,20260818-end,195,0.9015384615384615,0.8307692307692308,0.11794871794871795,0.05128205128205128,12.590000000000003,162,23,10
margin>=0.09 OR best>=0.325 dur[1.5s->0.02],0.09,0.325,1.5,0.02,20260825-end,243,0.9061728395061729,0.8024691358024691,0.1728395061728395,0.024691358024691357,5.610000000000042,195,42,6
margin>=0.09 OR best>=0.325 dur[1.5s->0.02],0.09,0.325,1.5,0.02,pooled,438,0.904109589041096,0.815068493150685,0.14840182648401826,0.0365296803652968,18.200000000000045,357,65,16
margin>=0.09 OR best>=0.325 dur[1.5s->0.04],0.09,0.325,1.5,0.04,20260818-end,195,0.9015384615384615,0.8307692307692308,0.11794871794871795,0.05128205128205128,12.590000000000003,162,23,10
margin>=0.09 OR best>=0.325 dur[1.5s->0.04],0.09,0.325,1.5,0.04,20260825-end,243,0.9061728395061729,0.8024691358024691,0.1728395061728395,0.024691358024691357,5.610000000000042,195,42,6
margin>=0.09 OR best>=0.325 dur[1.5s->0.04],0.09,0.325,1.5,0.04,pooled,438,0.904109589041096,0.815068493150685,0.14840182648401826,0.0365296803652968,18.200000000000045,357,65,16
margin>=0.09 OR best>=0.325 dur[1.5s->0.06],0.09,0.325,1.5,0.06,20260818-end,195,0.9046153846153846,0.8307692307692308,0.12307692307692308,0.046153846153846156,11.050000000000011,162,24,9
margin>=0.09 OR best>=0.325 dur[1.5s->0.06],0.09,0.325,1.5,0.06,20260825-end,243,0.9061728395061729,0.8024691358024691,0.1728395061728395,0.024691358024691357,5.610000000000042,195,42,6
margin>=0.09 OR best>=0.325 dur[1.5s->0.06],0.09,0.325,1.5,0.06,pooled,438,0.9054794520547945,0.815068493150685,0.1506849315068493,0.03424657534246575,16.660000000000053,357,66,15
margin>=0.09 OR best>=0.325 dur[2.0s->0.0],0.09,0.325,2.0,0.0,20260818-end,195,0.9046153846153846,0.8307692307692308,0.12307692307692308,0.046153846153846156,11.050000000000011,162,24,9
margin>=0.09 OR best>=0.325 dur[2.0s->0.0],0.09,0.325,2.0,0.0,20260825-end,243,0.9078189300411523,0.8065843621399177,0.16872427983539096,0.024691358024691357,5.610000000000042,196,41,6
margin>=0.09 OR best>=0.325 dur[2.0s->0.0],0.09,0.325,2.0,0.0,pooled,438,0.906392694063927,0.817351598173516,0.14840182648401826,0.03424657534246575,16.660000000000053,358,65,15
margin>=0.09 OR best>=0.325 dur[2.0s->0.02],0.09,0.325,2.0,0.02,20260818-end,195,0.9046153846153846,0.8307692307692308,0.12307692307692308,0.046153846153846156,11.050000000000011,162,24,9
margin>=0.09 OR best>=0.325 dur[2.0s->0.02],0.09,0.325,2.0,0.02,20260825-end,243,0.9061728395061729,0.8024691358024691,0.1728395061728395,0.024691358024691357,5.610000000000042,195,42,6
margin>=0.09 OR best>=0.325 dur[2.0s->0.02],0.09,0.325,2.0,0.02,pooled,438,0.9054794520547945,0.815068493150685,0.1506849315068493,0.03424657534246575,16.660000000000053,357,66,15
margin>=0.09 OR best>=0.325 dur[2.0s->0.04],0.09,0.325,2.0,0.04,20260818-end,195,0.9046153846153846,0.8307692307692308,0.12307692307692308,0.046153846153846156,11.050000000000011,162,24,9
margin>=0.09 OR best>=0.325 dur[2.0s->0.04],0.09,0.325,2.0,0.04,20260825-end,243,0.9061728395061729,0.8024691358024691,0.1728395061728395,0.024691358024691357,5.610000000000042,195,42,6
margin>=0.09 OR best>=0.325 dur[2.0s->0.04],0.09,0.325,2.0,0.04,pooled,438,0.9054794520547945,0.815068493150685,0.1506849315068493,0.03424657534246575,16.660000000000053,357,66,15
margin>=0.09 OR best>=0.325 dur[2.0s->0.06],0.09,0.325,2.0,0.06,20260818-end,195,0.9046153846153846,0.8307692307692308,0.12307692307692308,0.046153846153846156,11.050000000000011,162,24,9
margin>=0.09 OR best>=0.325 dur[2.0s->0.06],0.09,0.325,2.0,0.06,20260825-end,243,0.9061728395061729,0.8024691358024691,0.1728395061728395,0.024691358024691357,5.610000000000042,195,42,6
margin>=0.09 OR best>=0.325 dur[2.0s->0.06],0.09,0.325,2.0,0.06,pooled,438,0.9054794520547945,0.815068493150685,0.1506849315068493,0.03424657534246575,16.660000000000053,357,66,15
margin>=0.09 OR best>=0.325 dur[2.5s->0.0],0.09,0.325,2.5,0.0,20260818-end,195,0.9046153846153846,0.8307692307692308,0.12307692307692308,0.046153846153846156,11.050000000000011,162,24,9
margin>=0.09 OR best>=0.325 dur[2.5s->0.0],0.09,0.325,2.5,0.0,20260825-end,243,0.9078189300411523,0.8065843621399177,0.16872427983539096,0.024691358024691357,5.610000000000042,196,41,6
margin>=0.09 OR best>=0.325 dur[2.5s->0.0],0.09,0.325,2.5,0.0,pooled,438,0.906392694063927,0.817351598173516,0.14840182648401826,0.03424657534246575,16.660000000000053,358,65,15
margin>=0.09 OR best>=0.325 dur[2.5s->0.02],0.09,0.325,2.5,0.02,20260818-end,195,0.9046153846153846,0.8307692307692308,0.12307692307692308,0.046153846153846156,11.050000000000011,162,24,9
margin>=0.09 OR best>=0.325 dur[2.5s->0.02],0.09,0.325,2.5,0.02,20260825-end,243,0.9061728395061729,0.8024691358024691,0.1728395061728395,0.024691358024691357,5.610000000000042,195,42,6
margin>=0.09 OR best>=0.325 dur[2.5s->0.02],0.09,0.325,2.5,0.02,pooled,438,0.9054794520547945,0.815068493150685,0.1506849315068493,0.03424657534246575,16.660000000000053,357,66,15
margin>=0.09 OR best>=0.325 dur[2.5s->0.04],0.09,0.325,2.5,0.04,20260818-end,195,0.9046153846153846,0.8307692307692308,0.12307692307692308,0.046153846153846156,11.050000000000011,162,24,9
margin>=0.09 OR best>=0.325 dur[2.5s->0.04],0.09,0.325,2.5,0.04,20260825-end,243,0.9061728395061729,0.8024691358024691,0.1728395061728395,0.024691358024691357,5.610000000000042,195,42,6
margin>=0.09 OR best>=0.325 dur[2.5s->0.04],0.09,0.325,2.5,0.04,pooled,438,0.9054794520547945,0.815068493150685,0.1506849315068493,0.03424657534246575,16.660000000000053,357,66,15
margin>=0.09 OR best>=0.325 dur[2.5s->0.06],0.09,0.325,2.5,0.06,20260818-end,195,0.9046153846153846,0.8307692307692308,0.12307692307692308,0.046153846153846156,11.050000000000011,162,24,9
margin>=0.09 OR best>=0.325 dur[2.5s->0.06],0.09,0.325,2.5,0.06,20260825-end,243,0.9061728395061729,0.8024691358024691,0.1728395061728395,0.024691358024691357,5.610000000000042,195,42,6
margin>=0.09 OR best>=0.325 dur[2.5s->0.06],0.09,0.325,2.5,0.06,pooled,438,0.9054794520547945,0.815068493150685,0.1506849315068493,0.03424657534246575,16.660000000000053,357,66,15
margin>=0.09 OR best>=0.325 dur[3.0s->0.0],0.09,0.325,3.0,0.0,20260818-end,195,0.9046153846153846,0.8307692307692308,0.12307692307692308,0.046153846153846156,11.050000000000011,162,24,9
margin>=0.09 OR best>=0.325 dur[3.0s->0.0],0.09,0.325,3.0,0.0,20260825-end,243,0.9078189300411523,0.8065843621399177,0.16872427983539096,0.024691358024691357,5.610000000000042,196,41,6
margin>=0.09 OR best>=0.325 dur[3.0s->0.0],0.09,0.325,3.0,0.0,pooled,438,0.906392694063927,0.817351598173516,0.14840182648401826,0.03424657534246575,16.660000000000053,358,65,15
margin>=0.09 OR best>=0.325 dur[3.0s->0.02],0.09,0.325,3.0,0.02,20260818-end,195,0.9046153846153846,0.8307692307692308,0.12307692307692308,0.046153846153846156,11.050000000000011,162,24,9
margin>=0.09 OR best>=0.325 dur[3.0s->0.02],0.09,0.325,3.0,0.02,20260825-end,243,0.9061728395061729,0.8024691358024691,0.1728395061728395,0.024691358024691357,5.610000000000042,195,42,6
margin>=0.09 OR best>=0.325 dur[3.0s->0.02],0.09,0.325,3.0,0.02,pooled,438,0.9054794520547945,0.815068493150685,0.1506849315068493,0.03424657534246575,16.660000000000053,357,66,15
margin>=0.09 OR best>=0.325 dur[3.0s->0.04],0.09,0.325,3.0,0.04,20260818-end,195,0.9046153846153846,0.8307692307692308,0.12307692307692308,0.046153846153846156,11.050000000000011,162,24,9
margin>=0.09 OR best>=0.325 dur[3.0s->0.04],0.09,0.325,3.0,0.04,20260825-end,243,0.9061728395061729,0.8024691358024691,0.1728395061728395,0.024691358024691357,5.610000000000042,195,42,6
margin>=0.09 OR best>=0.325 dur[3.0s->0.04],0.09,0.325,3.0,0.04,pooled,438,0.9054794520547945,0.815068493150685,0.1506849315068493,0.03424657534246575,16.660000000000053,357,66,15
margin>=0.09 OR best>=0.325 dur[3.0s->0.06],0.09,0.325,3.0,0.06,20260818-end,195,0.9046153846153846,0.8307692307692308,0.12307692307692308,0.046153846153846156,11.050000000000011,162,24,9
margin>=0.09 OR best>=0.325 dur[3.0s->0.06],0.09,0.325,3.0,0.06,20260825-end,243,0.9061728395061729,0.8024691358024691,0.1728395061728395,0.024691358024691357,5.610000000000042,195,42,6
margin>=0.09 OR best>=0.325 dur[3.0s->0.06],0.09,0.325,3.0,0.06,pooled,438,0.9054794520547945,0.815068493150685,0.1506849315068493,0.03424657534246575,16.660000000000053,357,66,15
margin>=0.09 OR best>=0.35,0.09,0.35,,,20260818-end,195,0.9035897435897435,0.8205128205128205,0.13846153846153847,0.041025641025641026,10.310000000000016,160,27,8
margin>=0.09 OR best>=0.35,0.09,0.35,,,20260825-end,243,0.9069958847736626,0.7983539094650206,0.18106995884773663,0.0205761316872428,4.660000000000053,194,44,5
margin>=0.09 OR best>=0.35,0.09,0.35,,,pooled,438,0.9054794520547945,0.8082191780821918,0.16210045662100456,0.02968036529680365,14.97000000000007,354,71,13
margin>=0.09 OR best>=0.35 dur[1.0s->0.0],0.09,0.35,1.0,0.0,20260818-end,195,0.9066666666666666,0.8358974358974359,0.11794871794871795,0.046153846153846156,11.850000000000009,163,23,9
margin>=0.09 OR best>=0.35 dur[1.0s->0.0],0.09,0.35,1.0,0.0,20260825-end,243,0.908641975308642,0.8148148148148148,0.15637860082304528,0.02880658436213992,7.12000000000009,198,38,7
margin>=0.09 OR best>=0.35 dur[1.0s->0.0],0.09,0.35,1.0,0.0,pooled,438,0.9077625570776255,0.8242009132420092,0.13926940639269406,0.0365296803652968,18.9700000000001,361,61,16
margin>=0.09 OR best>=0.35 dur[1.0s->0.02],0.09,0.35,1.0,0.02,20260818-end,195,0.9066666666666666,0.8358974358974359,0.11794871794871795,0.046153846153846156,11.850000000000009,163,23,9
margin>=0.09 OR best>=0.35 dur[1.0s->0.02],0.09,0.35,1.0,0.02,20260825-end,243,0.9037037037037038,0.8024691358024691,0.16872427983539096,0.02880658436213992,7.12000000000009,195,41,7
margin>=0.09 OR best>=0.35 dur[1.0s->0.02],0.09,0.35,1.0,0.02,pooled,438,0.9050228310502283,0.817351598173516,0.1461187214611872,0.0365296803652968,18.9700000000001,358,64,16
margin>=0.09 OR best>=0.35 dur[1.0s->0.04],0.09,0.35,1.0,0.04,20260818-end,195,0.9046153846153846,0.8307692307692308,0.12307692307692308,0.046153846153846156,11.850000000000009,162,24,9
margin>=0.09 OR best>=0.35 dur[1.0s->0.04],0.09,0.35,1.0,0.04,20260825-end,243,0.908641975308642,0.8024691358024691,0.17695473251028807,0.0205761316872428,4.660000000000053,195,43,5
margin>=0.09 OR best>=0.35 dur[1.0s->0.04],0.09,0.35,1.0,0.04,pooled,438,0.9068493150684932,0.815068493150685,0.15296803652968036,0.0319634703196347,16.510000000000062,357,67,14
margin>=0.09 OR best>=0.35 dur[1.0s->0.06],0.09,0.35,1.0,0.06,20260818-end,195,0.9056410256410257,0.8256410256410256,0.13333333333333333,0.041025641025641026,10.310000000000016,161,26,8
margin>=0.09 OR best>=0.35 dur[1.0s->0.06],0.09,0.35,1.0,0.06,20260825-end,243,0.9069958847736626,0.7983539094650206,0.18106995884773663,0.0205761316872428,4.660000000000053,194,44,5
margin>=0.09 OR best>=0.35 dur[1.0s->0.06],0.09,0.35,1.0,0.06,pooled,438,0.906392694063927,0.8105022831050228,0.1598173515981735,0.02968036529680365,14.97000000000007,355,70,13
margin>=0.09 OR best>=0.35 dur[1.5s->0.0],0.09,0.35,1.5,0.0,20260818-end,195,0.9025641025641026,0.8256410256410256,0.1282051282051282,0.046153846153846156,11.850000000000009,161,25,9
margin>=0.09 OR best>=0.35 dur[1.5s->0.0],0.09,0.35,1.5,0.0,20260825-end,243,0.908641975308642,0.8024691358024691,0.17695473251028807,0.0205761316872428,4.660000000000053,195,43,5
margin>=0.09 OR best>=0.35 dur[1.5s->0.0],0.09,0.35,1.5,0.0,pooled,438,0.9059360730593607,0.8127853881278538,0.1552511415525114,0.0319634703196347,16.510000000000062,356,68,14
margin>=0.09 OR best>=0.35 dur[1.5s->0.02],0.09,0.35,1.5,0.02,20260818-end,195,0.9025641025641026,0.8256410256410256,0.1282051282051282,0.046153846153846156,11.850000000000009,161,25,9
margin>=0.09 OR best>=0.35 dur[1.5s->0.02],0.09,0.35,1.5,0.02,20260825-end,243,0.9069958847736626,0.7983539094650206,0.18106995884773663,0.0205761316872428,4.660000000000053,194,44,5
margin>=0.09 OR best>=0.35 dur[1.5s->0.02],0.09,0.35,1.5,0.02,pooled,438,0.9050228310502283,0.8105022831050228,0.15753424657534246,0.0319634703196347,16.510000000000062,355,69,14
margin>=0.09 OR best>=0.35 dur[1.5s->0.04],0.09,0.35,1.5,0.04,20260818-end,195,0.9025641025641026,0.8256410256410256,0.1282051282051282,0.046153846153846156,11.850000000000009,161,25,9
margin>=0.09 OR best>=0.35 dur[1.5s->0.04],0.09,0.35,1.5,0.04,20260825-end,243,0.9069958847736626,0.7983539094650206,0.18106995884773663,0.0205761316872428,4.660000000000053,194,44,5
margin>=0.09 OR best>=0.35 dur[1.5s->0.04],0.09,0.35,1.5,0.04,pooled,438,0.9050228310502283,0.8105022831050228,0.15753424657534246,0.0319634703196347,16.510000000000062,355,69,14
margin>=0.09 OR best>=0.35 dur[1.5s->0.06],0.09,0.35,1.5,0.06,20260818-end,195,0.9035897435897435,0.8205128205128205,0.13846153846153847,0.041025641025641026,10.310000000000016,160,27,8
margin>=0.09 OR best>=0.35 dur[1.5s->0.06],0.09,0.35,1.5,0.06,20260825-end,243,0.9069958847736626,0.7983539094650206,0.18106995884773663,0.0205761316872428,4.660000000000053,194,44,5
margin>=0.09 OR best>=0.35 dur[1.5s->0.06],0.09,0.35,1.5,0.06,pooled,438,0.9054794520547945,0.8082191780821918,0.16210045662100456,0.02968036529680365,14.97000000000007,354,71,13
margin>=0.09 OR best>=0.35 dur[2.0s->0.0],0.09,0.35,2.0,0.0,20260818-end,195,0.9056410256410257,0.8256410256410256,0.13333333333333333,0.041025641025641026,10.310000000000016,161,26,8
margin>=0.09 OR best>=0.35 dur[2.0s->0.0],0.09,0.35,2.0,0.0,20260825-end,243,0.908641975308642,0.8024691358024691,0.17695473251028807,0.0205761316872428,4.660000000000053,195,43,5
margin>=0.09 OR best>=0.35 dur[2.0s->0.0],0.09,0.35,2.0,0.0,pooled,438,0.9073059360730593,0.8127853881278538,0.15753424657534246,0.02968036529680365,14.97000000000007,356,69,13
margin>=0.09 OR best>=0.35 dur[2.0s->0.02],0.09,0.35,2.0,0.02,20260818-end,195,0.9056410256410257,0.8256410256410256,0.13333333333333333,0.041025641025641026,10.310000000000016,161,26,8
margin>=0.09 OR best>=0.35 dur[2.0s->0.02],0.09,0.35,2.0,0.02,20260825-end,243,0.9069958847736626,0.7983539094650206,0.18106995884773663,0.0205761316872428,4.660000000000053,194,44,5
margin>=0.09 OR best>=0.35 dur[2.0s->0.02],0.09,0.35,2.0,0.02,pooled,438,0.906392694063927,0.8105022831050228,0.1598173515981735,0.02968036529680365,14.97000000000007,355,70,13
margin>=0.09 OR best>=0.35 dur[2.0s->0.04],0.09,0.35,2.0,0.04,20260818-end,195,0.9056410256410257,0.8256410256410256,0.13333333333333333,0.041025641025641026,10.310000000000016,161,26,8
margin>=0.09 OR best>=0.35 dur[2.0s->0.04],0.09,0.35,2.0,0.04,20260825-end,243,0.9069958847736626,0.7983539094650206,0.18106995884773663,0.0205761316872428,4.660000000000053,194,44,5
margin>=0.09 OR best>=0.35 dur[2.0s->0.04],0.09,0.35,2.0,0.04,pooled,438,0.906392694063927,0.8105022831050228,0.1598173515981735,0.02968036529680365,14.97000000000007,355,70,13
margin>=0.09 OR best>=0.35 dur[2.0s->0.06],0.09,0.35,2.0,0.06,20260818-end,195,0.9035897435897435,0.8205128205128205,0.13846153846153847,0.041025641025641026,10.310000000000016,160,27,8
margin>=0.09 OR best>=0.35 dur[2.0s->0.06],0.09,0.35,2.0,0.06,20260825-end,243,0.9069958847736626,0.7983539094650206,0.18106995884773663,0.0205761316872428,4.660000000000053,194,44,5
margin>=0.09 OR best>=0.35 dur[2.0s->0.06],0.09,0.35,2.0,0.06,pooled,438,0.9054794520547945,0.8082191780821918,0.16210045662100456,0.02968036529680365,14.97000000000007,354,71,13
margin>=0.09 OR best>=0.35 dur[2.5s->0.0],0.09,0.35,2.5,0.0,20260818-end,195,0.9056410256410257,0.8256410256410256,0.13333333333333333,0.041025641025641026,10.310000000000016,161,26,8
margin>=0.09 OR best>=0.35 dur[2.5s->0.0],0.09,0.35,2.5,0.0,20260825-end,243,0.908641975308642,0.8024691358024691,0.17695473251028807,0.0205761316872428,4.660000000000053,195,43,5
margin>=0.09 OR best>=0.35 dur[2.5s->0.0],0.09,0.35,2.5,0.0,pooled,438,0.9073059360730593,0.8127853881278538,0.15753424657534246,0.02968036529680365,14.97000000000007,356,69,13
margin>=0.09 OR best>=0.35 dur[2.5s->0.02],0.09,0.35,2.5,0.02,20260818-end,195,0.9056410256410257,0.8256410256410256,0.13333333333333333,0.041025641025641026,10.310000000000016,161,26,8
margin>=0.09 OR best>=0.35 dur[2.5s->0.02],0.09,0.35,2.5,0.02,20260825-end,243,0.9069958847736626,0.7983539094650206,0.18106995884773663,0.0205761316872428,4.660000000000053,194,44,5
margin>=0.09 OR best>=0.35 dur[2.5s->0.02],0.09,0.35,2.5,0.02,pooled,438,0.906392694063927,0.8105022831050228,0.1598173515981735,0.02968036529680365,14.97000000000007,355,70,13
margin>=0.09 OR best>=0.35 dur[2.5s->0.04],0.09,0.35,2.5,0.04,20260818-end,195,0.9056410256410257,0.8256410256410256,0.13333333333333333,0.041025641025641026,10.310000000000016,161,26,8
margin>=0.09 OR best>=0.35 dur[2.5s->0.04],0.09,0.35,2.5,0.04,20260825-end,243,0.9069958847736626,0.7983539094650206,0.18106995884773663,0.0205761316872428,4.660000000000053,194,44,5
margin>=0.09 OR best>=0.35 dur[2.5s->0.04],0.09,0.35,2.5,0.04,pooled,438,0.906392694063927,0.8105022831050228,0.1598173515981735,0.02968036529680365,14.97000000000007,355,70,13
margin>=0.09 OR best>=0.35 dur[2.5s->0.06],0.09,0.35,2.5,0.06,20260818-end,195,0.9035897435897435,0.8205128205128205,0.13846153846153847,0.041025641025641026,10.310000000000016,160,27,8
margin>=0.09 OR best>=0.35 dur[2.5s->0.06],0.09,0.35,2.5,0.06,20260825-end,243,0.9069958847736626,0.7983539094650206,0.18106995884773663,0.0205761316872428,4.660000000000053,194,44,5
margin>=0.09 OR best>=0.35 dur[2.5s->0.06],0.09,0.35,2.5,0.06,pooled,438,0.9054794520547945,0.8082191780821918,0.16210045662100456,0.02968036529680365,14.97000000000007,354,71,13
margin>=0.09 OR best>=0.35 dur[3.0s->0.0],0.09,0.35,3.0,0.0,20260818-end,195,0.9056410256410257,0.8256410256410256,0.13333333333333333,0.041025641025641026,10.310000000000016,161,26,8
margin>=0.09 OR best>=0.35 dur[3.0s->0.0],0.09,0.35,3.0,0.0,20260825-end,243,0.908641975308642,0.8024691358024691,0.17695473251028807,0.0205761316872428,4.660000000000053,195,43,5
margin>=0.09 OR best>=0.35 dur[3.0s->0.0],0.09,0.35,3.0,0.0,pooled,438,0.9073059360730593,0.8127853881278538,0.15753424657534246,0.02968036529680365,14.97000000000007,356,69,13
margin>=0.09 OR best>=0.35 dur[3.0s->0.02],0.09,0.35,3.0,0.02,20260818-end,195,0.9056410256410257,0.8256410256410256,0.13333333333333333,0.041025641025641026,10.310000000000016,161,26,8
margin>=0.09 OR best>=0.35 dur[3.0s->0.02],0.09,0.35,3.0,0.02,20260825-end,243,0.9069958847736626,0.7983539094650206,0.18106995884773663,0.0205761316872428,4.660000000000053,194,44,5
margin>=0.09 OR best>=0.35 dur[3.0s->0.02],0.09,0.35,3.0,0.02,pooled,438,0.906392694063927,0.8105022831050228,0.1598173515981735,0.02968036529680365,14.97000000000007,355,70,13
margin>=0.09 OR best>=0.35 dur[3.0s->0.04],0.09,0.35,3.0,0.04,20260818-end,195,0.9056410256410257,0.8256410256410256,0.13333333333333333,0.041025641025641026,10.310000000000016,161,26,8
margin>=0.09 OR best>=0.35 dur[3.0s->0.04],0.09,0.35,3.0,0.04,20260825-end,243,0.9069958847736626,0.7983539094650206,0.18106995884773663,0.0205761316872428,4.660000000000053,194,44,5
margin>=0.09 OR best>=0.35 dur[3.0s->0.04],0.09,0.35,3.0,0.04,pooled,438,0.906392694063927,0.8105022831050228,0.1598173515981735,0.02968036529680365,14.97000000000007,355,70,13
margin>=0.09 OR best>=0.35 dur[3.0s->0.06],0.09,0.35,3.0,0.06,20260818-end,195,0.9035897435897435,0.8205128205128205,0.13846153846153847,0.041025641025641026,10.310000000000016,160,27,8
margin>=0.09 OR best>=0.35 dur[3.0s->0.06],0.09,0.35,3.0,0.06,20260825-end,243,0.9069958847736626,0.7983539094650206,0.18106995884773663,0.0205761316872428,4.660000000000053,194,44,5
margin>=0.09 OR best>=0.35 dur[3.0s->0.06],0.09,0.35,3.0,0.06,pooled,438,0.9054794520547945,0.8082191780821918,0.16210045662100456,0.02968036529680365,14.97000000000007,354,71,13
margin>=0.09 OR best>=0.375,0.09,0.375,,,20260818-end,195,0.9046153846153846,0.8153846153846154,0.14871794871794872,0.035897435897435895,9.930000000000021,159,29,7
margin>=0.09 OR best>=0.375,0.09,0.375,,,20260825-end,243,0.9020576131687243,0.7860082304526749,0.1934156378600823,0.0205761316872428,4.660000000000053,191,47,5
margin>=0.09 OR best>=0.375,0.09,0.375,,,pooled,438,0.9031963470319635,0.7990867579908676,0.1735159817351598,0.0273972602739726,14.590000000000074,350,76,12
margin>=0.09 OR best>=0.375 dur[1.0s->0.0],0.09,0.375,1.0,0.0,20260818-end,195,0.9097435897435897,0.8358974358974359,0.12307692307692308,0.041025641025641026,11.470000000000013,163,24,8
margin>=0.09 OR best>=0.375 dur[1.0s->0.0],0.09,0.375,1.0,0.0,20260825-end,243,0.908641975308642,0.8148148148148148,0.15637860082304528,0.02880658436213992,7.12000000000009,198,38,7
margin>=0.09 OR best>=0.375 dur[1.0s->0.0],0.09,0.375,1.0,0.0,pooled,438,0.9091324200913242,0.8242009132420092,0.1415525114155251,0.03424657534246575,18.590000000000103,361,62,15
margin>=0.09 OR best>=0.375 dur[1.0s->0.02],0.09,0.375,1.0,0.02,20260818-end,195,0.9097435897435897,0.8358974358974359,0.12307692307692308,0.041025641025641026,11.470000000000013,163,24,8
margin>=0.09 OR best>=0.375 dur[1.0s->0.02],0.09,0.375,1.0,0.02,20260825-end,243,0.9004115226337449,0.7942386831275721,0.17695473251028807,0.02880658436213992,7.12000000000009,193,43,7
margin>=0.09 OR best>=0.375 dur[1.0s->0.02],0.09,0.375,1.0,0.02,pooled,438,0.9045662100456622,0.8127853881278538,0.15296803652968036,0.03424657534246575,18.590000000000103,356,67,15
margin>=0.09 OR best>=0.375 dur[1.0s->0.04],0.09,0.375,1.0,0.04,20260818-end,195,0.9076923076923077,0.8307692307692308,0.1282051282051282,0.041025641025641026,11.470000000000013,162,25,8
margin>=0.09 OR best>=0.375 dur[1.0s->0.04],0.09,0.375,1.0,0.04,20260825-end,243,0.9053497942386832,0.7942386831275721,0.18518518518518517,0.0205761316872428,4.660000000000053,193,45,5
margin>=0.09 OR best>=0.375 dur[1.0s->0.04],0.09,0.375,1.0,0.04,pooled,438,0.906392694063927,0.8105022831050228,0.1598173515981735,0.02968036529680365,16.130000000000067,355,70,13
margin>=0.09 OR best>=0.375 dur[1.0s->0.06],0.09,0.375,1.0,0.06,20260818-end,195,0.9087179487179486,0.8256410256410256,0.13846153846153847,0.035897435897435895,9.930000000000021,161,27,7
margin>=0.09 OR best>=0.375 dur[1.0s->0.06],0.09,0.375,1.0,0.06,20260825-end,243,0.9037037037037038,0.7901234567901234,0.18930041152263374,0.0205761316872428,4.660000000000053,192,46,5
margin>=0.09 OR best>=0.375 dur[1.0s->0.06],0.09,0.375,1.0,0.06,pooled,438,0.9059360730593607,0.8059360730593608,0.16666666666666666,0.0273972602739726,14.590000000000074,353,73,12
margin>=0.09 OR best>=0.375 dur[1.5s->0.0],0.09,0.375,1.5,0.0,20260818-end,195,0.9035897435897435,0.8205128205128205,0.13846153846153847,0.041025641025641026,11.470000000000013,160,27,8
margin>=0.09 OR best>=0.375 dur[1.5s->0.0],0.09,0.375,1.5,0.0,20260825-end,243,0.9069958847736626,0.7983539094650206,0.18106995884773663,0.0205761316872428,4.660000000000053,194,44,5
margin>=0.09 OR best>=0.375 dur[1.5s->0.0],0.09,0.375,1.5,0.0,pooled,438,0.9054794520547945,0.8082191780821918,0.16210045662100456,0.02968036529680365,16.130000000000067,354,71,13
margin>=0.09 OR best>=0.375 dur[1.5s->0.02],0.09,0.375,1.5,0.02,20260818-end,195,0.9035897435897435,0.8205128205128205,0.13846153846153847,0.041025641025641026,11.470000000000013,160,27,8
margin>=0.09 OR best>=0.375 dur[1.5s->0.02],0.09,0.375,1.5,0.02,20260825-end,243,0.9020576131687243,0.7860082304526749,0.1934156378600823,0.0205761316872428,4.660000000000053,191,47,5
margin>=0.09 OR best>=0.375 dur[1.5s->0.02],0.09,0.375,1.5,0.02,pooled,438,0.9027397260273973,0.8013698630136986,0.1689497716894977,0.02968036529680365,16.130000000000067,351,74,13
margin>=0.09 OR best>=0.375 dur[1.5s->0.04],0.09,0.375,1.5,0.04,20260818-end,195,0.9035897435897435,0.8205128205128205,0.13846153846153847,0.041025641025641026,11.470000000000013,160,27,8
margin>=0.09 OR best>=0.375 dur[1.5s->0.04],0.09,0.375,1.5,0.04,20260825-end,243,0.9020576131687243,0.7860082304526749,0.1934156378600823,0.0205761316872428,4.660000000000053,191,47,5
margin>=0.09 OR best>=0.375 dur[1.5s->0.04],0.09,0.375,1.5,0.04,pooled,438,0.9027397260273973,0.8013698630136986,0.1689497716894977,0.02968036529680365,16.130000000000067,351,74,13
margin>=0.09 OR best>=0.375 dur[1.5s->0.06],0.09,0.375,1.5,0.06,20260818-end,195,0.9046153846153846,0.8153846153846154,0.14871794871794872,0.035897435897435895,9.930000000000021,159,29,7
margin>=0.09 OR best>=0.375 dur[1.5s->0.06],0.09,0.375,1.5,0.06,20260825-end,243,0.9020576131687243,0.7860082304526749,0.1934156378600823,0.0205761316872428,4.660000000000053,191,47,5
margin>=0.09 OR best>=0.375 dur[1.5s->0.06],0.09,0.375,1.5,0.06,pooled,438,0.9031963470319635,0.7990867579908676,0.1735159817351598,0.0273972602739726,14.590000000000074,350,76,12
margin>=0.09 OR best>=0.375 dur[2.0s->0.0],0.09,0.375,2.0,0.0,20260818-end,195,0.9066666666666666,0.8205128205128205,0.14358974358974358,0.035897435897435895,9.930000000000021,160,28,7
margin>=0.09 OR best>=0.375 dur[2.0s->0.0],0.09,0.375,2.0,0.0,20260825-end,243,0.9053497942386832,0.7942386831275721,0.18518518518518517,0.0205761316872428,4.660000000000053,193,45,5
margin>=0.09 OR best>=0.375 dur[2.0s->0.0],0.09,0.375,2.0,0.0,pooled,438,0.9059360730593607,0.8059360730593608,0.16666666666666666,0.0273972602739726,14.590000000000074,353,73,12
margin>=0.09 OR best>=0.375 dur[2.0s->0.02],0.09,0.375,2.0,0.02,20260818-end,195,0.9066666666666666,0.8205128205128205,0.14358974358974358,0.035897435897435895,9.930000000000021,160,28,7
margin>=0.09 OR best>=0.375 dur[2.0s->0.02],0.09,0.375,2.0,0.02,20260825-end,243,0.9020576131687243,0.7860082304526749,0.1934156378600823,0.0205761316872428,4.660000000000053,191,47,5
margin>=0.09 OR best>=0.375 dur[2.0s->0.02],0.09,0.375,2.0,0.02,pooled,438,0.904109589041096,0.8013698630136986,0.17123287671232876,0.0273972602739726,14.590000000000074,351,75,12
margin>=0.09 OR best>=0.375 dur[2.0s->0.04],0.09,0.375,2.0,0.04,20260818-end,195,0.9066666666666666,0.8205128205128205,0.14358974358974358,0.035897435897435895,9.930000000000021,160,28,7
margin>=0.09 OR best>=0.375 dur[2.0s->0.04],0.09,0.375,2.0,0.04,20260825-end,243,0.9020576131687243,0.7860082304526749,0.1934156378600823,0.0205761316872428,4.660000000000053,191,47,5
margin>=0.09 OR best>=0.375 dur[2.0s->0.04],0.09,0.375,2.0,0.04,pooled,438,0.904109589041096,0.8013698630136986,0.17123287671232876,0.0273972602739726,14.590000000000074,351,75,12
margin>=0.09 OR best>=0.375 dur[2.0s->0.06],0.09,0.375,2.0,0.06,20260818-end,195,0.9046153846153846,0.8153846153846154,0.14871794871794872,0.035897435897435895,9.930000000000021,159,29,7
margin>=0.09 OR best>=0.375 dur[2.0s->0.06],0.09,0.375,2.0,0.06,20260825-end,243,0.9020576131687243,0.7860082304526749,0.1934156378600823,0.0205761316872428,4.660000000000053,191,47,5
margin>=0.09 OR best>=0.375 dur[2.0s->0.06],0.09,0.375,2.0,0.06,pooled,438,0.9031963470319635,0.7990867579908676,0.1735159817351598,0.0273972602739726,14.590000000000074,350,76,12
margin>=0.09 OR best>=0.375 dur[2.5s->0.0],0.09,0.375,2.5,0.0,20260818-end,195,0.9066666666666666,0.8205128205128205,0.14358974358974358,0.035897435897435895,9.930000000000021,160,28,7
margin>=0.09 OR best>=0.375 dur[2.5s->0.0],0.09,0.375,2.5,0.0,20260825-end,243,0.9053497942386832,0.7942386831275721,0.18518518518518517,0.0205761316872428,4.660000000000053,193,45,5
margin>=0.09 OR best>=0.375 dur[2.5s->0.0],0.09,0.375,2.5,0.0,pooled,438,0.9059360730593607,0.8059360730593608,0.16666666666666666,0.0273972602739726,14.590000000000074,353,73,12
margin>=0.09 OR best>=0.375 dur[2.5s->0.02],0.09,0.375,2.5,0.02,20260818-end,195,0.9066666666666666,0.8205128205128205,0.14358974358974358,0.035897435897435895,9.930000000000021,160,28,7
margin>=0.09 OR best>=0.375 dur[2.5s->0.02],0.09,0.375,2.5,0.02,20260825-end,243,0.9020576131687243,0.7860082304526749,0.1934156378600823,0.0205761316872428,4.660000000000053,191,47,5
margin>=0.09 OR best>=0.375 dur[2.5s->0.02],0.09,0.375,2.5,0.02,pooled,438,0.904109589041096,0.8013698630136986,0.17123287671232876,0.0273972602739726,14.590000000000074,351,75,12
margin>=0.09 OR best>=0.375 dur[2.5s->0.04],0.09,0.375,2.5,0.04,20260818-end,195,0.9066666666666666,0.8205128205128205,0.14358974358974358,0.035897435897435895,9.930000000000021,160,28,7
margin>=0.09 OR best>=0.375 dur[2.5s->0.04],0.09,0.375,2.5,0.04,20260825-end,243,0.9020576131687243,0.7860082304526749,0.1934156378600823,0.0205761316872428,4.660000000000053,191,47,5
margin>=0.09 OR best>=0.375 dur[2.5s->0.04],0.09,0.375,2.5,0.04,pooled,438,0.904109589041096,0.8013698630136986,0.17123287671232876,0.0273972602739726,14.590000000000074,351,75,12
margin>=0.09 OR best>=0.375 dur[2.5s->0.06],0.09,0.375,2.5,0.06,20260818-end,195,0.9046153846153846,0.8153846153846154,0.14871794871794872,0.035897435897435895,9.930000000000021,159,29,7
margin>=0.09 OR best>=0.375 dur[2.5s->0.06],0.09,0.375,2.5,0.06,20260825-end,243,0.9020576131687243,0.7860082304526749,0.1934156378600823,0.0205761316872428,4.660000000000053,191,47,5
margin>=0.09 OR best>=0.375 dur[2.5s->0.06],0.09,0.375,2.5,0.06,pooled,438,0.9031963470319635,0.7990867579908676,0.1735159817351598,0.0273972602739726,14.590000000000074,350,76,12
margin>=0.09 OR best>=0.375 dur[3.0s->0.0],0.09,0.375,3.0,0.0,20260818-end,195,0.9066666666666666,0.8205128205128205,0.14358974358974358,0.035897435897435895,9.930000000000021,160,28,7
margin>=0.09 OR best>=0.375 dur[3.0s->0.0],0.09,0.375,3.0,0.0,20260825-end,243,0.9037037037037038,0.7901234567901234,0.18930041152263374,0.0205761316872428,4.660000000000053,192,46,5
margin>=0.09 OR best>=0.375 dur[3.0s->0.0],0.09,0.375,3.0,0.0,pooled,438,0.9050228310502284,0.8036529680365296,0.1689497716894977,0.0273972602739726,14.590000000000074,352,74,12
margin>=0.09 OR best>=0.375 dur[3.0s->0.02],0.09,0.375,3.0,0.02,20260818-end,195,0.9066666666666666,0.8205128205128205,0.14358974358974358,0.035897435897435895,9.930000000000021,160,28,7
margin>=0.09 OR best>=0.375 dur[3.0s->0.02],0.09,0.375,3.0,0.02,20260825-end,243,0.9020576131687243,0.7860082304526749,0.1934156378600823,0.0205761316872428,4.660000000000053,191,47,5
margin>=0.09 OR best>=0.375 dur[3.0s->0.02],0.09,0.375,3.0,0.02,pooled,438,0.904109589041096,0.8013698630136986,0.17123287671232876,0.0273972602739726,14.590000000000074,351,75,12
margin>=0.09 OR best>=0.375 dur[3.0s->0.04],0.09,0.375,3.0,0.04,20260818-end,195,0.9066666666666666,0.8205128205128205,0.14358974358974358,0.035897435897435895,9.930000000000021,160,28,7
margin>=0.09 OR best>=0.375 dur[3.0s->0.04],0.09,0.375,3.0,0.04,20260825-end,243,0.9020576131687243,0.7860082304526749,0.1934156378600823,0.0205761316872428,4.660000000000053,191,47,5
margin>=0.09 OR best>=0.375 dur[3.0s->0.04],0.09,0.375,3.0,0.04,pooled,438,0.904109589041096,0.8013698630136986,0.17123287671232876,0.0273972602739726,14.590000000000074,351,75,12
margin>=0.09 OR best>=0.375 dur[3.0s->0.06],0.09,0.375,3.0,0.06,20260818-end,195,0.9046153846153846,0.8153846153846154,0.14871794871794872,0.035897435897435895,9.930000000000021,159,29,7
margin>=0.09 OR best>=0.375 dur[3.0s->0.06],0.09,0.375,3.0,0.06,20260825-end,243,0.9020576131687243,0.7860082304526749,0.1934156378600823,0.0205761316872428,4.660000000000053,191,47,5
margin>=0.09 OR best>=0.375 dur[3.0s->0.06],0.09,0.375,3.0,0.06,pooled,438,0.9031963470319635,0.7990867579908676,0.1735159817351598,0.0273972602739726,14.590000000000074,350,76,12
margin>=0.09 OR best>=0.4,0.09,0.4,,,20260818-end,195,0.9025641025641026,0.8102564102564103,0.15384615384615385,0.035897435897435895,9.930000000000021,158,30,7
margin>=0.09 OR best>=0.4,0.09,0.4,,,20260825-end,243,0.8987654320987655,0.7777777777777778,0.20164609053497942,0.0205761316872428,4.660000000000053,189,49,5
margin>=0.09 OR best>=0.4,0.09,0.4,,,pooled,438,0.9004566210045662,0.7922374429223744,0.18036529680365296,0.0273972602739726,14.590000000000074,347,79,12
margin>=0.09 OR best>=0.4 dur[1.0s->0.0],0.09,0.4,1.0,0.0,20260818-end,195,0.9097435897435897,0.8358974358974359,0.12307692307692308,0.041025641025641026,11.470000000000013,163,24,8
margin>=0.09 OR best>=0.4 dur[1.0s->0.0],0.09,0.4,1.0,0.0,20260825-end,243,0.908641975308642,0.8148148148148148,0.15637860082304528,0.02880658436213992,7.12000000000009,198,38,7
margin>=0.09 OR best>=0.4 dur[1.0s->0.0],0.09,0.4,1.0,0.0,pooled,438,0.9091324200913242,0.8242009132420092,0.1415525114155251,0.03424657534246575,18.590000000000103,361,62,15
margin>=0.09 OR best>=0.4 dur[1.0s->0.02],0.09,0.4,1.0,0.02,20260818-end,195,0.9097435897435897,0.8358974358974359,0.12307692307692308,0.041025641025641026,11.470000000000013,163,24,8
margin>=0.09 OR best>=0.4 dur[1.0s->0.02],0.09,0.4,1.0,0.02,20260825-end,243,0.8987654320987655,0.7901234567901234,0.18106995884773663,0.02880658436213992,7.12000000000009,192,44,7
margin>=0.09 OR best>=0.4 dur[1.0s->0.02],0.09,0.4,1.0,0.02,pooled,438,0.9036529680365297,0.8105022831050228,0.1552511415525114,0.03424657534246575,18.590000000000103,355,68,15
margin>=0.09 OR best>=0.4 dur[1.0s->0.04],0.09,0.4,1.0,0.04,20260818-end,195,0.9076923076923077,0.8307692307692308,0.1282051282051282,0.041025641025641026,11.470000000000013,162,25,8
margin>=0.09 OR best>=0.4 dur[1.0s->0.04],0.09,0.4,1.0,0.04,20260825-end,243,0.9037037037037038,0.7901234567901234,0.18930041152263374,0.0205761316872428,4.660000000000053,192,46,5
margin>=0.09 OR best>=0.4 dur[1.0s->0.04],0.09,0.4,1.0,0.04,pooled,438,0.9054794520547946,0.8082191780821918,0.16210045662100456,0.02968036529680365,16.130000000000067,354,71,13
margin>=0.09 OR best>=0.4 dur[1.0s->0.06],0.09,0.4,1.0,0.06,20260818-end,195,0.9087179487179486,0.8256410256410256,0.13846153846153847,0.035897435897435895,9.930000000000021,161,27,7
margin>=0.09 OR best>=0.4 dur[1.0s->0.06],0.09,0.4,1.0,0.06,20260825-end,243,0.9020576131687243,0.7860082304526749,0.1934156378600823,0.0205761316872428,4.660000000000053,191,47,5
margin>=0.09 OR best>=0.4 dur[1.0s->0.06],0.09,0.4,1.0,0.06,pooled,438,0.9050228310502284,0.8036529680365296,0.1689497716894977,0.0273972602739726,14.590000000000074,352,74,12
margin>=0.09 OR best>=0.4 dur[1.5s->0.0],0.09,0.4,1.5,0.0,20260818-end,195,0.9035897435897435,0.8205128205128205,0.13846153846153847,0.041025641025641026,11.470000000000013,160,27,8
margin>=0.09 OR best>=0.4 dur[1.5s->0.0],0.09,0.4,1.5,0.0,20260825-end,243,0.9053497942386832,0.7942386831275721,0.18518518518518517,0.0205761316872428,4.660000000000053,193,45,5
margin>=0.09 OR best>=0.4 dur[1.5s->0.0],0.09,0.4,1.5,0.0,pooled,438,0.9045662100456622,0.8059360730593608,0.1643835616438356,0.02968036529680365,16.130000000000067,353,72,13
margin>=0.09 OR best>=0.4 dur[1.5s->0.02],0.09,0.4,1.5,0.02,20260818-end,195,0.9035897435897435,0.8205128205128205,0.13846153846153847,0.041025641025641026,11.470000000000013,160,27,8
margin>=0.09 OR best>=0.4 dur[1.5s->0.02],0.09,0.4,1.5,0.02,20260825-end,243,0.9004115226337449,0.7818930041152263,0.19753086419753085,0.0205761316872428,4.660000000000053,190,48,5
margin>=0.09 OR best>=0.4 dur[1.5s->0.02],0.09,0.4,1.5,0.02,pooled,438,0.9018264840182648,0.7990867579908676,0.17123287671232876,0.02968036529680365,16.130000000000067,350,75,13
margin>=0.09 OR best>=0.4 dur[1.5s->0.04],0.09,0.4,1.5,0.04,20260818-end,195,0.9035897435897435,0.8205128205128205,0.13846153846153847,0.041025641025641026,11.470000000000013,160,27,8
margin>=0.09 OR best>=0.4 dur[1.5s->0.04],0.09,0.4,1.5,0.04,20260825-end,243,0.9004115226337449,0.7818930041152263,0.19753086419753085,0.0205761316872428,4.660000000000053,190,48,5
margin>=0.09 OR best>=0.4 dur[1.5s->0.04],0.09,0.4,1.5,0.04,pooled,438,0.9018264840182648,0.7990867579908676,0.17123287671232876,0.02968036529680365,16.130000000000067,350,75,13
margin>=0.09 OR best>=0.4 dur[1.5s->0.06],0.09,0.4,1.5,0.06,20260818-end,195,0.9046153846153846,0.8153846153846154,0.14871794871794872,0.035897435897435895,9.930000000000021,159,29,7
margin>=0.09 OR best>=0.4 dur[1.5s->0.06],0.09,0.4,1.5,0.06,20260825-end,243,0.9004115226337449,0.7818930041152263,0.19753086419753085,0.0205761316872428,4.660000000000053,190,48,5
margin>=0.09 OR best>=0.4 dur[1.5s->0.06],0.09,0.4,1.5,0.06,pooled,438,0.902283105022831,0.7968036529680366,0.17579908675799086,0.0273972602739726,14.590000000000074,349,77,12
margin>=0.09 OR best>=0.4 dur[2.0s->0.0],0.09,0.4,2.0,0.0,20260818-end,195,0.9066666666666666,0.8205128205128205,0.14358974358974358,0.035897435897435895,9.930000000000021,160,28,7
margin>=0.09 OR best>=0.4 dur[2.0s->0.0],0.09,0.4,2.0,0.0,20260825-end,243,0.9020576131687243,0.7860082304526749,0.1934156378600823,0.0205761316872428,4.660000000000053,191,47,5
margin>=0.09 OR best>=0.4 dur[2.0s->0.0],0.09,0.4,2.0,0.0,pooled,438,0.904109589041096,0.8013698630136986,0.17123287671232876,0.0273972602739726,14.590000000000074,351,75,12
margin>=0.09 OR best>=0.4 dur[2.0s->0.02],0.09,0.4,2.0,0.02,20260818-end,195,0.9066666666666666,0.8205128205128205,0.14358974358974358,0.035897435897435895,9.930000000000021,160,28,7
margin>=0.09 OR best>=0.4 dur[2.0s->0.02],0.09,0.4,2.0,0.02,20260825-end,243,0.8987654320987655,0.7777777777777778,0.20164609053497942,0.0205761316872428,4.660000000000053,189,49,5
margin>=0.09 OR best>=0.4 dur[2.0s->0.02],0.09,0.4,2.0,0.02,pooled,438,0.902283105022831,0.7968036529680366,0.17579908675799086,0.0273972602739726,14.590000000000074,349,77,12
margin>=0.09 OR best>=0.4 dur[2.0s->0.04],0.09,0.4,2.0,0.04,20260818-end,195,0.9066666666666666,0.8205128205128205,0.14358974358974358,0.035897435897435895,9.930000000000021,160,28,7
margin>=0.09 OR best>=0.4 dur[2.0s->0.04],0.09,0.4,2.0,0.04,20260825-end,243,0.8987654320987655,0.7777777777777778,0.20164609053497942,0.0205761316872428,4.660000000000053,189,49,5
margin>=0.09 OR best>=0.4 dur[2.0s->0.04],0.09,0.4,2.0,0.04,pooled,438,0.902283105022831,0.7968036529680366,0.17579908675799086,0.0273972602739726,14.590000000000074,349,77,12
margin>=0.09 OR best>=0.4 dur[2.0s->0.06],0.09,0.4,2.0,0.06,20260818-end,195,0.9046153846153846,0.8153846153846154,0.14871794871794872,0.035897435897435895,9.930000000000021,159,29,7
margin>=0.09 OR best>=0.4 dur[2.0s->0.06],0.09,0.4,2.0,0.06,20260825-end,243,0.8987654320987655,0.7777777777777778,0.20164609053497942,0.0205761316872428,4.660000000000053,189,49,5
margin>=0.09 OR best>=0.4 dur[2.0s->0.06],0.09,0.4,2.0,0.06,pooled,438,0.9013698630136987,0.7945205479452054,0.1780821917808219,0.0273972602739726,14.590000000000074,348,78,12
margin>=0.09 OR best>=0.4 dur[2.5s->0.0],0.09,0.4,2.5,0.0,20260818-end,195,0.9066666666666666,0.8205128205128205,0.14358974358974358,0.035897435897435895,9.930000000000021,160,28,7
margin>=0.09 OR best>=0.4 dur[2.5s->0.0],0.09,0.4,2.5,0.0,20260825-end,243,0.9020576131687243,0.7860082304526749,0.1934156378600823,0.0205761316872428,4.660000000000053,191,47,5
margin>=0.09 OR best>=0.4 dur[2.5s->0.0],0.09,0.4,2.5,0.0,pooled,438,0.904109589041096,0.8013698630136986,0.17123287671232876,0.0273972602739726,14.590000000000074,351,75,12
margin>=0.09 OR best>=0.4 dur[2.5s->0.02],0.09,0.4,2.5,0.02,20260818-end,195,0.9066666666666666,0.8205128205128205,0.14358974358974358,0.035897435897435895,9.930000000000021,160,28,7
margin>=0.09 OR best>=0.4 dur[2.5s->0.02],0.09,0.4,2.5,0.02,20260825-end,243,0.8987654320987655,0.7777777777777778,0.20164609053497942,0.0205761316872428,4.660000000000053,189,49,5
margin>=0.09 OR best>=0.4 dur[2.5s->0.02],0.09,0.4,2.5,0.02,pooled,438,0.902283105022831,0.7968036529680366,0.17579908675799086,0.0273972602739726,14.590000000000074,349,77,12
margin>=0.09 OR best>=0.4 dur[2.5s->0.04],0.09,0.4,2.5,0.04,20260818-end,195,0.9066666666666666,0.8205128205128205,0.14358974358974358,0.035897435897435895,9.930000000000021,160,28,7
margin>=0.09 OR best>=0.4 dur[2.5s->0.04],0.09,0.4,2.5,0.04,20260825-end,243,0.8987654320987655,0.7777777777777778,0.20164609053497942,0.0205761316872428,4.660000000000053,189,49,5
margin>=0.09 OR best>=0.4 dur[2.5s->0.04],0.09,0.4,2.5,0.04,pooled,438,0.902283105022831,0.7968036529680366,0.17579908675799086,0.0273972602739726,14.590000000000074,349,77,12
margin>=0.09 OR best>=0.4 dur[2.5s->0.06],0.09,0.4,2.5,0.06,20260818-end,195,0.9046153846153846,0.8153846153846154,0.14871794871794872,0.035897435897435895,9.930000000000021,159,29,7
margin>=0.09 OR best>=0.4 dur[2.5s->0.06],0.09,0.4,2.5,0.06,20260825-end,243,0.8987654320987655,0.7777777777777778,0.20164609053497942,0.0205761316872428,4.660000000000053,189,49,5
margin>=0.09 OR best>=0.4 dur[2.5s->0.06],0.09,0.4,2.5,0.06,pooled,438,0.9013698630136987,0.7945205479452054,0.1780821917808219,0.0273972602739726,14.590000000000074,348,78,12
margin>=0.09 OR best>=0.4 dur[3.0s->0.0],0.09,0.4,3.0,0.0,20260818-end,195,0.9046153846153846,0.8153846153846154,0.14871794871794872,0.035897435897435895,9.930000000000021,159,29,7
margin>=0.09 OR best>=0.4 dur[3.0s->0.0],0.09,0.4,3.0,0.0,20260825-end,243,0.9004115226337449,0.7818930041152263,0.19753086419753085,0.0205761316872428,4.660000000000053,190,48,5
margin>=0.09 OR best>=0.4 dur[3.0s->0.0],0.09,0.4,3.0,0.0,pooled,438,0.902283105022831,0.7968036529680366,0.17579908675799086,0.0273972602739726,14.590000000000074,349,77,12
margin>=0.09 OR best>=0.4 dur[3.0s->0.02],0.09,0.4,3.0,0.02,20260818-end,195,0.9046153846153846,0.8153846153846154,0.14871794871794872,0.035897435897435895,9.930000000000021,159,29,7
margin>=0.09 OR best>=0.4 dur[3.0s->0.02],0.09,0.4,3.0,0.02,20260825-end,243,0.8987654320987655,0.7777777777777778,0.20164609053497942,0.0205761316872428,4.660000000000053,189,49,5
margin>=0.09 OR best>=0.4 dur[3.0s->0.02],0.09,0.4,3.0,0.02,pooled,438,0.9013698630136987,0.7945205479452054,0.1780821917808219,0.0273972602739726,14.590000000000074,348,78,12
margin>=0.09 OR best>=0.4 dur[3.0s->0.04],0.09,0.4,3.0,0.04,20260818-end,195,0.9046153846153846,0.8153846153846154,0.14871794871794872,0.035897435897435895,9.930000000000021,159,29,7
margin>=0.09 OR best>=0.4 dur[3.0s->0.04],0.09,0.4,3.0,0.04,20260825-end,243,0.8987654320987655,0.7777777777777778,0.20164609053497942,0.0205761316872428,4.660000000000053,189,49,5
margin>=0.09 OR best>=0.4 dur[3.0s->0.04],0.09,0.4,3.0,0.04,pooled,438,0.9013698630136987,0.7945205479452054,0.1780821917808219,0.0273972602739726,14.590000000000074,348,78,12
margin>=0.09 OR best>=0.4 dur[3.0s->0.06],0.09,0.4,3.0,0.06,20260818-end,195,0.9025641025641026,0.8102564102564103,0.15384615384615385,0.035897435897435895,9.930000000000021,158,30,7
margin>=0.09 OR best>=0.4 dur[3.0s->0.06],0.09,0.4,3.0,0.06,20260825-end,243,0.8987654320987655,0.7777777777777778,0.20164609053497942,0.0205761316872428,4.660000000000053,189,49,5
margin>=0.09 OR best>=0.4 dur[3.0s->0.06],0.09,0.4,3.0,0.06,pooled,438,0.9004566210045662,0.7922374429223744,0.18036529680365296,0.0273972602739726,14.590000000000074,347,79,12
margin>=0.09 OR best>=0.425,0.09,0.425,,,20260818-end,195,0.9056410256410257,0.8102564102564103,0.15897435897435896,0.03076923076923077,8.760000000000034,158,31,6
margin>=0.09 OR best>=0.425,0.09,0.425,,,20260825-end,243,0.8971193415637861,0.7736625514403292,0.205761316872428,0.0205761316872428,4.660000000000053,188,50,5
margin>=0.09 OR best>=0.425,0.09,0.425,,,pooled,438,0.9009132420091325,0.7899543378995434,0.18493150684931506,0.02511415525114155,13.420000000000087,346,81,11
margin>=0.09 OR best>=0.425 dur[1.0s->0.0],0.09,0.425,1.0,0.0,20260818-end,195,0.9097435897435897,0.8358974358974359,0.12307692307692308,0.041025641025641026,11.470000000000013,163,24,8
margin>=0.09 OR best>=0.425 dur[1.0s->0.0],0.09,0.425,1.0,0.0,20260825-end,243,0.908641975308642,0.8148148148148148,0.15637860082304528,0.02880658436213992,7.12000000000009,198,38,7
margin>=0.09 OR best>=0.425 dur[1.0s->0.0],0.09,0.425,1.0,0.0,pooled,438,0.9091324200913242,0.8242009132420092,0.1415525114155251,0.03424657534246575,18.590000000000103,361,62,15
margin>=0.09 OR best>=0.425 dur[1.0s->0.02],0.09,0.425,1.0,0.02,20260818-end,195,0.9097435897435897,0.8358974358974359,0.12307692307692308,0.041025641025641026,11.470000000000013,163,24,8
margin>=0.09 OR best>=0.425 dur[1.0s->0.02],0.09,0.425,1.0,0.02,20260825-end,243,0.8987654320987655,0.7901234567901234,0.18106995884773663,0.02880658436213992,7.12000000000009,192,44,7
margin>=0.09 OR best>=0.425 dur[1.0s->0.02],0.09,0.425,1.0,0.02,pooled,438,0.9036529680365297,0.8105022831050228,0.1552511415525114,0.03424657534246575,18.590000000000103,355,68,15
margin>=0.09 OR best>=0.425 dur[1.0s->0.04],0.09,0.425,1.0,0.04,20260818-end,195,0.9107692307692308,0.8307692307692308,0.13333333333333333,0.035897435897435895,10.300000000000026,162,26,7
margin>=0.09 OR best>=0.425 dur[1.0s->0.04],0.09,0.425,1.0,0.04,20260825-end,243,0.9037037037037038,0.7901234567901234,0.18930041152263374,0.0205761316872428,4.660000000000053,192,46,5
margin>=0.09 OR best>=0.425 dur[1.0s->0.04],0.09,0.425,1.0,0.04,pooled,438,0.9068493150684932,0.8082191780821918,0.1643835616438356,0.0273972602739726,14.960000000000079,354,72,12
margin>=0.09 OR best>=0.425 dur[1.0s->0.06],0.09,0.425,1.0,0.06,20260818-end,195,0.9117948717948718,0.8256410256410256,0.14358974358974358,0.03076923076923077,8.760000000000034,161,28,6
margin>=0.09 OR best>=0.425 dur[1.0s->0.06],0.09,0.425,1.0,0.06,20260825-end,243,0.9004115226337449,0.7818930041152263,0.19753086419753085,0.0205761316872428,4.660000000000053,190,48,5
margin>=0.09 OR best>=0.425 dur[1.0s->0.06],0.09,0.425,1.0,0.06,pooled,438,0.9054794520547946,0.8013698630136986,0.1735159817351598,0.02511415525114155,13.420000000000087,351,76,11
margin>=0.09 OR best>=0.425 dur[1.5s->0.0],0.09,0.425,1.5,0.0,20260818-end,195,0.9066666666666666,0.8205128205128205,0.14358974358974358,0.035897435897435895,10.300000000000026,160,28,7
margin>=0.09 OR best>=0.425 dur[1.5s->0.0],0.09,0.425,1.5,0.0,20260825-end,243,0.9037037037037038,0.7901234567901234,0.18930041152263374,0.0205761316872428,4.660000000000053,192,46,5
margin>=0.09 OR best>=0.425 dur[1.5s->0.0],0.09,0.425,1.5,0.0,pooled,438,0.9050228310502284,0.8036529680365296,0.1689497716894977,0.0273972602739726,14.960000000000079,352,74,12
margin>=0.09 OR best>=0.425 dur[1.5s->0.02],0.09,0.425,1.5,0.02,20260818-end,195,0.9066666666666666,0.8205128205128205,0.14358974358974358,0.035897435897435895,10.300000000000026,160,28,7
margin>=0.09 OR best>=0.425 dur[1.5s->0.02],0.09,0.425,1.5,0.02,20260825-end,243,0.8987654320987655,0.7777777777777778,0.20164609053497942,0.0205761316872428,4.660000000000053,189,49,5
margin>=0.09 OR best>=0.425 dur[1.5s->0.02],0.09,0.425,1.5,0.02,pooled,438,0.902283105022831,0.7968036529680366,0.17579908675799086,0.0273972602739726,14.960000000000079,349,77,12
margin>=0.09 OR best>=0.425 dur[1.5s->0.04],0.09,0.425,1.5,0.04,20260818-end,195,0.9066666666666666,0.8205128205128205,0.14358974358974358,0.035897435897435895,10.300000000000026,160,28,7
margin>=0.09 OR best>=0.425 dur[1.5s->0.04],0.09,0.425,1.5,0.04,20260825-end,243,0.8987654320987655,0.7777777777777778,0.20164609053497942,0.0205761316872428,4.660000000000053,189,49,5
margin>=0.09 OR best>=0.425 dur[1.5s->0.04],0.09,0.425,1.5,0.04,pooled,438,0.902283105022831,0.7968036529680366,0.17579908675799086,0.0273972602739726,14.960000000000079,349,77,12
margin>=0.09 OR best>=0.425 dur[1.5s->0.06],0.09,0.425,1.5,0.06,20260818-end,195,0.9076923076923077,0.8153846153846154,0.15384615384615385,0.03076923076923077,8.760000000000034,159,30,6
margin>=0.09 OR best>=0.425 dur[1.5s->0.06],0.09,0.425,1.5,0.06,20260825-end,243,0.8987654320987655,0.7777777777777778,0.20164609053497942,0.0205761316872428,4.660000000000053,189,49,5
margin>=0.09 OR best>=0.425 dur[1.5s->0.06],0.09,0.425,1.5,0.06,pooled,438,0.9027397260273973,0.7945205479452054,0.18036529680365296,0.02511415525114155,13.420000000000087,348,79,11
margin>=0.09 OR best>=0.425 dur[2.0s->0.0],0.09,0.425,2.0,0.0,20260818-end,195,0.9097435897435897,0.8205128205128205,0.14871794871794872,0.03076923076923077,8.760000000000034,160,29,6
margin>=0.09 OR best>=0.425 dur[2.0s->0.0],0.09,0.425,2.0,0.0,20260825-end,243,0.9004115226337449,0.7818930041152263,0.19753086419753085,0.0205761316872428,4.660000000000053,190,48,5
margin>=0.09 OR best>=0.425 dur[2.0s->0.0],0.09,0.425,2.0,0.0,pooled,438,0.9045662100456622,0.7990867579908676,0.17579908675799086,0.02511415525114155,13.420000000000087,350,77,11
margin>=0.09 OR best>=0.425 dur[2.0s->0.02],0.09,0.425,2.0,0.02,20260818-end,195,0.9097435897435897,0.8205128205128205,0.14871794871794872,0.03076923076923077,8.760000000000034,160,29,6
margin>=0.09 OR best>=0.425 dur[2.0s->0.02],0.09,0.425,2.0,0.02,20260825-end,243,0.8971193415637861,0.7736625514403292,0.205761316872428,0.0205761316872428,4.660000000000053,188,50,5
margin>=0.09 OR best>=0.425 dur[2.0s->0.02],0.09,0.425,2.0,0.02,pooled,438,0.9027397260273973,0.7945205479452054,0.18036529680365296,0.02511415525114155,13.420000000000087,348,79,11
margin>=0.09 OR best>=0.425 dur[2.0s->0.04],0.09,0.425,2.0,0.04,20260818-end,195,0.9097435897435897,0.8205128205128205,0.14871794871794872,0.03076923076923077,8.760000000000034,160,29,6
margin>=0.09 OR best>=0.425 dur[2.0s->0.04],0.09,0.425,2.0,0.04,20260825-end,243,0.8971193415637861,0.7736625514403292,0.205761316872428,0.0205761316872428,4.660000000000053,188,50,5
margin>=0.09 OR best>=0.425 dur[2.0s->0.04],0.09,0.425,2.0,0.04,pooled,438,0.9027397260273973,0.7945205479452054,0.18036529680365296,0.02511415525114155,13.420000000000087,348,79,11
margin>=0.09 OR best>=0.425 dur[2.0s->0.06],0.09,0.425,2.0,0.06,20260818-end,195,0.9076923076923077,0.8153846153846154,0.15384615384615385,0.03076923076923077,8.760000000000034,159,30,6
margin>=0.09 OR best>=0.425 dur[2.0s->0.06],0.09,0.425,2.0,0.06,20260825-end,243,0.8971193415637861,0.7736625514403292,0.205761316872428,0.0205761316872428,4.660000000000053,188,50,5
margin>=0.09 OR best>=0.425 dur[2.0s->0.06],0.09,0.425,2.0,0.06,pooled,438,0.9018264840182649,0.7922374429223744,0.182648401826484,0.02511415525114155,13.420000000000087,347,80,11
margin>=0.09 OR best>=0.425 dur[2.5s->0.0],0.09,0.425,2.5,0.0,20260818-end,195,0.9097435897435897,0.8205128205128205,0.14871794871794872,0.03076923076923077,8.760000000000034,160,29,6
margin>=0.09 OR best>=0.425 dur[2.5s->0.0],0.09,0.425,2.5,0.0,20260825-end,243,0.9004115226337449,0.7818930041152263,0.19753086419753085,0.0205761316872428,4.660000000000053,190,48,5
margin>=0.09 OR best>=0.425 dur[2.5s->0.0],0.09,0.425,2.5,0.0,pooled,438,0.9045662100456622,0.7990867579908676,0.17579908675799086,0.02511415525114155,13.420000000000087,350,77,11
margin>=0.09 OR best>=0.425 dur[2.5s->0.02],0.09,0.425,2.5,0.02,20260818-end,195,0.9097435897435897,0.8205128205128205,0.14871794871794872,0.03076923076923077,8.760000000000034,160,29,6
margin>=0.09 OR best>=0.425 dur[2.5s->0.02],0.09,0.425,2.5,0.02,20260825-end,243,0.8971193415637861,0.7736625514403292,0.205761316872428,0.0205761316872428,4.660000000000053,188,50,5
margin>=0.09 OR best>=0.425 dur[2.5s->0.02],0.09,0.425,2.5,0.02,pooled,438,0.9027397260273973,0.7945205479452054,0.18036529680365296,0.02511415525114155,13.420000000000087,348,79,11
margin>=0.09 OR best>=0.425 dur[2.5s->0.04],0.09,0.425,2.5,0.04,20260818-end,195,0.9097435897435897,0.8205128205128205,0.14871794871794872,0.03076923076923077,8.760000000000034,160,29,6
margin>=0.09 OR best>=0.425 dur[2.5s->0.04],0.09,0.425,2.5,0.04,20260825-end,243,0.8971193415637861,0.7736625514403292,0.205761316872428,0.0205761316872428,4.660000000000053,188,50,5
margin>=0.09 OR best>=0.425 dur[2.5s->0.04],0.09,0.425,2.5,0.04,pooled,438,0.9027397260273973,0.7945205479452054,0.18036529680365296,0.02511415525114155,13.420000000000087,348,79,11
margin>=0.09 OR best>=0.425 dur[2.5s->0.06],0.09,0.425,2.5,0.06,20260818-end,195,0.9076923076923077,0.8153846153846154,0.15384615384615385,0.03076923076923077,8.760000000000034,159,30,6
margin>=0.09 OR best>=0.425 dur[2.5s->0.06],0.09,0.425,2.5,0.06,20260825-end,243,0.8971193415637861,0.7736625514403292,0.205761316872428,0.0205761316872428,4.660000000000053,188,50,5
margin>=0.09 OR best>=0.425 dur[2.5s->0.06],0.09,0.425,2.5,0.06,pooled,438,0.9018264840182649,0.7922374429223744,0.182648401826484,0.02511415525114155,13.420000000000087,347,80,11
margin>=0.09 OR best>=0.425 dur[3.0s->0.0],0.09,0.425,3.0,0.0,20260818-end,195,0.9076923076923077,0.8153846153846154,0.15384615384615385,0.03076923076923077,8.760000000000034,159,30,6
margin>=0.09 OR best>=0.425 dur[3.0s->0.0],0.09,0.425,3.0,0.0,20260825-end,243,0.8987654320987655,0.7777777777777778,0.20164609053497942,0.0205761316872428,4.660000000000053,189,49,5
margin>=0.09 OR best>=0.425 dur[3.0s->0.0],0.09,0.425,3.0,0.0,pooled,438,0.9027397260273973,0.7945205479452054,0.18036529680365296,0.02511415525114155,13.420000000000087,348,79,11
margin>=0.09 OR best>=0.425 dur[3.0s->0.02],0.09,0.425,3.0,0.02,20260818-end,195,0.9076923076923077,0.8153846153846154,0.15384615384615385,0.03076923076923077,8.760000000000034,159,30,6
margin>=0.09 OR best>=0.425 dur[3.0s->0.02],0.09,0.425,3.0,0.02,20260825-end,243,0.8971193415637861,0.7736625514403292,0.205761316872428,0.0205761316872428,4.660000000000053,188,50,5
margin>=0.09 OR best>=0.425 dur[3.0s->0.02],0.09,0.425,3.0,0.02,pooled,438,0.9018264840182649,0.7922374429223744,0.182648401826484,0.02511415525114155,13.420000000000087,347,80,11
margin>=0.09 OR best>=0.425 dur[3.0s->0.04],0.09,0.425,3.0,0.04,20260818-end,195,0.9076923076923077,0.8153846153846154,0.15384615384615385,0.03076923076923077,8.760000000000034,159,30,6
margin>=0.09 OR best>=0.425 dur[3.0s->0.04],0.09,0.425,3.0,0.04,20260825-end,243,0.8971193415637861,0.7736625514403292,0.205761316872428,0.0205761316872428,4.660000000000053,188,50,5
margin>=0.09 OR best>=0.425 dur[3.0s->0.04],0.09,0.425,3.0,0.04,pooled,438,0.9018264840182649,0.7922374429223744,0.182648401826484,0.02511415525114155,13.420000000000087,347,80,11
margin>=0.09 OR best>=0.425 dur[3.0s->0.06],0.09,0.425,3.0,0.06,20260818-end,195,0.9056410256410257,0.8102564102564103,0.15897435897435896,0.03076923076923077,8.760000000000034,158,31,6
margin>=0.09 OR best>=0.425 dur[3.0s->0.06],0.09,0.425,3.0,0.06,20260825-end,243,0.8971193415637861,0.7736625514403292,0.205761316872428,0.0205761316872428,4.660000000000053,188,50,5
margin>=0.09 OR best>=0.425 dur[3.0s->0.06],0.09,0.425,3.0,0.06,pooled,438,0.9009132420091325,0.7899543378995434,0.18493150684931506,0.02511415525114155,13.420000000000087,346,81,11
margin>=0.09 OR best>=0.45,0.09,0.45,,,20260818-end,195,0.9056410256410257,0.8102564102564103,0.15897435897435896,0.03076923076923077,8.760000000000034,158,31,6
margin>=0.09 OR best>=0.45,0.09,0.45,,,20260825-end,243,0.8971193415637861,0.7736625514403292,0.205761316872428,0.0205761316872428,4.660000000000053,188,50,5
margin>=0.09 OR best>=0.45,0.09,0.45,,,pooled,438,0.9009132420091325,0.7899543378995434,0.18493150684931506,0.02511415525114155,13.420000000000087,346,81,11
margin>=0.09 OR best>=0.45 dur[1.0s->0.0],0.09,0.45,1.0,0.0,20260818-end,195,0.9097435897435897,0.8358974358974359,0.12307692307692308,0.041025641025641026,11.470000000000013,163,24,8
margin>=0.09 OR best>=0.45 dur[1.0s->0.0],0.09,0.45,1.0,0.0,20260825-end,243,0.908641975308642,0.8148148148148148,0.15637860082304528,0.02880658436213992,7.12000000000009,198,38,7
margin>=0.09 OR best>=0.45 dur[1.0s->0.0],0.09,0.45,1.0,0.0,pooled,438,0.9091324200913242,0.8242009132420092,0.1415525114155251,0.03424657534246575,18.590000000000103,361,62,15
margin>=0.09 OR best>=0.45 dur[1.0s->0.02],0.09,0.45,1.0,0.02,20260818-end,195,0.9097435897435897,0.8358974358974359,0.12307692307692308,0.041025641025641026,11.470000000000013,163,24,8
margin>=0.09 OR best>=0.45 dur[1.0s->0.02],0.09,0.45,1.0,0.02,20260825-end,243,0.8987654320987655,0.7901234567901234,0.18106995884773663,0.02880658436213992,7.12000000000009,192,44,7
margin>=0.09 OR best>=0.45 dur[1.0s->0.02],0.09,0.45,1.0,0.02,pooled,438,0.9036529680365297,0.8105022831050228,0.1552511415525114,0.03424657534246575,18.590000000000103,355,68,15
margin>=0.09 OR best>=0.45 dur[1.0s->0.04],0.09,0.45,1.0,0.04,20260818-end,195,0.9107692307692308,0.8307692307692308,0.13333333333333333,0.035897435897435895,10.300000000000026,162,26,7
margin>=0.09 OR best>=0.45 dur[1.0s->0.04],0.09,0.45,1.0,0.04,20260825-end,243,0.9037037037037038,0.7901234567901234,0.18930041152263374,0.0205761316872428,4.660000000000053,192,46,5
margin>=0.09 OR best>=0.45 dur[1.0s->0.04],0.09,0.45,1.0,0.04,pooled,438,0.9068493150684932,0.8082191780821918,0.1643835616438356,0.0273972602739726,14.960000000000079,354,72,12
margin>=0.09 OR best>=0.45 dur[1.0s->0.06],0.09,0.45,1.0,0.06,20260818-end,195,0.9117948717948718,0.8256410256410256,0.14358974358974358,0.03076923076923077,8.760000000000034,161,28,6
margin>=0.09 OR best>=0.45 dur[1.0s->0.06],0.09,0.45,1.0,0.06,20260825-end,243,0.9004115226337449,0.7818930041152263,0.19753086419753085,0.0205761316872428,4.660000000000053,190,48,5
margin>=0.09 OR best>=0.45 dur[1.0s->0.06],0.09,0.45,1.0,0.06,pooled,438,0.9054794520547946,0.8013698630136986,0.1735159817351598,0.02511415525114155,13.420000000000087,351,76,11
margin>=0.09 OR best>=0.45 dur[1.5s->0.0],0.09,0.45,1.5,0.0,20260818-end,195,0.9066666666666666,0.8205128205128205,0.14358974358974358,0.035897435897435895,10.300000000000026,160,28,7
margin>=0.09 OR best>=0.45 dur[1.5s->0.0],0.09,0.45,1.5,0.0,20260825-end,243,0.9037037037037038,0.7901234567901234,0.18930041152263374,0.0205761316872428,4.660000000000053,192,46,5
margin>=0.09 OR best>=0.45 dur[1.5s->0.0],0.09,0.45,1.5,0.0,pooled,438,0.9050228310502284,0.8036529680365296,0.1689497716894977,0.0273972602739726,14.960000000000079,352,74,12
margin>=0.09 OR best>=0.45 dur[1.5s->0.02],0.09,0.45,1.5,0.02,20260818-end,195,0.9066666666666666,0.8205128205128205,0.14358974358974358,0.035897435897435895,10.300000000000026,160,28,7
margin>=0.09 OR best>=0.45 dur[1.5s->0.02],0.09,0.45,1.5,0.02,20260825-end,243,0.8987654320987655,0.7777777777777778,0.20164609053497942,0.0205761316872428,4.660000000000053,189,49,5
margin>=0.09 OR best>=0.45 dur[1.5s->0.02],0.09,0.45,1.5,0.02,pooled,438,0.902283105022831,0.7968036529680366,0.17579908675799086,0.0273972602739726,14.960000000000079,349,77,12
margin>=0.09 OR best>=0.45 dur[1.5s->0.04],0.09,0.45,1.5,0.04,20260818-end,195,0.9066666666666666,0.8205128205128205,0.14358974358974358,0.035897435897435895,10.300000000000026,160,28,7
margin>=0.09 OR best>=0.45 dur[1.5s->0.04],0.09,0.45,1.5,0.04,20260825-end,243,0.8987654320987655,0.7777777777777778,0.20164609053497942,0.0205761316872428,4.660000000000053,189,49,5
margin>=0.09 OR best>=0.45 dur[1.5s->0.04],0.09,0.45,1.5,0.04,pooled,438,0.902283105022831,0.7968036529680366,0.17579908675799086,0.0273972602739726,14.960000000000079,349,77,12
margin>=0.09 OR best>=0.45 dur[1.5s->0.06],0.09,0.45,1.5,0.06,20260818-end,195,0.9076923076923077,0.8153846153846154,0.15384615384615385,0.03076923076923077,8.760000000000034,159,30,6
margin>=0.09 OR best>=0.45 dur[1.5s->0.06],0.09,0.45,1.5,0.06,20260825-end,243,0.8987654320987655,0.7777777777777778,0.20164609053497942,0.0205761316872428,4.660000000000053,189,49,5
margin>=0.09 OR best>=0.45 dur[1.5s->0.06],0.09,0.45,1.5,0.06,pooled,438,0.9027397260273973,0.7945205479452054,0.18036529680365296,0.02511415525114155,13.420000000000087,348,79,11
margin>=0.09 OR best>=0.45 dur[2.0s->0.0],0.09,0.45,2.0,0.0,20260818-end,195,0.9097435897435897,0.8205128205128205,0.14871794871794872,0.03076923076923077,8.760000000000034,160,29,6
margin>=0.09 OR best>=0.45 dur[2.0s->0.0],0.09,0.45,2.0,0.0,20260825-end,243,0.9004115226337449,0.7818930041152263,0.19753086419753085,0.0205761316872428,4.660000000000053,190,48,5
margin>=0.09 OR best>=0.45 dur[2.0s->0.0],0.09,0.45,2.0,0.0,pooled,438,0.9045662100456622,0.7990867579908676,0.17579908675799086,0.02511415525114155,13.420000000000087,350,77,11
margin>=0.09 OR best>=0.45 dur[2.0s->0.02],0.09,0.45,2.0,0.02,20260818-end,195,0.9097435897435897,0.8205128205128205,0.14871794871794872,0.03076923076923077,8.760000000000034,160,29,6
margin>=0.09 OR best>=0.45 dur[2.0s->0.02],0.09,0.45,2.0,0.02,20260825-end,243,0.8971193415637861,0.7736625514403292,0.205761316872428,0.0205761316872428,4.660000000000053,188,50,5
margin>=0.09 OR best>=0.45 dur[2.0s->0.02],0.09,0.45,2.0,0.02,pooled,438,0.9027397260273973,0.7945205479452054,0.18036529680365296,0.02511415525114155,13.420000000000087,348,79,11
margin>=0.09 OR best>=0.45 dur[2.0s->0.04],0.09,0.45,2.0,0.04,20260818-end,195,0.9097435897435897,0.8205128205128205,0.14871794871794872,0.03076923076923077,8.760000000000034,160,29,6
margin>=0.09 OR best>=0.45 dur[2.0s->0.04],0.09,0.45,2.0,0.04,20260825-end,243,0.8971193415637861,0.7736625514403292,0.205761316872428,0.0205761316872428,4.660000000000053,188,50,5
margin>=0.09 OR best>=0.45 dur[2.0s->0.04],0.09,0.45,2.0,0.04,pooled,438,0.9027397260273973,0.7945205479452054,0.18036529680365296,0.02511415525114155,13.420000000000087,348,79,11
margin>=0.09 OR best>=0.45 dur[2.0s->0.06],0.09,0.45,2.0,0.06,20260818-end,195,0.9076923076923077,0.8153846153846154,0.15384615384615385,0.03076923076923077,8.760000000000034,159,30,6
margin>=0.09 OR best>=0.45 dur[2.0s->0.06],0.09,0.45,2.0,0.06,20260825-end,243,0.8971193415637861,0.7736625514403292,0.205761316872428,0.0205761316872428,4.660000000000053,188,50,5
margin>=0.09 OR best>=0.45 dur[2.0s->0.06],0.09,0.45,2.0,0.06,pooled,438,0.9018264840182649,0.7922374429223744,0.182648401826484,0.02511415525114155,13.420000000000087,347,80,11
margin>=0.09 OR best>=0.45 dur[2.5s->0.0],0.09,0.45,2.5,0.0,20260818-end,195,0.9097435897435897,0.8205128205128205,0.14871794871794872,0.03076923076923077,8.760000000000034,160,29,6
margin>=0.09 OR best>=0.45 dur[2.5s->0.0],0.09,0.45,2.5,0.0,20260825-end,243,0.9004115226337449,0.7818930041152263,0.19753086419753085,0.0205761316872428,4.660000000000053,190,48,5
margin>=0.09 OR best>=0.45 dur[2.5s->0.0],0.09,0.45,2.5,0.0,pooled,438,0.9045662100456622,0.7990867579908676,0.17579908675799086,0.02511415525114155,13.420000000000087,350,77,11
margin>=0.09 OR best>=0.45 dur[2.5s->0.02],0.09,0.45,2.5,0.02,20260818-end,195,0.9097435897435897,0.8205128205128205,0.14871794871794872,0.03076923076923077,8.760000000000034,160,29,6
margin>=0.09 OR best>=0.45 dur[2.5s->0.02],0.09,0.45,2.5,0.02,20260825-end,243,0.8971193415637861,0.7736625514403292,0.205761316872428,0.0205761316872428,4.660000000000053,188,50,5
margin>=0.09 OR best>=0.45 dur[2.5s->0.02],0.09,0.45,2.5,0.02,pooled,438,0.9027397260273973,0.7945205479452054,0.18036529680365296,0.02511415525114155,13.420000000000087,348,79,11
margin>=0.09 OR best>=0.45 dur[2.5s->0.04],0.09,0.45,2.5,0.04,20260818-end,195,0.9097435897435897,0.8205128205128205,0.14871794871794872,0.03076923076923077,8.760000000000034,160,29,6
margin>=0.09 OR best>=0.45 dur[2.5s->0.04],0.09,0.45,2.5,0.04,20260825-end,243,0.8971193415637861,0.7736625514403292,0.205761316872428,0.0205761316872428,4.660000000000053,188,50,5
margin>=0.09 OR best>=0.45 dur[2.5s->0.04],0.09,0.45,2.5,0.04,pooled,438,0.9027397260273973,0.7945205479452054,0.18036529680365296,0.02511415525114155,13.420000000000087,348,79,11
margin>=0.09 OR best>=0.45 dur[2.5s->0.06],0.09,0.45,2.5,0.06,20260818-end,195,0.9076923076923077,0.8153846153846154,0.15384615384615385,0.03076923076923077,8.760000000000034,159,30,6
margin>=0.09 OR best>=0.45 dur[2.5s->0.06],0.09,0.45,2.5,0.06,20260825-end,243,0.8971193415637861,0.7736625514403292,0.205761316872428,0.0205761316872428,4.660000000000053,188,50,5
margin>=0.09 OR best>=0.45 dur[2.5s->0.06],0.09,0.45,2.5,0.06,pooled,438,0.9018264840182649,0.7922374429223744,0.182648401826484,0.02511415525114155,13.420000000000087,347,80,11
margin>=0.09 OR best>=0.45 dur[3.0s->0.0],0.09,0.45,3.0,0.0,20260818-end,195,0.9076923076923077,0.8153846153846154,0.15384615384615385,0.03076923076923077,8.760000000000034,159,30,6
margin>=0.09 OR best>=0.45 dur[3.0s->0.0],0.09,0.45,3.0,0.0,20260825-end,243,0.8987654320987655,0.7777777777777778,0.20164609053497942,0.0205761316872428,4.660000000000053,189,49,5
margin>=0.09 OR best>=0.45 dur[3.0s->0.0],0.09,0.45,3.0,0.0,pooled,438,0.9027397260273973,0.7945205479452054,0.18036529680365296,0.02511415525114155,13.420000000000087,348,79,11
margin>=0.09 OR best>=0.45 dur[3.0s->0.02],0.09,0.45,3.0,0.02,20260818-end,195,0.9076923076923077,0.8153846153846154,0.15384615384615385,0.03076923076923077,8.760000000000034,159,30,6
margin>=0.09 OR best>=0.45 dur[3.0s->0.02],0.09,0.45,3.0,0.02,20260825-end,243,0.8971193415637861,0.7736625514403292,0.205761316872428,0.0205761316872428,4.660000000000053,188,50,5
margin>=0.09 OR best>=0.45 dur[3.0s->0.02],0.09,0.45,3.0,0.02,pooled,438,0.9018264840182649,0.7922374429223744,0.182648401826484,0.02511415525114155,13.420000000000087,347,80,11
margin>=0.09 OR best>=0.45 dur[3.0s->0.04],0.09,0.45,3.0,0.04,20260818-end,195,0.9076923076923077,0.8153846153846154,0.15384615384615385,0.03076923076923077,8.760000000000034,159,30,6
margin>=0.09 OR best>=0.45 dur[3.0s->0.04],0.09,0.45,3.0,0.04,20260825-end,243,0.8971193415637861,0.7736625514403292,0.205761316872428,0.0205761316872428,4.660000000000053,188,50,5
margin>=0.09 OR best>=0.45 dur[3.0s->0.04],0.09,0.45,3.0,0.04,pooled,438,0.9018264840182649,0.7922374429223744,0.182648401826484,0.02511415525114155,13.420000000000087,347,80,11
margin>=0.09 OR best>=0.45 dur[3.0s->0.06],0.09,0.45,3.0,0.06,20260818-end,195,0.9056410256410257,0.8102564102564103,0.15897435897435896,0.03076923076923077,8.760000000000034,158,31,6
margin>=0.09 OR best>=0.45 dur[3.0s->0.06],0.09,0.45,3.0,0.06,20260825-end,243,0.8971193415637861,0.7736625514403292,0.205761316872428,0.0205761316872428,4.660000000000053,188,50,5
margin>=0.09 OR best>=0.45 dur[3.0s->0.06],0.09,0.45,3.0,0.06,pooled,438,0.9009132420091325,0.7899543378995434,0.18493150684931506,0.02511415525114155,13.420000000000087,346,81,11
margin>=0.1,0.1,,,,20260818-end,195,0.9107692307692308,0.8,0.18461538461538463,0.015384615384615385,3.3600000000000705,156,36,3
margin>=0.1,0.1,,,,20260825-end,243,0.8930041152263376,0.757201646090535,0.22633744855967078,0.01646090534979424,4.0099999999999625,184,55,4
margin>=0.1,0.1,,,,pooled,438,0.9009132420091325,0.776255707762557,0.20776255707762556,0.01598173515981735,7.370000000000033,340,91,7
margin>=0.1 dur[1.0s->0.0],0.1,,1.0,0.0,20260818-end,195,0.9128205128205128,0.8358974358974359,0.1282051282051282,0.035897435897435895,10.950000000000031,163,25,7
margin>=0.1 dur[1.0s->0.0],0.1,,1.0,0.0,20260825-end,243,0.9078189300411523,0.8065843621399177,0.16872427983539096,0.024691358024691357,6.469999999999999,196,41,6
margin>=0.1 dur[1.0s->0.0],0.1,,1.0,0.0,pooled,438,0.9100456621004567,0.819634703196347,0.1506849315068493,0.02968036529680365,17.42000000000003,359,66,13
margin>=0.1 dur[1.0s->0.02],0.1,,1.0,0.02,20260818-end,195,0.9128205128205128,0.8358974358974359,0.1282051282051282,0.035897435897435895,10.950000000000031,163,25,7
margin>=0.1 dur[1.0s->0.02],0.1,,1.0,0.02,20260825-end,243,0.8962962962962964,0.7777777777777778,0.19753086419753085,0.024691358024691357,6.469999999999999,189,48,6
margin>=0.1 dur[1.0s->0.02],0.1,,1.0,0.02,pooled,438,0.9036529680365297,0.8036529680365296,0.16666666666666666,0.02968036529680365,17.42000000000003,352,73,13
margin>=0.1 dur[1.0s->0.04],0.1,,1.0,0.04,20260818-end,195,0.916923076923077,0.8307692307692308,0.14358974358974358,0.02564102564102564,6.000000000000071,162,28,5
margin>=0.1 dur[1.0s->0.04],0.1,,1.0,0.04,20260825-end,243,0.9012345679012347,0.7777777777777778,0.205761316872428,0.01646090534979424,4.0099999999999625,189,50,4
margin>=0.1 dur[1.0s->0.04],0.1,,1.0,0.04,pooled,438,0.9082191780821918,0.8013698630136986,0.1780821917808219,0.02054794520547945,10.010000000000034,351,78,9
margin>=0.1 dur[1.0s->0.06],0.1,,1.0,0.06,20260818-end,195,0.9158974358974359,0.8205128205128205,0.15897435897435896,0.020512820512820513,4.460000000000079,160,31,4
margin>=0.1 dur[1.0s->0.06],0.1,,1.0,0.06,20260825-end,243,0.8962962962962964,0.7654320987654321,0.21810699588477367,0.01646090534979424,4.0099999999999625,186,53,4
margin>=0.1 dur[1.0s->0.06],0.1,,1.0,0.06,pooled,438,0.9050228310502284,0.7899543378995434,0.1917808219178082,0.0182648401826484,8.470000000000041,346,84,8
margin>=0.1 dur[1.5s->0.0],0.1,,1.5,0.0,20260818-end,195,0.9107692307692308,0.8153846153846154,0.15897435897435896,0.02564102564102564,8.680000000000035,159,31,5
margin>=0.1 dur[1.5s->0.0],0.1,,1.5,0.0,20260825-end,243,0.9028806584362141,0.7818930041152263,0.20164609053497942,0.01646090534979424,4.0099999999999625,190,49,4
margin>=0.1 dur[1.5s->0.0],0.1,,1.5,0.0,pooled,438,0.906392694063927,0.7968036529680366,0.182648401826484,0.02054794520547945,12.689999999999998,349,80,9
margin>=0.1 dur[1.5s->0.02],0.1,,1.5,0.02,20260818-end,195,0.9107692307692308,0.8153846153846154,0.15897435897435896,0.02564102564102564,8.680000000000035,159,31,5
margin>=0.1 dur[1.5s->0.02],0.1,,1.5,0.02,20260825-end,243,0.8962962962962964,0.7654320987654321,0.21810699588477367,0.01646090534979424,4.0099999999999625,186,53,4
margin>=0.1 dur[1.5s->0.02],0.1,,1.5,0.02,pooled,438,0.9027397260273973,0.7876712328767124,0.1917808219178082,0.02054794520547945,12.689999999999998,345,84,9
margin>=0.1 dur[1.5s->0.04],0.1,,1.5,0.04,20260818-end,195,0.9138461538461539,0.8153846153846154,0.1641025641025641,0.020512820512820513,4.9000000000000625,159,32,4
margin>=0.1 dur[1.5s->0.04],0.1,,1.5,0.04,20260825-end,243,0.8962962962962964,0.7654320987654321,0.21810699588477367,0.01646090534979424,4.0099999999999625,186,53,4
margin>=0.1 dur[1.5s->0.04],0.1,,1.5,0.04,pooled,438,0.904109589041096,0.7876712328767124,0.19406392694063926,0.0182648401826484,8.910000000000025,345,85,8
margin>=0.1 dur[1.5s->0.06],0.1,,1.5,0.06,20260818-end,195,0.9128205128205128,0.8051282051282052,0.1794871794871795,0.015384615384615385,3.3600000000000705,157,35,3
margin>=0.1 dur[1.5s->0.06],0.1,,1.5,0.06,20260825-end,243,0.894650205761317,0.7613168724279835,0.2222222222222222,0.01646090534979424,4.0099999999999625,185,54,4
margin>=0.1 dur[1.5s->0.06],0.1,,1.5,0.06,pooled,438,0.9027397260273973,0.7808219178082192,0.20319634703196346,0.01598173515981735,7.370000000000033,342,89,7
margin>=0.1 dur[2.0s->0.0],0.1,,2.0,0.0,20260818-end,195,0.9117948717948718,0.8102564102564103,0.16923076923076924,0.020512820512820513,7.140000000000043,158,33,4
margin>=0.1 dur[2.0s->0.0],0.1,,2.0,0.0,20260825-end,243,0.8979423868312758,0.7695473251028807,0.2139917695473251,0.01646090534979424,4.0099999999999625,187,52,4
margin>=0.1 dur[2.0s->0.0],0.1,,2.0,0.0,pooled,438,0.904109589041096,0.7876712328767124,0.19406392694063926,0.0182648401826484,11.150000000000006,345,85,8
margin>=0.1 dur[2.0s->0.02],0.1,,2.0,0.02,20260818-end,195,0.9117948717948718,0.8102564102564103,0.16923076923076924,0.020512820512820513,7.140000000000043,158,33,4
margin>=0.1 dur[2.0s->0.02],0.1,,2.0,0.02,20260825-end,243,0.8930041152263376,0.757201646090535,0.22633744855967078,0.01646090534979424,4.0099999999999625,184,55,4
margin>=0.1 dur[2.0s->0.02],0.1,,2.0,0.02,pooled,438,0.9013698630136987,0.7808219178082192,0.2009132420091324,0.0182648401826484,11.150000000000006,342,88,8
margin>=0.1 dur[2.0s->0.04],0.1,,2.0,0.04,20260818-end,195,0.9148717948717948,0.8102564102564103,0.17435897435897435,0.015384615384615385,3.3600000000000705,158,34,3
margin>=0.1 dur[2.0s->0.04],0.1,,2.0,0.04,20260825-end,243,0.8930041152263376,0.757201646090535,0.22633744855967078,0.01646090534979424,4.0099999999999625,184,55,4
margin>=0.1 dur[2.0s->0.04],0.1,,2.0,0.04,pooled,438,0.9027397260273973,0.7808219178082192,0.20319634703196346,0.01598173515981735,7.370000000000033,342,89,7
margin>=0.1 dur[2.0s->0.06],0.1,,2.0,0.06,20260818-end,195,0.9128205128205128,0.8051282051282052,0.1794871794871795,0.015384615384615385,3.3600000000000705,157,35,3
margin>=0.1 dur[2.0s->0.06],0.1,,2.0,0.06,20260825-end,243,0.8930041152263376,0.757201646090535,0.22633744855967078,0.01646090534979424,4.0099999999999625,184,55,4
margin>=0.1 dur[2.0s->0.06],0.1,,2.0,0.06,pooled,438,0.9018264840182649,0.7785388127853882,0.2054794520547945,0.01598173515981735,7.370000000000033,341,90,7
margin>=0.1 dur[2.5s->0.0],0.1,,2.5,0.0,20260818-end,195,0.9117948717948718,0.8102564102564103,0.16923076923076924,0.020512820512820513,7.140000000000043,158,33,4
margin>=0.1 dur[2.5s->0.0],0.1,,2.5,0.0,20260825-end,243,0.8979423868312758,0.7695473251028807,0.2139917695473251,0.01646090534979424,4.0099999999999625,187,52,4
margin>=0.1 dur[2.5s->0.0],0.1,,2.5,0.0,pooled,438,0.904109589041096,0.7876712328767124,0.19406392694063926,0.0182648401826484,11.150000000000006,345,85,8
margin>=0.1 dur[2.5s->0.02],0.1,,2.5,0.02,20260818-end,195,0.9117948717948718,0.8102564102564103,0.16923076923076924,0.020512820512820513,7.140000000000043,158,33,4
margin>=0.1 dur[2.5s->0.02],0.1,,2.5,0.02,20260825-end,243,0.8930041152263376,0.757201646090535,0.22633744855967078,0.01646090534979424,4.0099999999999625,184,55,4
margin>=0.1 dur[2.5s->0.02],0.1,,2.5,0.02,pooled,438,0.9013698630136987,0.7808219178082192,0.2009132420091324,0.0182648401826484,11.150000000000006,342,88,8
margin>=0.1 dur[2.5s->0.04],0.1,,2.5,0.04,20260818-end,195,0.9148717948717948,0.8102564102564103,0.17435897435897435,0.015384615384615385,3.3600000000000705,158,34,3
margin>=0.1 dur[2.5s->0.04],0.1,,2.5,0.04,20260825-end,243,0.8930041152263376,0.757201646090535,0.22633744855967078,0.01646090534979424,4.0099999999999625,184,55,4
margin>=0.1 dur[2.5s->0.04],0.1,,2.5,0.04,pooled,438,0.9027397260273973,0.7808219178082192,0.20319634703196346,0.01598173515981735,7.370000000000033,342,89,7
margin>=0.1 dur[2.5s->0.06],0.1,,2.5,0.06,20260818-end,195,0.9128205128205128,0.8051282051282052,0.1794871794871795,0.015384615384615385,3.3600000000000705,157,35,3
margin>=0.1 dur[2.5s->0.06],0.1,,2.5,0.06,20260825-end,243,0.8930041152263376,0.757201646090535,0.22633744855967078,0.01646090534979424,4.0099999999999625,184,55,4
margin>=0.1 dur[2.5s->0.06],0.1,,2.5,0.06,pooled,438,0.9018264840182649,0.7785388127853882,0.2054794520547945,0.01598173515981735,7.370000000000033,341,90,7
margin>=0.1 dur[3.0s->0.0],0.1,,3.0,0.0,20260818-end,195,0.9097435897435897,0.8051282051282052,0.17435897435897435,0.020512820512820513,7.140000000000043,157,34,4
margin>=0.1 dur[3.0s->0.0],0.1,,3.0,0.0,20260825-end,243,0.8962962962962964,0.7654320987654321,0.21810699588477367,0.01646090534979424,4.0099999999999625,186,53,4
margin>=0.1 dur[3.0s->0.0],0.1,,3.0,0.0,pooled,438,0.9022831050228312,0.7831050228310502,0.19863013698630136,0.0182648401826484,11.150000000000006,343,87,8
margin>=0.1 dur[3.0s->0.02],0.1,,3.0,0.02,20260818-end,195,0.9097435897435897,0.8051282051282052,0.17435897435897435,0.020512820512820513,7.140000000000043,157,34,4
margin>=0.1 dur[3.0s->0.02],0.1,,3.0,0.02,20260825-end,243,0.8930041152263376,0.757201646090535,0.22633744855967078,0.01646090534979424,4.0099999999999625,184,55,4
margin>=0.1 dur[3.0s->0.02],0.1,,3.0,0.02,pooled,438,0.9004566210045662,0.7785388127853882,0.20319634703196346,0.0182648401826484,11.150000000000006,341,89,8
margin>=0.1 dur[3.0s->0.04],0.1,,3.0,0.04,20260818-end,195,0.9128205128205128,0.8051282051282052,0.1794871794871795,0.015384615384615385,3.3600000000000705,157,35,3
margin>=0.1 dur[3.0s->0.04],0.1,,3.0,0.04,20260825-end,243,0.8930041152263376,0.757201646090535,0.22633744855967078,0.01646090534979424,4.0099999999999625,184,55,4
margin>=0.1 dur[3.0s->0.04],0.1,,3.0,0.04,pooled,438,0.9018264840182649,0.7785388127853882,0.2054794520547945,0.01598173515981735,7.370000000000033,341,90,7
margin>=0.1 dur[3.0s->0.06],0.1,,3.0,0.06,20260818-end,195,0.9107692307692308,0.8,0.18461538461538463,0.015384615384615385,3.3600000000000705,156,36,3
margin>=0.1 dur[3.0s->0.06],0.1,,3.0,0.06,20260825-end,243,0.8930041152263376,0.757201646090535,0.22633744855967078,0.01646090534979424,4.0099999999999625,184,55,4
margin>=0.1 dur[3.0s->0.06],0.1,,3.0,0.06,pooled,438,0.9009132420091325,0.776255707762557,0.20776255707762556,0.01598173515981735,7.370000000000033,340,91,7
margin>=0.1 OR best>=0.3,0.1,0.3,,,20260818-end,195,0.9097435897435897,0.8358974358974359,0.12307692307692308,0.041025641025641026,10.53000000000003,163,24,8
margin>=0.1 OR best>=0.3,0.1,0.3,,,20260825-end,243,0.9078189300411523,0.8065843621399177,0.16872427983539096,0.024691358024691357,6.360000000000042,196,41,6
margin>=0.1 OR best>=0.3,0.1,0.3,,,pooled,438,0.908675799086758,0.819634703196347,0.14840182648401826,0.0319634703196347,16.89000000000007,359,65,14
margin>=0.1 OR best>=0.3 dur[1.0s->0.0],0.1,0.3,1.0,0.0,20260818-end,195,0.9087179487179486,0.841025641025641,0.11282051282051282,0.046153846153846156,12.070000000000022,164,22,9
margin>=0.1 OR best>=0.3 dur[1.0s->0.0],0.1,0.3,1.0,0.0,20260825-end,243,0.908641975308642,0.8148148148148148,0.15637860082304528,0.02880658436213992,7.4199999999999875,198,38,7
margin>=0.1 OR best>=0.3 dur[1.0s->0.0],0.1,0.3,1.0,0.0,pooled,438,0.908675799086758,0.8264840182648402,0.136986301369863,0.0365296803652968,19.49000000000001,362,60,16
margin>=0.1 OR best>=0.3 dur[1.0s->0.02],0.1,0.3,1.0,0.02,20260818-end,195,0.9087179487179486,0.841025641025641,0.11282051282051282,0.046153846153846156,12.070000000000022,164,22,9
margin>=0.1 OR best>=0.3 dur[1.0s->0.02],0.1,0.3,1.0,0.02,20260825-end,243,0.9053497942386832,0.8065843621399177,0.1646090534979424,0.02880658436213992,7.4199999999999875,196,40,7
margin>=0.1 OR best>=0.3 dur[1.0s->0.02],0.1,0.3,1.0,0.02,pooled,438,0.9068493150684932,0.821917808219178,0.1415525114155251,0.0365296803652968,19.49000000000001,360,62,16
margin>=0.1 OR best>=0.3 dur[1.0s->0.04],0.1,0.3,1.0,0.04,20260818-end,195,0.9066666666666666,0.8358974358974359,0.11794871794871795,0.046153846153846156,12.070000000000022,163,23,9
margin>=0.1 OR best>=0.3 dur[1.0s->0.04],0.1,0.3,1.0,0.04,20260825-end,243,0.9078189300411523,0.8065843621399177,0.16872427983539096,0.024691358024691357,6.360000000000042,196,41,6
margin>=0.1 OR best>=0.3 dur[1.0s->0.04],0.1,0.3,1.0,0.04,pooled,438,0.9073059360730594,0.819634703196347,0.1461187214611872,0.03424657534246575,18.430000000000064,359,64,15
margin>=0.1 OR best>=0.3 dur[1.0s->0.06],0.1,0.3,1.0,0.06,20260818-end,195,0.9097435897435897,0.8358974358974359,0.12307692307692308,0.041025641025641026,10.53000000000003,163,24,8
margin>=0.1 OR best>=0.3 dur[1.0s->0.06],0.1,0.3,1.0,0.06,20260825-end,243,0.9078189300411523,0.8065843621399177,0.16872427983539096,0.024691358024691357,6.360000000000042,196,41,6
margin>=0.1 OR best>=0.3 dur[1.0s->0.06],0.1,0.3,1.0,0.06,pooled,438,0.908675799086758,0.819634703196347,0.14840182648401826,0.0319634703196347,16.89000000000007,359,65,14
margin>=0.1 OR best>=0.3 dur[1.5s->0.0],0.1,0.3,1.5,0.0,20260818-end,195,0.9066666666666666,0.8358974358974359,0.11794871794871795,0.046153846153846156,12.070000000000022,163,23,9
margin>=0.1 OR best>=0.3 dur[1.5s->0.0],0.1,0.3,1.5,0.0,20260825-end,243,0.9094650205761318,0.8106995884773662,0.1646090534979424,0.024691358024691357,6.360000000000042,197,40,6
margin>=0.1 OR best>=0.3 dur[1.5s->0.0],0.1,0.3,1.5,0.0,pooled,438,0.9082191780821918,0.821917808219178,0.14383561643835616,0.03424657534246575,18.430000000000064,360,63,15
margin>=0.1 OR best>=0.3 dur[1.5s->0.02],0.1,0.3,1.5,0.02,20260818-end,195,0.9066666666666666,0.8358974358974359,0.11794871794871795,0.046153846153846156,12.070000000000022,163,23,9
margin>=0.1 OR best>=0.3 dur[1.5s->0.02],0.1,0.3,1.5,0.02,20260825-end,243,0.9078189300411523,0.8065843621399177,0.16872427983539096,0.024691358024691357,6.360000000000042,196,41,6
margin>=0.1 OR best>=0.3 dur[1.5s->0.02],0.1,0.3,1.5,0.02,pooled,438,0.9073059360730594,0.819634703196347,0.1461187214611872,0.03424657534246575,18.430000000000064,359,64,15
margin>=0.1 OR best>=0.3 dur[1.5s->0.04],0.1,0.3,1.5,0.04,20260818-end,195,0.9066666666666666,0.8358974358974359,0.11794871794871795,0.046153846153846156,12.070000000000022,163,23,9
margin>=0.1 OR best>=0.3 dur[1.5s->0.04],0.1,0.3,1.5,0.04,20260825-end,243,0.9078189300411523,0.8065843621399177,0.16872427983539096,0.024691358024691357,6.360000000000042,196,41,6
margin>=0.1 OR best>=0.3 dur[1.5s->0.04],0.1,0.3,1.5,0.04,pooled,438,0.9073059360730594,0.819634703196347,0.1461187214611872,0.03424657534246575,18.430000000000064,359,64,15
margin>=0.1 OR best>=0.3 dur[1.5s->0.06],0.1,0.3,1.5,0.06,20260818-end,195,0.9097435897435897,0.8358974358974359,0.12307692307692308,0.041025641025641026,10.53000000000003,163,24,8
margin>=0.1 OR best>=0.3 dur[1.5s->0.06],0.1,0.3,1.5,0.06,20260825-end,243,0.9078189300411523,0.8065843621399177,0.16872427983539096,0.024691358024691357,6.360000000000042,196,41,6
margin>=0.1 OR best>=0.3 dur[1.5s->0.06],0.1,0.3,1.5,0.06,pooled,438,0.908675799086758,0.819634703196347,0.14840182648401826,0.0319634703196347,16.89000000000007,359,65,14
margin>=0.1 OR best>=0.3 dur[2.0s->0.0],0.1,0.3,2.0,0.0,20260818-end,195,0.9097435897435897,0.8358974358974359,0.12307692307692308,0.041025641025641026,10.53000000000003,163,24,8
margin>=0.1 OR best>=0.3 dur[2.0s->0.0],0.1,0.3,2.0,0.0,20260825-end,243,0.9094650205761318,0.8106995884773662,0.1646090534979424,0.024691358024691357,6.360000000000042,197,40,6
margin>=0.1 OR best>=0.3 dur[2.0s->0.0],0.1,0.3,2.0,0.0,pooled,438,0.9095890410958904,0.821917808219178,0.1461187214611872,0.0319634703196347,16.89000000000007,360,64,14
margin>=0.1 OR best>=0.3 dur[2.0s->0.02],0.1,0.3,2.0,0.02,20260818-end,195,0.9097435897435897,0.8358974358974359,0.12307692307692308,0.041025641025641026,10.53000000000003,163,24,8
margin>=0.1 OR best>=0.3 dur[2.0s->0.02],0.1,0.3,2.0,0.02,20260825-end,243,0.9078189300411523,0.8065843621399177,0.16872427983539096,0.024691358024691357,6.360000000000042,196,41,6
margin>=0.1 OR best>=0.3 dur[2.0s->0.02],0.1,0.3,2.0,0.02,pooled,438,0.908675799086758,0.819634703196347,0.14840182648401826,0.0319634703196347,16.89000000000007,359,65,14
margin>=0.1 OR best>=0.3 dur[2.0s->0.04],0.1,0.3,2.0,0.04,20260818-end,195,0.9097435897435897,0.8358974358974359,0.12307692307692308,0.041025641025641026,10.53000000000003,163,24,8
margin>=0.1 OR best>=0.3 dur[2.0s->0.04],0.1,0.3,2.0,0.04,20260825-end,243,0.9078189300411523,0.8065843621399177,0.16872427983539096,0.024691358024691357,6.360000000000042,196,41,6
margin>=0.1 OR best>=0.3 dur[2.0s->0.04],0.1,0.3,2.0,0.04,pooled,438,0.908675799086758,0.819634703196347,0.14840182648401826,0.0319634703196347,16.89000000000007,359,65,14
margin>=0.1 OR best>=0.3 dur[2.0s->0.06],0.1,0.3,2.0,0.06,20260818-end,195,0.9097435897435897,0.8358974358974359,0.12307692307692308,0.041025641025641026,10.53000000000003,163,24,8
margin>=0.1 OR best>=0.3 dur[2.0s->0.06],0.1,0.3,2.0,0.06,20260825-end,243,0.9078189300411523,0.8065843621399177,0.16872427983539096,0.024691358024691357,6.360000000000042,196,41,6
margin>=0.1 OR best>=0.3 dur[2.0s->0.06],0.1,0.3,2.0,0.06,pooled,438,0.908675799086758,0.819634703196347,0.14840182648401826,0.0319634703196347,16.89000000000007,359,65,14
margin>=0.1 OR best>=0.3 dur[2.5s->0.0],0.1,0.3,2.5,0.0,20260818-end,195,0.9097435897435897,0.8358974358974359,0.12307692307692308,0.041025641025641026,10.53000000000003,163,24,8
margin>=0.1 OR best>=0.3 dur[2.5s->0.0],0.1,0.3,2.5,0.0,20260825-end,243,0.9094650205761318,0.8106995884773662,0.1646090534979424,0.024691358024691357,6.360000000000042,197,40,6
margin>=0.1 OR best>=0.3 dur[2.5s->0.0],0.1,0.3,2.5,0.0,pooled,438,0.9095890410958904,0.821917808219178,0.1461187214611872,0.0319634703196347,16.89000000000007,360,64,14
margin>=0.1 OR best>=0.3 dur[2.5s->0.02],0.1,0.3,2.5,0.02,20260818-end,195,0.9097435897435897,0.8358974358974359,0.12307692307692308,0.041025641025641026,10.53000000000003,163,24,8
margin>=0.1 OR best>=0.3 dur[2.5s->0.02],0.1,0.3,2.5,0.02,20260825-end,243,0.9078189300411523,0.8065843621399177,0.16872427983539096,0.024691358024691357,6.360000000000042,196,41,6
margin>=0.1 OR best>=0.3 dur[2.5s->0.02],0.1,0.3,2.5,0.02,pooled,438,0.908675799086758,0.819634703196347,0.14840182648401826,0.0319634703196347,16.89000000000007,359,65,14
margin>=0.1 OR best>=0.3 dur[2.5s->0.04],0.1,0.3,2.5,0.04,20260818-end,195,0.9097435897435897,0.8358974358974359,0.12307692307692308,0.041025641025641026,10.53000000000003,163,24,8
margin>=0.1 OR best>=0.3 dur[2.5s->0.04],0.1,0.3,2.5,0.04,20260825-end,243,0.9078189300411523,0.8065843621399177,0.16872427983539096,0.024691358024691357,6.360000000000042,196,41,6
margin>=0.1 OR best>=0.3 dur[2.5s->0.04],0.1,0.3,2.5,0.04,pooled,438,0.908675799086758,0.819634703196347,0.14840182648401826,0.0319634703196347,16.89000000000007,359,65,14
margin>=0.1 OR best>=0.3 dur[2.5s->0.06],0.1,0.3,2.5,0.06,20260818-end,195,0.9097435897435897,0.8358974358974359,0.12307692307692308,0.041025641025641026,10.53000000000003,163,24,8
margin>=0.1 OR best>=0.3 dur[2.5s->0.06],0.1,0.3,2.5,0.06,20260825-end,243,0.9078189300411523,0.8065843621399177,0.16872427983539096,0.024691358024691357,6.360000000000042,196,41,6
margin>=0.1 OR best>=0.3 dur[2.5s->0.06],0.1,0.3,2.5,0.06,pooled,438,0.908675799086758,0.819634703196347,0.14840182648401826,0.0319634703196347,16.89000000000007,359,65,14
margin>=0.1 OR best>=0.3 dur[3.0s->0.0],0.1,0.3,3.0,0.0,20260818-end,195,0.9097435897435897,0.8358974358974359,0.12307692307692308,0.041025641025641026,10.53000000000003,163,24,8
margin>=0.1 OR best>=0.3 dur[3.0s->0.0],0.1,0.3,3.0,0.0,20260825-end,243,0.9094650205761318,0.8106995884773662,0.1646090534979424,0.024691358024691357,6.360000000000042,197,40,6
margin>=0.1 OR best>=0.3 dur[3.0s->0.0],0.1,0.3,3.0,0.0,pooled,438,0.9095890410958904,0.821917808219178,0.1461187214611872,0.0319634703196347,16.89000000000007,360,64,14
margin>=0.1 OR best>=0.3 dur[3.0s->0.02],0.1,0.3,3.0,0.02,20260818-end,195,0.9097435897435897,0.8358974358974359,0.12307692307692308,0.041025641025641026,10.53000000000003,163,24,8
margin>=0.1 OR best>=0.3 dur[3.0s->0.02],0.1,0.3,3.0,0.02,20260825-end,243,0.9078189300411523,0.8065843621399177,0.16872427983539096,0.024691358024691357,6.360000000000042,196,41,6
margin>=0.1 OR best>=0.3 dur[3.0s->0.02],0.1,0.3,3.0,0.02,pooled,438,0.908675799086758,0.819634703196347,0.14840182648401826,0.0319634703196347,16.89000000000007,359,65,14
margin>=0.1 OR best>=0.3 dur[3.0s->0.04],0.1,0.3,3.0,0.04,20260818-end,195,0.9097435897435897,0.8358974358974359,0.12307692307692308,0.041025641025641026,10.53000000000003,163,24,8
margin>=0.1 OR best>=0.3 dur[3.0s->0.04],0.1,0.3,3.0,0.04,20260825-end,243,0.9078189300411523,0.8065843621399177,0.16872427983539096,0.024691358024691357,6.360000000000042,196,41,6
margin>=0.1 OR best>=0.3 dur[3.0s->0.04],0.1,0.3,3.0,0.04,pooled,438,0.908675799086758,0.819634703196347,0.14840182648401826,0.0319634703196347,16.89000000000007,359,65,14
margin>=0.1 OR best>=0.3 dur[3.0s->0.06],0.1,0.3,3.0,0.06,20260818-end,195,0.9097435897435897,0.8358974358974359,0.12307692307692308,0.041025641025641026,10.53000000000003,163,24,8
margin>=0.1 OR best>=0.3 dur[3.0s->0.06],0.1,0.3,3.0,0.06,20260825-end,243,0.9078189300411523,0.8065843621399177,0.16872427983539096,0.024691358024691357,6.360000000000042,196,41,6
margin>=0.1 OR best>=0.3 dur[3.0s->0.06],0.1,0.3,3.0,0.06,pooled,438,0.908675799086758,0.819634703196347,0.14840182648401826,0.0319634703196347,16.89000000000007,359,65,14
margin>=0.1 OR best>=0.325,0.1,0.325,,,20260818-end,195,0.9076923076923077,0.8307692307692308,0.1282051282051282,0.041025641025641026,10.53000000000003,162,25,8
margin>=0.1 OR best>=0.325,0.1,0.325,,,20260825-end,243,0.9069958847736627,0.7983539094650206,0.18106995884773663,0.0205761316872428,4.959999999999951,194,44,5
margin>=0.1 OR best>=0.325,0.1,0.325,,,pooled,438,0.9073059360730594,0.8127853881278538,0.15753424657534246,0.02968036529680365,15.48999999999998,356,69,13
margin>=0.1 OR best>=0.325 dur[1.0s->0.0],0.1,0.325,1.0,0.0,20260818-end,195,0.9066666666666666,0.8358974358974359,0.11794871794871795,0.046153846153846156,12.070000000000022,163,23,9
margin>=0.1 OR best>=0.325 dur[1.0s->0.0],0.1,0.325,1.0,0.0,20260825-end,243,0.9069958847736626,0.8106995884773662,0.16049382716049382,0.02880658436213992,7.4199999999999875,197,39,7
margin>=0.1 OR best>=0.325 dur[1.0s->0.0],0.1,0.325,1.0,0.0,pooled,438,0.9068493150684932,0.821917808219178,0.1415525114155251,0.0365296803652968,19.49000000000001,360,62,16
margin>=0.1 OR best>=0.325 dur[1.0s->0.02],0.1,0.325,1.0,0.02,20260818-end,195,0.9066666666666666,0.8358974358974359,0.11794871794871795,0.046153846153846156,12.070000000000022,163,23,9
margin>=0.1 OR best>=0.325 dur[1.0s->0.02],0.1,0.325,1.0,0.02,20260825-end,243,0.9020576131687243,0.7983539094650206,0.1728395061728395,0.02880658436213992,7.4199999999999875,194,42,7
margin>=0.1 OR best>=0.325 dur[1.0s->0.02],0.1,0.325,1.0,0.02,pooled,438,0.904109589041096,0.815068493150685,0.14840182648401826,0.0365296803652968,19.49000000000001,357,65,16
margin>=0.1 OR best>=0.325 dur[1.0s->0.04],0.1,0.325,1.0,0.04,20260818-end,195,0.9046153846153846,0.8307692307692308,0.12307692307692308,0.046153846153846156,12.070000000000022,162,24,9
margin>=0.1 OR best>=0.325 dur[1.0s->0.04],0.1,0.325,1.0,0.04,20260825-end,243,0.9069958847736627,0.7983539094650206,0.18106995884773663,0.0205761316872428,4.959999999999951,194,44,5
margin>=0.1 OR best>=0.325 dur[1.0s->0.04],0.1,0.325,1.0,0.04,pooled,438,0.9059360730593607,0.8127853881278538,0.1552511415525114,0.0319634703196347,17.029999999999973,356,68,14
margin>=0.1 OR best>=0.325 dur[1.0s->0.06],0.1,0.325,1.0,0.06,20260818-end,195,0.9076923076923077,0.8307692307692308,0.1282051282051282,0.041025641025641026,10.53000000000003,162,25,8
margin>=0.1 OR best>=0.325 dur[1.0s->0.06],0.1,0.325,1.0,0.06,20260825-end,243,0.9069958847736627,0.7983539094650206,0.18106995884773663,0.0205761316872428,4.959999999999951,194,44,5
margin>=0.1 OR best>=0.325 dur[1.0s->0.06],0.1,0.325,1.0,0.06,pooled,438,0.9073059360730594,0.8127853881278538,0.15753424657534246,0.02968036529680365,15.48999999999998,356,69,13
margin>=0.1 OR best>=0.325 dur[1.5s->0.0],0.1,0.325,1.5,0.0,20260818-end,195,0.9046153846153846,0.8307692307692308,0.12307692307692308,0.046153846153846156,12.070000000000022,162,24,9
margin>=0.1 OR best>=0.325 dur[1.5s->0.0],0.1,0.325,1.5,0.0,20260825-end,243,0.9086419753086421,0.8024691358024691,0.17695473251028807,0.0205761316872428,4.959999999999951,195,43,5
margin>=0.1 OR best>=0.325 dur[1.5s->0.0],0.1,0.325,1.5,0.0,pooled,438,0.9068493150684932,0.815068493150685,0.15296803652968036,0.0319634703196347,17.029999999999973,357,67,14
margin>=0.1 OR best>=0.325 dur[1.5s->0.02],0.1,0.325,1.5,0.02,20260818-end,195,0.9046153846153846,0.8307692307692308,0.12307692307692308,0.046153846153846156,12.070000000000022,162,24,9
margin>=0.1 OR best>=0.325 dur[1.5s->0.02],0.1,0.325,1.5,0.02,20260825-end,243,0.9069958847736627,0.7983539094650206,0.18106995884773663,0.0205761316872428,4.959999999999951,194,44,5
margin>=0.1 OR best>=0.325 dur[1.5s->0.02],0.1,0.325,1.5,0.02,pooled,438,0.9059360730593607,0.8127853881278538,0.1552511415525114,0.0319634703196347,17.029999999999973,356,68,14
margin>=0.1 OR best>=0.325 dur[1.5s->0.04],0.1,0.325,1.5,0.04,20260818-end,195,0.9046153846153846,0.8307692307692308,0.12307692307692308,0.046153846153846156,12.070000000000022,162,24,9
margin>=0.1 OR best>=0.325 dur[1.5s->0.04],0.1,0.325,1.5,0.04,20260825-end,243,0.9069958847736627,0.7983539094650206,0.18106995884773663,0.0205761316872428,4.959999999999951,194,44,5
margin>=0.1 OR best>=0.325 dur[1.5s->0.04],0.1,0.325,1.5,0.04,pooled,438,0.9059360730593607,0.8127853881278538,0.1552511415525114,0.0319634703196347,17.029999999999973,356,68,14
margin>=0.1 OR best>=0.325 dur[1.5s->0.06],0.1,0.325,1.5,0.06,20260818-end,195,0.9076923076923077,0.8307692307692308,0.1282051282051282,0.041025641025641026,10.53000000000003,162,25,8
margin>=0.1 OR best>=0.325 dur[1.5s->0.06],0.1,0.325,1.5,0.06,20260825-end,243,0.9069958847736627,0.7983539094650206,0.18106995884773663,0.0205761316872428,4.959999999999951,194,44,5
margin>=0.1 OR best>=0.325 dur[1.5s->0.06],0.1,0.325,1.5,0.06,pooled,438,0.9073059360730594,0.8127853881278538,0.15753424657534246,0.02968036529680365,15.48999999999998,356,69,13
margin>=0.1 OR best>=0.325 dur[2.0s->0.0],0.1,0.325,2.0,0.0,20260818-end,195,0.9076923076923077,0.8307692307692308,0.1282051282051282,0.041025641025641026,10.53000000000003,162,25,8
margin>=0.1 OR best>=0.325 dur[2.0s->0.0],0.1,0.325,2.0,0.0,20260825-end,243,0.9086419753086421,0.8024691358024691,0.17695473251028807,0.0205761316872428,4.959999999999951,195,43,5
margin>=0.1 OR best>=0.325 dur[2.0s->0.0],0.1,0.325,2.0,0.0,pooled,438,0.9082191780821918,0.815068493150685,0.1552511415525114,0.02968036529680365,15.48999999999998,357,68,13
margin>=0.1 OR best>=0.325 dur[2.0s->0.02],0.1,0.325,2.0,0.02,20260818-end,195,0.9076923076923077,0.8307692307692308,0.1282051282051282,0.041025641025641026,10.53000000000003,162,25,8
margin>=0.1 OR best>=0.325 dur[2.0s->0.02],0.1,0.325,2.0,0.02,20260825-end,243,0.9069958847736627,0.7983539094650206,0.18106995884773663,0.0205761316872428,4.959999999999951,194,44,5
margin>=0.1 OR best>=0.325 dur[2.0s->0.02],0.1,0.325,2.0,0.02,pooled,438,0.9073059360730594,0.8127853881278538,0.15753424657534246,0.02968036529680365,15.48999999999998,356,69,13
margin>=0.1 OR best>=0.325 dur[2.0s->0.04],0.1,0.325,2.0,0.04,20260818-end,195,0.9076923076923077,0.8307692307692308,0.1282051282051282,0.041025641025641026,10.53000000000003,162,25,8
margin>=0.1 OR best>=0.325 dur[2.0s->0.04],0.1,0.325,2.0,0.04,20260825-end,243,0.9069958847736627,0.7983539094650206,0.18106995884773663,0.0205761316872428,4.959999999999951,194,44,5
margin>=0.1 OR best>=0.325 dur[2.0s->0.04],0.1,0.325,2.0,0.04,pooled,438,0.9073059360730594,0.8127853881278538,0.15753424657534246,0.02968036529680365,15.48999999999998,356,69,13
margin>=0.1 OR best>=0.325 dur[2.0s->0.06],0.1,0.325,2.0,0.06,20260818-end,195,0.9076923076923077,0.8307692307692308,0.1282051282051282,0.041025641025641026,10.53000000000003,162,25,8
margin>=0.1 OR best>=0.325 dur[2.0s->0.06],0.1,0.325,2.0,0.06,20260825-end,243,0.9069958847736627,0.7983539094650206,0.18106995884773663,0.0205761316872428,4.959999999999951,194,44,5
margin>=0.1 OR best>=0.325 dur[2.0s->0.06],0.1,0.325,2.0,0.06,pooled,438,0.9073059360730594,0.8127853881278538,0.15753424657534246,0.02968036529680365,15.48999999999998,356,69,13
margin>=0.1 OR best>=0.325 dur[2.5s->0.0],0.1,0.325,2.5,0.0,20260818-end,195,0.9076923076923077,0.8307692307692308,0.1282051282051282,0.041025641025641026,10.53000000000003,162,25,8
margin>=0.1 OR best>=0.325 dur[2.5s->0.0],0.1,0.325,2.5,0.0,20260825-end,243,0.9086419753086421,0.8024691358024691,0.17695473251028807,0.0205761316872428,4.959999999999951,195,43,5
margin>=0.1 OR best>=0.325 dur[2.5s->0.0],0.1,0.325,2.5,0.0,pooled,438,0.9082191780821918,0.815068493150685,0.1552511415525114,0.02968036529680365,15.48999999999998,357,68,13
margin>=0.1 OR best>=0.325 dur[2.5s->0.02],0.1,0.325,2.5,0.02,20260818-end,195,0.9076923076923077,0.8307692307692308,0.1282051282051282,0.041025641025641026,10.53000000000003,162,25,8
margin>=0.1 OR best>=0.325 dur[2.5s->0.02],0.1,0.325,2.5,0.02,20260825-end,243,0.9069958847736627,0.7983539094650206,0.18106995884773663,0.0205761316872428,4.959999999999951,194,44,5
margin>=0.1 OR best>=0.325 dur[2.5s->0.02],0.1,0.325,2.5,0.02,pooled,438,0.9073059360730594,0.8127853881278538,0.15753424657534246,0.02968036529680365,15.48999999999998,356,69,13
margin>=0.1 OR best>=0.325 dur[2.5s->0.04],0.1,0.325,2.5,0.04,20260818-end,195,0.9076923076923077,0.8307692307692308,0.1282051282051282,0.041025641025641026,10.53000000000003,162,25,8
margin>=0.1 OR best>=0.325 dur[2.5s->0.04],0.1,0.325,2.5,0.04,20260825-end,243,0.9069958847736627,0.7983539094650206,0.18106995884773663,0.0205761316872428,4.959999999999951,194,44,5
margin>=0.1 OR best>=0.325 dur[2.5s->0.04],0.1,0.325,2.5,0.04,pooled,438,0.9073059360730594,0.8127853881278538,0.15753424657534246,0.02968036529680365,15.48999999999998,356,69,13
margin>=0.1 OR best>=0.325 dur[2.5s->0.06],0.1,0.325,2.5,0.06,20260818-end,195,0.9076923076923077,0.8307692307692308,0.1282051282051282,0.041025641025641026,10.53000000000003,162,25,8
margin>=0.1 OR best>=0.325 dur[2.5s->0.06],0.1,0.325,2.5,0.06,20260825-end,243,0.9069958847736627,0.7983539094650206,0.18106995884773663,0.0205761316872428,4.959999999999951,194,44,5
margin>=0.1 OR best>=0.325 dur[2.5s->0.06],0.1,0.325,2.5,0.06,pooled,438,0.9073059360730594,0.8127853881278538,0.15753424657534246,0.02968036529680365,15.48999999999998,356,69,13
margin>=0.1 OR best>=0.325 dur[3.0s->0.0],0.1,0.325,3.0,0.0,20260818-end,195,0.9076923076923077,0.8307692307692308,0.1282051282051282,0.041025641025641026,10.53000000000003,162,25,8
margin>=0.1 OR best>=0.325 dur[3.0s->0.0],0.1,0.325,3.0,0.0,20260825-end,243,0.9086419753086421,0.8024691358024691,0.17695473251028807,0.0205761316872428,4.959999999999951,195,43,5
margin>=0.1 OR best>=0.325 dur[3.0s->0.0],0.1,0.325,3.0,0.0,pooled,438,0.9082191780821918,0.815068493150685,0.1552511415525114,0.02968036529680365,15.48999999999998,357,68,13
margin>=0.1 OR best>=0.325 dur[3.0s->0.02],0.1,0.325,3.0,0.02,20260818-end,195,0.9076923076923077,0.8307692307692308,0.1282051282051282,0.041025641025641026,10.53000000000003,162,25,8
margin>=0.1 OR best>=0.325 dur[3.0s->0.02],0.1,0.325,3.0,0.02,20260825-end,243,0.9069958847736627,0.7983539094650206,0.18106995884773663,0.0205761316872428,4.959999999999951,194,44,5
margin>=0.1 OR best>=0.325 dur[3.0s->0.02],0.1,0.325,3.0,0.02,pooled,438,0.9073059360730594,0.8127853881278538,0.15753424657534246,0.02968036529680365,15.48999999999998,356,69,13
margin>=0.1 OR best>=0.325 dur[3.0s->0.04],0.1,0.325,3.0,0.04,20260818-end,195,0.9076923076923077,0.8307692307692308,0.1282051282051282,0.041025641025641026,10.53000000000003,162,25,8
margin>=0.1 OR best>=0.325 dur[3.0s->0.04],0.1,0.325,3.0,0.04,20260825-end,243,0.9069958847736627,0.7983539094650206,0.18106995884773663,0.0205761316872428,4.959999999999951,194,44,5
margin>=0.1 OR best>=0.325 dur[3.0s->0.04],0.1,0.325,3.0,0.04,pooled,438,0.9073059360730594,0.8127853881278538,0.15753424657534246,0.02968036529680365,15.48999999999998,356,69,13
margin>=0.1 OR best>=0.325 dur[3.0s->0.06],0.1,0.325,3.0,0.06,20260818-end,195,0.9076923076923077,0.8307692307692308,0.1282051282051282,0.041025641025641026,10.53000000000003,162,25,8
margin>=0.1 OR best>=0.325 dur[3.0s->0.06],0.1,0.325,3.0,0.06,20260825-end,243,0.9069958847736627,0.7983539094650206,0.18106995884773663,0.0205761316872428,4.959999999999951,194,44,5
margin>=0.1 OR best>=0.325 dur[3.0s->0.06],0.1,0.325,3.0,0.06,pooled,438,0.9073059360730594,0.8127853881278538,0.15753424657534246,0.02968036529680365,15.48999999999998,356,69,13
margin>=0.1 OR best>=0.35,0.1,0.35,,,20260818-end,195,0.9066666666666666,0.8205128205128205,0.14358974358974358,0.035897435897435895,9.790000000000035,160,28,7
margin>=0.1 OR best>=0.35,0.1,0.35,,,20260825-end,243,0.9078189300411523,0.7942386831275721,0.18930041152263374,0.01646090534979424,4.0099999999999625,193,46,4
margin>=0.1 OR best>=0.35,0.1,0.35,,,pooled,438,0.9073059360730594,0.8059360730593608,0.1689497716894977,0.02511415525114155,13.799999999999997,353,74,11
margin>=0.1 OR best>=0.35 dur[1.0s->0.0],0.1,0.35,1.0,0.0,20260818-end,195,0.9097435897435897,0.8358974358974359,0.12307692307692308,0.041025641025641026,11.330000000000027,163,24,8
margin>=0.1 OR best>=0.35 dur[1.0s->0.0],0.1,0.35,1.0,0.0,20260825-end,243,0.9094650205761318,0.8106995884773662,0.1646090534979424,0.024691358024691357,6.469999999999999,197,40,6
margin>=0.1 OR best>=0.35 dur[1.0s->0.0],0.1,0.35,1.0,0.0,pooled,438,0.9095890410958904,0.821917808219178,0.1461187214611872,0.0319634703196347,17.800000000000026,360,64,14
margin>=0.1 OR best>=0.35 dur[1.0s->0.02],0.1,0.35,1.0,0.02,20260818-end,195,0.9097435897435897,0.8358974358974359,0.12307692307692308,0.041025641025641026,11.330000000000027,163,24,8
margin>=0.1 OR best>=0.35 dur[1.0s->0.02],0.1,0.35,1.0,0.02,20260825-end,243,0.9045267489711935,0.7983539094650206,0.17695473251028807,0.024691358024691357,6.469999999999999,194,43,6
margin>=0.1 OR best>=0.35 dur[1.0s->0.02],0.1,0.35,1.0,0.02,pooled,438,0.9068493150684932,0.815068493150685,0.15296803652968036,0.0319634703196347,17.800000000000026,357,67,14
margin>=0.1 OR best>=0.35 dur[1.0s->0.04],0.1,0.35,1.0,0.04,20260818-end,195,0.9076923076923077,0.8307692307692308,0.1282051282051282,0.041025641025641026,11.330000000000027,162,25,8
margin>=0.1 OR best>=0.35 dur[1.0s->0.04],0.1,0.35,1.0,0.04,20260825-end,243,0.9094650205761318,0.7983539094650206,0.18518518518518517,0.01646090534979424,4.0099999999999625,194,45,4
margin>=0.1 OR best>=0.35 dur[1.0s->0.04],0.1,0.35,1.0,0.04,pooled,438,0.908675799086758,0.8127853881278538,0.1598173515981735,0.0273972602739726,15.33999999999999,356,70,12
margin>=0.1 OR best>=0.35 dur[1.0s->0.06],0.1,0.35,1.0,0.06,20260818-end,195,0.9087179487179486,0.8256410256410256,0.13846153846153847,0.035897435897435895,9.790000000000035,161,27,7
margin>=0.1 OR best>=0.35 dur[1.0s->0.06],0.1,0.35,1.0,0.06,20260825-end,243,0.9078189300411523,0.7942386831275721,0.18930041152263374,0.01646090534979424,4.0099999999999625,193,46,4
margin>=0.1 OR best>=0.35 dur[1.0s->0.06],0.1,0.35,1.0,0.06,pooled,438,0.9082191780821918,0.8082191780821918,0.16666666666666666,0.02511415525114155,13.799999999999997,354,73,11
margin>=0.1 OR best>=0.35 dur[1.5s->0.0],0.1,0.35,1.5,0.0,20260818-end,195,0.9056410256410257,0.8256410256410256,0.13333333333333333,0.041025641025641026,11.330000000000027,161,26,8
margin>=0.1 OR best>=0.35 dur[1.5s->0.0],0.1,0.35,1.5,0.0,20260825-end,243,0.9094650205761318,0.7983539094650206,0.18518518518518517,0.01646090534979424,4.0099999999999625,194,45,4
margin>=0.1 OR best>=0.35 dur[1.5s->0.0],0.1,0.35,1.5,0.0,pooled,438,0.9077625570776257,0.8105022831050228,0.16210045662100456,0.0273972602739726,15.33999999999999,355,71,12
margin>=0.1 OR best>=0.35 dur[1.5s->0.02],0.1,0.35,1.5,0.02,20260818-end,195,0.9056410256410257,0.8256410256410256,0.13333333333333333,0.041025641025641026,11.330000000000027,161,26,8
margin>=0.1 OR best>=0.35 dur[1.5s->0.02],0.1,0.35,1.5,0.02,20260825-end,243,0.9078189300411523,0.7942386831275721,0.18930041152263374,0.01646090534979424,4.0099999999999625,193,46,4
margin>=0.1 OR best>=0.35 dur[1.5s->0.02],0.1,0.35,1.5,0.02,pooled,438,0.9068493150684932,0.8082191780821918,0.1643835616438356,0.0273972602739726,15.33999999999999,354,72,12
margin>=0.1 OR best>=0.35 dur[1.5s->0.04],0.1,0.35,1.5,0.04,20260818-end,195,0.9056410256410257,0.8256410256410256,0.13333333333333333,0.041025641025641026,11.330000000000027,161,26,8
margin>=0.1 OR best>=0.35 dur[1.5s->0.04],0.1,0.35,1.5,0.04,20260825-end,243,0.9078189300411523,0.7942386831275721,0.18930041152263374,0.01646090534979424,4.0099999999999625,193,46,4
margin>=0.1 OR best>=0.35 dur[1.5s->0.04],0.1,0.35,1.5,0.04,pooled,438,0.9068493150684932,0.8082191780821918,0.1643835616438356,0.0273972602739726,15.33999999999999,354,72,12
margin>=0.1 OR best>=0.35 dur[1.5s->0.06],0.1,0.35,1.5,0.06,20260818-end,195,0.9066666666666666,0.8205128205128205,0.14358974358974358,0.035897435897435895,9.790000000000035,160,28,7
margin>=0.1 OR best>=0.35 dur[1.5s->0.06],0.1,0.35,1.5,0.06,20260825-end,243,0.9078189300411523,0.7942386831275721,0.18930041152263374,0.01646090534979424,4.0099999999999625,193,46,4
margin>=0.1 OR best>=0.35 dur[1.5s->0.06],0.1,0.35,1.5,0.06,pooled,438,0.9073059360730594,0.8059360730593608,0.1689497716894977,0.02511415525114155,13.799999999999997,353,74,11
margin>=0.1 OR best>=0.35 dur[2.0s->0.0],0.1,0.35,2.0,0.0,20260818-end,195,0.9087179487179486,0.8256410256410256,0.13846153846153847,0.035897435897435895,9.790000000000035,161,27,7
margin>=0.1 OR best>=0.35 dur[2.0s->0.0],0.1,0.35,2.0,0.0,20260825-end,243,0.9094650205761318,0.7983539094650206,0.18518518518518517,0.01646090534979424,4.0099999999999625,194,45,4
margin>=0.1 OR best>=0.35 dur[2.0s->0.0],0.1,0.35,2.0,0.0,pooled,438,0.9091324200913242,0.8105022831050228,0.1643835616438356,0.02511415525114155,13.799999999999997,355,72,11
margin>=0.1 OR best>=0.35 dur[2.0s->0.02],0.1,0.35,2.0,0.02,20260818-end,195,0.9087179487179486,0.8256410256410256,0.13846153846153847,0.035897435897435895,9.790000000000035,161,27,7
margin>=0.1 OR best>=0.35 dur[2.0s->0.02],0.1,0.35,2.0,0.02,20260825-end,243,0.9078189300411523,0.7942386831275721,0.18930041152263374,0.01646090534979424,4.0099999999999625,193,46,4
margin>=0.1 OR best>=0.35 dur[2.0s->0.02],0.1,0.35,2.0,0.02,pooled,438,0.9082191780821918,0.8082191780821918,0.16666666666666666,0.02511415525114155,13.799999999999997,354,73,11
margin>=0.1 OR best>=0.35 dur[2.0s->0.04],0.1,0.35,2.0,0.04,20260818-end,195,0.9087179487179486,0.8256410256410256,0.13846153846153847,0.035897435897435895,9.790000000000035,161,27,7
margin>=0.1 OR best>=0.35 dur[2.0s->0.04],0.1,0.35,2.0,0.04,20260825-end,243,0.9078189300411523,0.7942386831275721,0.18930041152263374,0.01646090534979424,4.0099999999999625,193,46,4
margin>=0.1 OR best>=0.35 dur[2.0s->0.04],0.1,0.35,2.0,0.04,pooled,438,0.9082191780821918,0.8082191780821918,0.16666666666666666,0.02511415525114155,13.799999999999997,354,73,11
margin>=0.1 OR best>=0.35 dur[2.0s->0.06],0.1,0.35,2.0,0.06,20260818-end,195,0.9066666666666666,0.8205128205128205,0.14358974358974358,0.035897435897435895,9.790000000000035,160,28,7
margin>=0.1 OR best>=0.35 dur[2.0s->0.06],0.1,0.35,2.0,0.06,20260825-end,243,0.9078189300411523,0.7942386831275721,0.18930041152263374,0.01646090534979424,4.0099999999999625,193,46,4
margin>=0.1 OR best>=0.35 dur[2.0s->0.06],0.1,0.35,2.0,0.06,pooled,438,0.9073059360730594,0.8059360730593608,0.1689497716894977,0.02511415525114155,13.799999999999997,353,74,11
margin>=0.1 OR best>=0.35 dur[2.5s->0.0],0.1,0.35,2.5,0.0,20260818-end,195,0.9087179487179486,0.8256410256410256,0.13846153846153847,0.035897435897435895,9.790000000000035,161,27,7
margin>=0.1 OR best>=0.35 dur[2.5s->0.0],0.1,0.35,2.5,0.0,20260825-end,243,0.9094650205761318,0.7983539094650206,0.18518518518518517,0.01646090534979424,4.0099999999999625,194,45,4
margin>=0.1 OR best>=0.35 dur[2.5s->0.0],0.1,0.35,2.5,0.0,pooled,438,0.9091324200913242,0.8105022831050228,0.1643835616438356,0.02511415525114155,13.799999999999997,355,72,11
margin>=0.1 OR best>=0.35 dur[2.5s->0.02],0.1,0.35,2.5,0.02,20260818-end,195,0.9087179487179486,0.8256410256410256,0.13846153846153847,0.035897435897435895,9.790000000000035,161,27,7
margin>=0.1 OR best>=0.35 dur[2.5s->0.02],0.1,0.35,2.5,0.02,20260825-end,243,0.9078189300411523,0.7942386831275721,0.18930041152263374,0.01646090534979424,4.0099999999999625,193,46,4
margin>=0.1 OR best>=0.35 dur[2.5s->0.02],0.1,0.35,2.5,0.02,pooled,438,0.9082191780821918,0.8082191780821918,0.16666666666666666,0.02511415525114155,13.799999999999997,354,73,11
margin>=0.1 OR best>=0.35 dur[2.5s->0.04],0.1,0.35,2.5,0.04,20260818-end,195,0.9087179487179486,0.8256410256410256,0.13846153846153847,0.035897435897435895,9.790000000000035,161,27,7
margin>=0.1 OR best>=0.35 dur[2.5s->0.04],0.1,0.35,2.5,0.04,20260825-end,243,0.9078189300411523,0.7942386831275721,0.18930041152263374,0.01646090534979424,4.0099999999999625,193,46,4
margin>=0.1 OR best>=0.35 dur[2.5s->0.04],0.1,0.35,2.5,0.04,pooled,438,0.9082191780821918,0.8082191780821918,0.16666666666666666,0.02511415525114155,13.799999999999997,354,73,11
margin>=0.1 OR best>=0.35 dur[2.5s->0.06],0.1,0.35,2.5,0.06,20260818-end,195,0.9066666666666666,0.8205128205128205,0.14358974358974358,0.035897435897435895,9.790000000000035,160,28,7
margin>=0.1 OR best>=0.35 dur[2.5s->0.06],0.1,0.35,2.5,0.06,20260825-end,243,0.9078189300411523,0.7942386831275721,0.18930041152263374,0.01646090534979424,4.0099999999999625,193,46,4
margin>=0.1 OR best>=0.35 dur[2.5s->0.06],0.1,0.35,2.5,0.06,pooled,438,0.9073059360730594,0.8059360730593608,0.1689497716894977,0.02511415525114155,13.799999999999997,353,74,11
margin>=0.1 OR best>=0.35 dur[3.0s->0.0],0.1,0.35,3.0,0.0,20260818-end,195,0.9087179487179486,0.8256410256410256,0.13846153846153847,0.035897435897435895,9.790000000000035,161,27,7
margin>=0.1 OR best>=0.35 dur[3.0s->0.0],0.1,0.35,3.0,0.0,20260825-end,243,0.9094650205761318,0.7983539094650206,0.18518518518518517,0.01646090534979424,4.0099999999999625,194,45,4
margin>=0.1 OR best>=0.35 dur[3.0s->0.0],0.1,0.35,3.0,0.0,pooled,438,0.9091324200913242,0.8105022831050228,0.1643835616438356,0.02511415525114155,13.799999999999997,355,72,11
margin>=0.1 OR best>=0.35 dur[3.0s->0.02],0.1,0.35,3.0,0.02,20260818-end,195,0.9087179487179486,0.8256410256410256,0.13846153846153847,0.035897435897435895,9.790000000000035,161,27,7
margin>=0.1 OR best>=0.35 dur[3.0s->0.02],0.1,0.35,3.0,0.02,20260825-end,243,0.9078189300411523,0.7942386831275721,0.18930041152263374,0.01646090534979424,4.0099999999999625,193,46,4
margin>=0.1 OR best>=0.35 dur[3.0s->0.02],0.1,0.35,3.0,0.02,pooled,438,0.9082191780821918,0.8082191780821918,0.16666666666666666,0.02511415525114155,13.799999999999997,354,73,11
margin>=0.1 OR best>=0.35 dur[3.0s->0.04],0.1,0.35,3.0,0.04,20260818-end,195,0.9087179487179486,0.8256410256410256,0.13846153846153847,0.035897435897435895,9.790000000000035,161,27,7
margin>=0.1 OR best>=0.35 dur[3.0s->0.04],0.1,0.35,3.0,0.04,20260825-end,243,0.9078189300411523,0.7942386831275721,0.18930041152263374,0.01646090534979424,4.0099999999999625,193,46,4
margin>=0.1 OR best>=0.35 dur[3.0s->0.04],0.1,0.35,3.0,0.04,pooled,438,0.9082191780821918,0.8082191780821918,0.16666666666666666,0.02511415525114155,13.799999999999997,354,73,11
margin>=0.1 OR best>=0.35 dur[3.0s->0.06],0.1,0.35,3.0,0.06,20260818-end,195,0.9066666666666666,0.8205128205128205,0.14358974358974358,0.035897435897435895,9.790000000000035,160,28,7
margin>=0.1 OR best>=0.35 dur[3.0s->0.06],0.1,0.35,3.0,0.06,20260825-end,243,0.9078189300411523,0.7942386831275721,0.18930041152263374,0.01646090534979424,4.0099999999999625,193,46,4
margin>=0.1 OR best>=0.35 dur[3.0s->0.06],0.1,0.35,3.0,0.06,pooled,438,0.9073059360730594,0.8059360730593608,0.1689497716894977,0.02511415525114155,13.799999999999997,353,74,11
margin>=0.1 OR best>=0.375,0.1,0.375,,,20260818-end,195,0.9056410256410257,0.8102564102564103,0.15897435897435896,0.03076923076923077,9.41000000000004,158,31,6
margin>=0.1 OR best>=0.375,0.1,0.375,,,20260825-end,243,0.9028806584362141,0.7818930041152263,0.20164609053497942,0.01646090534979424,4.0099999999999625,190,49,4
margin>=0.1 OR best>=0.375,0.1,0.375,,,pooled,438,0.904109589041096,0.7945205479452054,0.182648401826484,0.0228310502283105,13.420000000000002,348,80,10
margin>=0.1 OR best>=0.375 dur[1.0s->0.0],0.1,0.375,1.0,0.0,20260818-end,195,0.9128205128205128,0.8358974358974359,0.1282051282051282,0.035897435897435895,10.950000000000031,163,25,7
margin>=0.1 OR best>=0.375 dur[1.0s->0.0],0.1,0.375,1.0,0.0,20260825-end,243,0.9094650205761318,0.8106995884773662,0.1646090534979424,0.024691358024691357,6.469999999999999,197,40,6
margin>=0.1 OR best>=0.375 dur[1.0s->0.0],0.1,0.375,1.0,0.0,pooled,438,0.910958904109589,0.821917808219178,0.14840182648401826,0.02968036529680365,17.42000000000003,360,65,13
margin>=0.1 OR best>=0.375 dur[1.0s->0.02],0.1,0.375,1.0,0.02,20260818-end,195,0.9128205128205128,0.8358974358974359,0.1282051282051282,0.035897435897435895,10.950000000000031,163,25,7
margin>=0.1 OR best>=0.375 dur[1.0s->0.02],0.1,0.375,1.0,0.02,20260825-end,243,0.9012345679012347,0.7901234567901234,0.18518518518518517,0.024691358024691357,6.469999999999999,192,45,6
margin>=0.1 OR best>=0.375 dur[1.0s->0.02],0.1,0.375,1.0,0.02,pooled,438,0.906392694063927,0.8105022831050228,0.1598173515981735,0.02968036529680365,17.42000000000003,355,70,13
margin>=0.1 OR best>=0.375 dur[1.0s->0.04],0.1,0.375,1.0,0.04,20260818-end,195,0.9107692307692308,0.8307692307692308,0.13333333333333333,0.035897435897435895,10.950000000000031,162,26,7
margin>=0.1 OR best>=0.375 dur[1.0s->0.04],0.1,0.375,1.0,0.04,20260825-end,243,0.9061728395061729,0.7901234567901234,0.1934156378600823,0.01646090534979424,4.0099999999999625,192,47,4
margin>=0.1 OR best>=0.375 dur[1.0s->0.04],0.1,0.375,1.0,0.04,pooled,438,0.9082191780821918,0.8082191780821918,0.16666666666666666,0.02511415525114155,14.959999999999994,354,73,11
margin>=0.1 OR best>=0.375 dur[1.0s->0.06],0.1,0.375,1.0,0.06,20260818-end,195,0.9117948717948718,0.8256410256410256,0.14358974358974358,0.03076923076923077,9.41000000000004,161,28,6
margin>=0.1 OR best>=0.375 dur[1.0s->0.06],0.1,0.375,1.0,0.06,20260825-end,243,0.9045267489711935,0.7860082304526749,0.19753086419753085,0.01646090534979424,4.0099999999999625,191,48,4
margin>=0.1 OR best>=0.375 dur[1.0s->0.06],0.1,0.375,1.0,0.06,pooled,438,0.9077625570776257,0.8036529680365296,0.1735159817351598,0.0228310502283105,13.420000000000002,352,76,10
margin>=0.1 OR best>=0.375 dur[1.5s->0.0],0.1,0.375,1.5,0.0,20260818-end,195,0.9046153846153846,0.8153846153846154,0.14871794871794872,0.035897435897435895,10.950000000000031,159,29,7
margin>=0.1 OR best>=0.375 dur[1.5s->0.0],0.1,0.375,1.5,0.0,20260825-end,243,0.9078189300411523,0.7942386831275721,0.18930041152263374,0.01646090534979424,4.0099999999999625,193,46,4
margin>=0.1 OR best>=0.375 dur[1.5s->0.0],0.1,0.375,1.5,0.0,pooled,438,0.906392694063927,0.8036529680365296,0.17123287671232876,0.02511415525114155,14.959999999999994,352,75,11
margin>=0.1 OR best>=0.375 dur[1.5s->0.02],0.1,0.375,1.5,0.02,20260818-end,195,0.9046153846153846,0.8153846153846154,0.14871794871794872,0.035897435897435895,10.950000000000031,159,29,7
margin>=0.1 OR best>=0.375 dur[1.5s->0.02],0.1,0.375,1.5,0.02,20260825-end,243,0.9028806584362141,0.7818930041152263,0.20164609053497942,0.01646090534979424,4.0099999999999625,190,49,4
margin>=0.1 OR best>=0.375 dur[1.5s->0.02],0.1,0.375,1.5,0.02,pooled,438,0.9036529680365297,0.7968036529680366,0.1780821917808219,0.02511415525114155,14.959999999999994,349,78,11
margin>=0.1 OR best>=0.375 dur[1.5s->0.04],0.1,0.375,1.5,0.04,20260818-end,195,0.9046153846153846,0.8153846153846154,0.14871794871794872,0.035897435897435895,10.950000000000031,159,29,7
margin>=0.1 OR best>=0.375 dur[1.5s->0.04],0.1,0.375,1.5,0.04,20260825-end,243,0.9028806584362141,0.7818930041152263,0.20164609053497942,0.01646090534979424,4.0099999999999625,190,49,4
margin>=0.1 OR best>=0.375 dur[1.5s->0.04],0.1,0.375,1.5,0.04,pooled,438,0.9036529680365297,0.7968036529680366,0.1780821917808219,0.02511415525114155,14.959999999999994,349,78,11
margin>=0.1 OR best>=0.375 dur[1.5s->0.06],0.1,0.375,1.5,0.06,20260818-end,195,0.9056410256410257,0.8102564102564103,0.15897435897435896,0.03076923076923077,9.41000000000004,158,31,6
margin>=0.1 OR best>=0.375 dur[1.5s->0.06],0.1,0.375,1.5,0.06,20260825-end,243,0.9028806584362141,0.7818930041152263,0.20164609053497942,0.01646090534979424,4.0099999999999625,190,49,4
margin>=0.1 OR best>=0.375 dur[1.5s->0.06],0.1,0.375,1.5,0.06,pooled,438,0.904109589041096,0.7945205479452054,0.182648401826484,0.0228310502283105,13.420000000000002,348,80,10
margin>=0.1 OR best>=0.375 dur[2.0s->0.0],0.1,0.375,2.0,0.0,20260818-end,195,0.9076923076923077,0.8153846153846154,0.15384615384615385,0.03076923076923077,9.41000000000004,159,30,6
margin>=0.1 OR best>=0.375 dur[2.0s->0.0],0.1,0.375,2.0,0.0,20260825-end,243,0.9061728395061729,0.7901234567901234,0.1934156378600823,0.01646090534979424,4.0099999999999625,192,47,4
margin>=0.1 OR best>=0.375 dur[2.0s->0.0],0.1,0.375,2.0,0.0,pooled,438,0.9068493150684932,0.8013698630136986,0.17579908675799086,0.0228310502283105,13.420000000000002,351,77,10
margin>=0.1 OR best>=0.375 dur[2.0s->0.02],0.1,0.375,2.0,0.02,20260818-end,195,0.9076923076923077,0.8153846153846154,0.15384615384615385,0.03076923076923077,9.41000000000004,159,30,6
margin>=0.1 OR best>=0.375 dur[2.0s->0.02],0.1,0.375,2.0,0.02,20260825-end,243,0.9028806584362141,0.7818930041152263,0.20164609053497942,0.01646090534979424,4.0099999999999625,190,49,4
margin>=0.1 OR best>=0.375 dur[2.0s->0.02],0.1,0.375,2.0,0.02,pooled,438,0.9050228310502284,0.7968036529680366,0.18036529680365296,0.0228310502283105,13.420000000000002,349,79,10
margin>=0.1 OR best>=0.375 dur[2.0s->0.04],0.1,0.375,2.0,0.04,20260818-end,195,0.9076923076923077,0.8153846153846154,0.15384615384615385,0.03076923076923077,9.41000000000004,159,30,6
margin>=0.1 OR best>=0.375 dur[2.0s->0.04],0.1,0.375,2.0,0.04,20260825-end,243,0.9028806584362141,0.7818930041152263,0.20164609053497942,0.01646090534979424,4.0099999999999625,190,49,4
margin>=0.1 OR best>=0.375 dur[2.0s->0.04],0.1,0.375,2.0,0.04,pooled,438,0.9050228310502284,0.7968036529680366,0.18036529680365296,0.0228310502283105,13.420000000000002,349,79,10
margin>=0.1 OR best>=0.375 dur[2.0s->0.06],0.1,0.375,2.0,0.06,20260818-end,195,0.9056410256410257,0.8102564102564103,0.15897435897435896,0.03076923076923077,9.41000000000004,158,31,6
margin>=0.1 OR best>=0.375 dur[2.0s->0.06],0.1,0.375,2.0,0.06,20260825-end,243,0.9028806584362141,0.7818930041152263,0.20164609053497942,0.01646090534979424,4.0099999999999625,190,49,4
margin>=0.1 OR best>=0.375 dur[2.0s->0.06],0.1,0.375,2.0,0.06,pooled,438,0.904109589041096,0.7945205479452054,0.182648401826484,0.0228310502283105,13.420000000000002,348,80,10
margin>=0.1 OR best>=0.375 dur[2.5s->0.0],0.1,0.375,2.5,0.0,20260818-end,195,0.9076923076923077,0.8153846153846154,0.15384615384615385,0.03076923076923077,9.41000000000004,159,30,6
margin>=0.1 OR best>=0.375 dur[2.5s->0.0],0.1,0.375,2.5,0.0,20260825-end,243,0.9061728395061729,0.7901234567901234,0.1934156378600823,0.01646090534979424,4.0099999999999625,192,47,4
margin>=0.1 OR best>=0.375 dur[2.5s->0.0],0.1,0.375,2.5,0.0,pooled,438,0.9068493150684932,0.8013698630136986,0.17579908675799086,0.0228310502283105,13.420000000000002,351,77,10
margin>=0.1 OR best>=0.375 dur[2.5s->0.02],0.1,0.375,2.5,0.02,20260818-end,195,0.9076923076923077,0.8153846153846154,0.15384615384615385,0.03076923076923077,9.41000000000004,159,30,6
margin>=0.1 OR best>=0.375 dur[2.5s->0.02],0.1,0.375,2.5,0.02,20260825-end,243,0.9028806584362141,0.7818930041152263,0.20164609053497942,0.01646090534979424,4.0099999999999625,190,49,4
margin>=0.1 OR best>=0.375 dur[2.5s->0.02],0.1,0.375,2.5,0.02,pooled,438,0.9050228310502284,0.7968036529680366,0.18036529680365296,0.0228310502283105,13.420000000000002,349,79,10
margin>=0.1 OR best>=0.375 dur[2.5s->0.04],0.1,0.375,2.5,0.04,20260818-end,195,0.9076923076923077,0.8153846153846154,0.15384615384615385,0.03076923076923077,9.41000000000004,159,30,6
margin>=0.1 OR best>=0.375 dur[2.5s->0.04],0.1,0.375,2.5,0.04,20260825-end,243,0.9028806584362141,0.7818930041152263,0.20164609053497942,0.01646090534979424,4.0099999999999625,190,49,4
margin>=0.1 OR best>=0.375 dur[2.5s->0.04],0.1,0.375,2.5,0.04,pooled,438,0.9050228310502284,0.7968036529680366,0.18036529680365296,0.0228310502283105,13.420000000000002,349,79,10
margin>=0.1 OR best>=0.375 dur[2.5s->0.06],0.1,0.375,2.5,0.06,20260818-end,195,0.9056410256410257,0.8102564102564103,0.15897435897435896,0.03076923076923077,9.41000000000004,158,31,6
margin>=0.1 OR best>=0.375 dur[2.5s->0.06],0.1,0.375,2.5,0.06,20260825-end,243,0.9028806584362141,0.7818930041152263,0.20164609053497942,0.01646090534979424,4.0099999999999625,190,49,4
margin>=0.1 OR best>=0.375 dur[2.5s->0.06],0.1,0.375,2.5,0.06,pooled,438,0.904109589041096,0.7945205479452054,0.182648401826484,0.0228310502283105,13.420000000000002,348,80,10
margin>=0.1 OR best>=0.375 dur[3.0s->0.0],0.1,0.375,3.0,0.0,20260818-end,195,0.9076923076923077,0.8153846153846154,0.15384615384615385,0.03076923076923077,9.41000000000004,159,30,6
margin>=0.1 OR best>=0.375 dur[3.0s->0.0],0.1,0.375,3.0,0.0,20260825-end,243,0.9045267489711935,0.7860082304526749,0.19753086419753085,0.01646090534979424,4.0099999999999625,191,48,4
margin>=0.1 OR best>=0.375 dur[3.0s->0.0],0.1,0.375,3.0,0.0,pooled,438,0.9059360730593607,0.7990867579908676,0.1780821917808219,0.0228310502283105,13.420000000000002,350,78,10
margin>=0.1 OR best>=0.375 dur[3.0s->0.02],0.1,0.375,3.0,0.02,20260818-end,195,0.9076923076923077,0.8153846153846154,0.15384615384615385,0.03076923076923077,9.41000000000004,159,30,6
margin>=0.1 OR best>=0.375 dur[3.0s->0.02],0.1,0.375,3.0,0.02,20260825-end,243,0.9028806584362141,0.7818930041152263,0.20164609053497942,0.01646090534979424,4.0099999999999625,190,49,4
margin>=0.1 OR best>=0.375 dur[3.0s->0.02],0.1,0.375,3.0,0.02,pooled,438,0.9050228310502284,0.7968036529680366,0.18036529680365296,0.0228310502283105,13.420000000000002,349,79,10
margin>=0.1 OR best>=0.375 dur[3.0s->0.04],0.1,0.375,3.0,0.04,20260818-end,195,0.9076923076923077,0.8153846153846154,0.15384615384615385,0.03076923076923077,9.41000000000004,159,30,6
margin>=0.1 OR best>=0.375 dur[3.0s->0.04],0.1,0.375,3.0,0.04,20260825-end,243,0.9028806584362141,0.7818930041152263,0.20164609053497942,0.01646090534979424,4.0099999999999625,190,49,4
margin>=0.1 OR best>=0.375 dur[3.0s->0.04],0.1,0.375,3.0,0.04,pooled,438,0.9050228310502284,0.7968036529680366,0.18036529680365296,0.0228310502283105,13.420000000000002,349,79,10
margin>=0.1 OR best>=0.375 dur[3.0s->0.06],0.1,0.375,3.0,0.06,20260818-end,195,0.9056410256410257,0.8102564102564103,0.15897435897435896,0.03076923076923077,9.41000000000004,158,31,6
margin>=0.1 OR best>=0.375 dur[3.0s->0.06],0.1,0.375,3.0,0.06,20260825-end,243,0.9028806584362141,0.7818930041152263,0.20164609053497942,0.01646090534979424,4.0099999999999625,190,49,4
margin>=0.1 OR best>=0.375 dur[3.0s->0.06],0.1,0.375,3.0,0.06,pooled,438,0.904109589041096,0.7945205479452054,0.182648401826484,0.0228310502283105,13.420000000000002,348,80,10
margin>=0.1 OR best>=0.4,0.1,0.4,,,20260818-end,195,0.9035897435897435,0.8051282051282052,0.1641025641025641,0.03076923076923077,9.41000000000004,157,32,6
margin>=0.1 OR best>=0.4,0.1,0.4,,,20260825-end,243,0.8995884773662552,0.7736625514403292,0.20987654320987653,0.01646090534979424,4.0099999999999625,188,51,4
margin>=0.1 OR best>=0.4,0.1,0.4,,,pooled,438,0.9013698630136987,0.7876712328767124,0.18949771689497716,0.0228310502283105,13.420000000000002,345,83,10
margin>=0.1 OR best>=0.4 dur[1.0s->0.0],0.1,0.4,1.0,0.0,20260818-end,195,0.9128205128205128,0.8358974358974359,0.1282051282051282,0.035897435897435895,10.950000000000031,163,25,7
margin>=0.1 OR best>=0.4 dur[1.0s->0.0],0.1,0.4,1.0,0.0,20260825-end,243,0.9094650205761318,0.8106995884773662,0.1646090534979424,0.024691358024691357,6.469999999999999,197,40,6
margin>=0.1 OR best>=0.4 dur[1.0s->0.0],0.1,0.4,1.0,0.0,pooled,438,0.910958904109589,0.821917808219178,0.14840182648401826,0.02968036529680365,17.42000000000003,360,65,13
margin>=0.1 OR best>=0.4 dur[1.0s->0.02],0.1,0.4,1.0,0.02,20260818-end,195,0.9128205128205128,0.8358974358974359,0.1282051282051282,0.035897435897435895,10.950000000000031,163,25,7
margin>=0.1 OR best>=0.4 dur[1.0s->0.02],0.1,0.4,1.0,0.02,20260825-end,243,0.8995884773662552,0.7860082304526749,0.18930041152263374,0.024691358024691357,6.469999999999999,191,46,6
margin>=0.1 OR best>=0.4 dur[1.0s->0.02],0.1,0.4,1.0,0.02,pooled,438,0.9054794520547945,0.8082191780821918,0.16210045662100456,0.02968036529680365,17.42000000000003,354,71,13
margin>=0.1 OR best>=0.4 dur[1.0s->0.04],0.1,0.4,1.0,0.04,20260818-end,195,0.9107692307692308,0.8307692307692308,0.13333333333333333,0.035897435897435895,10.950000000000031,162,26,7
margin>=0.1 OR best>=0.4 dur[1.0s->0.04],0.1,0.4,1.0,0.04,20260825-end,243,0.9045267489711935,0.7860082304526749,0.19753086419753085,0.01646090534979424,4.0099999999999625,191,48,4
margin>=0.1 OR best>=0.4 dur[1.0s->0.04],0.1,0.4,1.0,0.04,pooled,438,0.9073059360730594,0.8059360730593608,0.1689497716894977,0.02511415525114155,14.959999999999994,353,74,11
margin>=0.1 OR best>=0.4 dur[1.0s->0.06],0.1,0.4,1.0,0.06,20260818-end,195,0.9117948717948718,0.8256410256410256,0.14358974358974358,0.03076923076923077,9.41000000000004,161,28,6
margin>=0.1 OR best>=0.4 dur[1.0s->0.06],0.1,0.4,1.0,0.06,20260825-end,243,0.9028806584362141,0.7818930041152263,0.20164609053497942,0.01646090534979424,4.0099999999999625,190,49,4
margin>=0.1 OR best>=0.4 dur[1.0s->0.06],0.1,0.4,1.0,0.06,pooled,438,0.9068493150684932,0.8013698630136986,0.17579908675799086,0.0228310502283105,13.420000000000002,351,77,10
margin>=0.1 OR best>=0.4 dur[1.5s->0.0],0.1,0.4,1.5,0.0,20260818-end,195,0.9046153846153846,0.8153846153846154,0.14871794871794872,0.035897435897435895,10.950000000000031,159,29,7
margin>=0.1 OR best>=0.4 dur[1.5s->0.0],0.1,0.4,1.5,0.0,20260825-end,243,0.9061728395061729,0.7901234567901234,0.1934156378600823,0.01646090534979424,4.0099999999999625,192,47,4
margin>=0.1 OR best>=0.4 dur[1.5s->0.0],0.1,0.4,1.5,0.0,pooled,438,0.9054794520547946,0.8013698630136986,0.1735159817351598,0.02511415525114155,14.959999999999994,351,76,11
margin>=0.1 OR best>=0.4 dur[1.5s->0.02],0.1,0.4,1.5,0.02,20260818-end,195,0.9046153846153846,0.8153846153846154,0.14871794871794872,0.035897435897435895,10.950000000000031,159,29,7
margin>=0.1 OR best>=0.4 dur[1.5s->0.02],0.1,0.4,1.5,0.02,20260825-end,243,0.9012345679012347,0.7777777777777778,0.205761316872428,0.01646090534979424,4.0099999999999625,189,50,4
margin>=0.1 OR best>=0.4 dur[1.5s->0.02],0.1,0.4,1.5,0.02,pooled,438,0.9027397260273973,0.7945205479452054,0.18036529680365296,0.02511415525114155,14.959999999999994,348,79,11
margin>=0.1 OR best>=0.4 dur[1.5s->0.04],0.1,0.4,1.5,0.04,20260818-end,195,0.9046153846153846,0.8153846153846154,0.14871794871794872,0.035897435897435895,10.950000000000031,159,29,7
margin>=0.1 OR best>=0.4 dur[1.5s->0.04],0.1,0.4,1.5,0.04,20260825-end,243,0.9012345679012347,0.7777777777777778,0.205761316872428,0.01646090534979424,4.0099999999999625,189,50,4
margin>=0.1 OR best>=0.4 dur[1.5s->0.04],0.1,0.4,1.5,0.04,pooled,438,0.9027397260273973,0.7945205479452054,0.18036529680365296,0.02511415525114155,14.959999999999994,348,79,11
margin>=0.1 OR best>=0.4 dur[1.5s->0.06],0.1,0.4,1.5,0.06,20260818-end,195,0.9056410256410257,0.8102564102564103,0.15897435897435896,0.03076923076923077,9.41000000000004,158,31,6
margin>=0.1 OR best>=0.4 dur[1.5s->0.06],0.1,0.4,1.5,0.06,20260825-end,243,0.9012345679012347,0.7777777777777778,0.205761316872428,0.01646090534979424,4.0099999999999625,189,50,4
margin>=0.1 OR best>=0.4 dur[1.5s->0.06],0.1,0.4,1.5,0.06,pooled,438,0.9031963470319635,0.7922374429223744,0.18493150684931506,0.0228310502283105,13.420000000000002,347,81,10
margin>=0.1 OR best>=0.4 dur[2.0s->0.0],0.1,0.4,2.0,0.0,20260818-end,195,0.9076923076923077,0.8153846153846154,0.15384615384615385,0.03076923076923077,9.41000000000004,159,30,6
margin>=0.1 OR best>=0.4 dur[2.0s->0.0],0.1,0.4,2.0,0.0,20260825-end,243,0.9028806584362141,0.7818930041152263,0.20164609053497942,0.01646090534979424,4.0099999999999625,190,49,4
margin>=0.1 OR best>=0.4 dur[2.0s->0.0],0.1,0.4,2.0,0.0,pooled,438,0.9050228310502284,0.7968036529680366,0.18036529680365296,0.0228310502283105,13.420000000000002,349,79,10
margin>=0.1 OR best>=0.4 dur[2.0s->0.02],0.1,0.4,2.0,0.02,20260818-end,195,0.9076923076923077,0.8153846153846154,0.15384615384615385,0.03076923076923077,9.41000000000004,159,30,6
margin>=0.1 OR best>=0.4 dur[2.0s->0.02],0.1,0.4,2.0,0.02,20260825-end,243,0.8995884773662552,0.7736625514403292,0.20987654320987653,0.01646090534979424,4.0099999999999625,188,51,4
margin>=0.1 OR best>=0.4 dur[2.0s->0.02],0.1,0.4,2.0,0.02,pooled,438,0.9031963470319635,0.7922374429223744,0.18493150684931506,0.0228310502283105,13.420000000000002,347,81,10
margin>=0.1 OR best>=0.4 dur[2.0s->0.04],0.1,0.4,2.0,0.04,20260818-end,195,0.9076923076923077,0.8153846153846154,0.15384615384615385,0.03076923076923077,9.41000000000004,159,30,6
margin>=0.1 OR best>=0.4 dur[2.0s->0.04],0.1,0.4,2.0,0.04,20260825-end,243,0.8995884773662552,0.7736625514403292,0.20987654320987653,0.01646090534979424,4.0099999999999625,188,51,4
margin>=0.1 OR best>=0.4 dur[2.0s->0.04],0.1,0.4,2.0,0.04,pooled,438,0.9031963470319635,0.7922374429223744,0.18493150684931506,0.0228310502283105,13.420000000000002,347,81,10
margin>=0.1 OR best>=0.4 dur[2.0s->0.06],0.1,0.4,2.0,0.06,20260818-end,195,0.9056410256410257,0.8102564102564103,0.15897435897435896,0.03076923076923077,9.41000000000004,158,31,6
margin>=0.1 OR best>=0.4 dur[2.0s->0.06],0.1,0.4,2.0,0.06,20260825-end,243,0.8995884773662552,0.7736625514403292,0.20987654320987653,0.01646090534979424,4.0099999999999625,188,51,4
margin>=0.1 OR best>=0.4 dur[2.0s->0.06],0.1,0.4,2.0,0.06,pooled,438,0.9022831050228312,0.7899543378995434,0.1872146118721461,0.0228310502283105,13.420000000000002,346,82,10
margin>=0.1 OR best>=0.4 dur[2.5s->0.0],0.1,0.4,2.5,0.0,20260818-end,195,0.9076923076923077,0.8153846153846154,0.15384615384615385,0.03076923076923077,9.41000000000004,159,30,6
margin>=0.1 OR best>=0.4 dur[2.5s->0.0],0.1,0.4,2.5,0.0,20260825-end,243,0.9028806584362141,0.7818930041152263,0.20164609053497942,0.01646090534979424,4.0099999999999625,190,49,4
margin>=0.1 OR best>=0.4 dur[2.5s->0.0],0.1,0.4,2.5,0.0,pooled,438,0.9050228310502284,0.7968036529680366,0.18036529680365296,0.0228310502283105,13.420000000000002,349,79,10
margin>=0.1 OR best>=0.4 dur[2.5s->0.02],0.1,0.4,2.5,0.02,20260818-end,195,0.9076923076923077,0.8153846153846154,0.15384615384615385,0.03076923076923077,9.41000000000004,159,30,6
margin>=0.1 OR best>=0.4 dur[2.5s->0.02],0.1,0.4,2.5,0.02,20260825-end,243,0.8995884773662552,0.7736625514403292,0.20987654320987653,0.01646090534979424,4.0099999999999625,188,51,4
margin>=0.1 OR best>=0.4 dur[2.5s->0.02],0.1,0.4,2.5,0.02,pooled,438,0.9031963470319635,0.7922374429223744,0.18493150684931506,0.0228310502283105,13.420000000000002,347,81,10
margin>=0.1 OR best>=0.4 dur[2.5s->0.04],0.1,0.4,2.5,0.04,20260818-end,195,0.9076923076923077,0.8153846153846154,0.15384615384615385,0.03076923076923077,9.41000000000004,159,30,6
margin>=0.1 OR best>=0.4 dur[2.5s->0.04],0.1,0.4,2.5,0.04,20260825-end,243,0.8995884773662552,0.7736625514403292,0.20987654320987653,0.01646090534979424,4.0099999999999625,188,51,4
margin>=0.1 OR best>=0.4 dur[2.5s->0.04],0.1,0.4,2.5,0.04,pooled,438,0.9031963470319635,0.7922374429223744,0.18493150684931506,0.0228310502283105,13.420000000000002,347,81,10
margin>=0.1 OR best>=0.4 dur[2.5s->0.06],0.1,0.4,2.5,0.06,20260818-end,195,0.9056410256410257,0.8102564102564103,0.15897435897435896,0.03076923076923077,9.41000000000004,158,31,6
margin>=0.1 OR best>=0.4 dur[2.5s->0.06],0.1,0.4,2.5,0.06,20260825-end,243,0.8995884773662552,0.7736625514403292,0.20987654320987653,0.01646090534979424,4.0099999999999625,188,51,4
margin>=0.1 OR best>=0.4 dur[2.5s->0.06],0.1,0.4,2.5,0.06,pooled,438,0.9022831050228312,0.7899543378995434,0.1872146118721461,0.0228310502283105,13.420000000000002,346,82,10
margin>=0.1 OR best>=0.4 dur[3.0s->0.0],0.1,0.4,3.0,0.0,20260818-end,195,0.9056410256410257,0.8102564102564103,0.15897435897435896,0.03076923076923077,9.41000000000004,158,31,6
margin>=0.1 OR best>=0.4 dur[3.0s->0.0],0.1,0.4,3.0,0.0,20260825-end,243,0.9012345679012347,0.7777777777777778,0.205761316872428,0.01646090534979424,4.0099999999999625,189,50,4
margin>=0.1 OR best>=0.4 dur[3.0s->0.0],0.1,0.4,3.0,0.0,pooled,438,0.9031963470319635,0.7922374429223744,0.18493150684931506,0.0228310502283105,13.420000000000002,347,81,10
margin>=0.1 OR best>=0.4 dur[3.0s->0.02],0.1,0.4,3.0,0.02,20260818-end,195,0.9056410256410257,0.8102564102564103,0.15897435897435896,0.03076923076923077,9.41000000000004,158,31,6
margin>=0.1 OR best>=0.4 dur[3.0s->0.02],0.1,0.4,3.0,0.02,20260825-end,243,0.8995884773662552,0.7736625514403292,0.20987654320987653,0.01646090534979424,4.0099999999999625,188,51,4
margin>=0.1 OR best>=0.4 dur[3.0s->0.02],0.1,0.4,3.0,0.02,pooled,438,0.9022831050228312,0.7899543378995434,0.1872146118721461,0.0228310502283105,13.420000000000002,346,82,10
margin>=0.1 OR best>=0.4 dur[3.0s->0.04],0.1,0.4,3.0,0.04,20260818-end,195,0.9056410256410257,0.8102564102564103,0.15897435897435896,0.03076923076923077,9.41000000000004,158,31,6
margin>=0.1 OR best>=0.4 dur[3.0s->0.04],0.1,0.4,3.0,0.04,20260825-end,243,0.8995884773662552,0.7736625514403292,0.20987654320987653,0.01646090534979424,4.0099999999999625,188,51,4
margin>=0.1 OR best>=0.4 dur[3.0s->0.04],0.1,0.4,3.0,0.04,pooled,438,0.9022831050228312,0.7899543378995434,0.1872146118721461,0.0228310502283105,13.420000000000002,346,82,10
margin>=0.1 OR best>=0.4 dur[3.0s->0.06],0.1,0.4,3.0,0.06,20260818-end,195,0.9035897435897435,0.8051282051282052,0.1641025641025641,0.03076923076923077,9.41000000000004,157,32,6
margin>=0.1 OR best>=0.4 dur[3.0s->0.06],0.1,0.4,3.0,0.06,20260825-end,243,0.8995884773662552,0.7736625514403292,0.20987654320987653,0.01646090534979424,4.0099999999999625,188,51,4
margin>=0.1 OR best>=0.4 dur[3.0s->0.06],0.1,0.4,3.0,0.06,pooled,438,0.9013698630136987,0.7876712328767124,0.18949771689497716,0.0228310502283105,13.420000000000002,345,83,10
margin>=0.1 OR best>=0.425,0.1,0.425,,,20260818-end,195,0.9066666666666666,0.8051282051282052,0.16923076923076924,0.02564102564102564,8.240000000000052,157,33,5
margin>=0.1 OR best>=0.425,0.1,0.425,,,20260825-end,243,0.8979423868312758,0.7695473251028807,0.2139917695473251,0.01646090534979424,4.0099999999999625,187,52,4
margin>=0.1 OR best>=0.425,0.1,0.425,,,pooled,438,0.9018264840182649,0.7853881278538812,0.19406392694063926,0.02054794520547945,12.250000000000014,344,85,9
margin>=0.1 OR best>=0.425 dur[1.0s->0.0],0.1,0.425,1.0,0.0,20260818-end,195,0.9128205128205128,0.8358974358974359,0.1282051282051282,0.035897435897435895,10.950000000000031,163,25,7
margin>=0.1 OR best>=0.425 dur[1.0s->0.0],0.1,0.425,1.0,0.0,20260825-end,243,0.9094650205761318,0.8106995884773662,0.1646090534979424,0.024691358024691357,6.469999999999999,197,40,6
margin>=0.1 OR best>=0.425 dur[1.0s->0.0],0.1,0.425,1.0,0.0,pooled,438,0.910958904109589,0.821917808219178,0.14840182648401826,0.02968036529680365,17.42000000000003,360,65,13
margin>=0.1 OR best>=0.425 dur[1.0s->0.02],0.1,0.425,1.0,0.02,20260818-end,195,0.9128205128205128,0.8358974358974359,0.1282051282051282,0.035897435897435895,10.950000000000031,163,25,7
margin>=0.1 OR best>=0.425 dur[1.0s->0.02],0.1,0.425,1.0,0.02,20260825-end,243,0.8995884773662552,0.7860082304526749,0.18930041152263374,0.024691358024691357,6.469999999999999,191,46,6
margin>=0.1 OR best>=0.425 dur[1.0s->0.02],0.1,0.425,1.0,0.02,pooled,438,0.9054794520547945,0.8082191780821918,0.16210045662100456,0.02968036529680365,17.42000000000003,354,71,13
margin>=0.1 OR best>=0.425 dur[1.0s->0.04],0.1,0.425,1.0,0.04,20260818-end,195,0.9138461538461539,0.8307692307692308,0.13846153846153847,0.03076923076923077,9.780000000000044,162,27,6
margin>=0.1 OR best>=0.425 dur[1.0s->0.04],0.1,0.425,1.0,0.04,20260825-end,243,0.9045267489711935,0.7860082304526749,0.19753086419753085,0.01646090534979424,4.0099999999999625,191,48,4
margin>=0.1 OR best>=0.425 dur[1.0s->0.04],0.1,0.425,1.0,0.04,pooled,438,0.908675799086758,0.8059360730593608,0.17123287671232876,0.0228310502283105,13.790000000000006,353,75,10
margin>=0.1 OR best>=0.425 dur[1.0s->0.06],0.1,0.425,1.0,0.06,20260818-end,195,0.9148717948717948,0.8256410256410256,0.14871794871794872,0.02564102564102564,8.240000000000052,161,29,5
margin>=0.1 OR best>=0.425 dur[1.0s->0.06],0.1,0.425,1.0,0.06,20260825-end,243,0.9012345679012347,0.7777777777777778,0.205761316872428,0.01646090534979424,4.0099999999999625,189,50,4
margin>=0.1 OR best>=0.425 dur[1.0s->0.06],0.1,0.425,1.0,0.06,pooled,438,0.9073059360730594,0.7990867579908676,0.18036529680365296,0.02054794520547945,12.250000000000014,350,79,9
margin>=0.1 OR best>=0.425 dur[1.5s->0.0],0.1,0.425,1.5,0.0,20260818-end,195,0.9076923076923077,0.8153846153846154,0.15384615384615385,0.03076923076923077,9.780000000000044,159,30,6
margin>=0.1 OR best>=0.425 dur[1.5s->0.0],0.1,0.425,1.5,0.0,20260825-end,243,0.9045267489711935,0.7860082304526749,0.19753086419753085,0.01646090534979424,4.0099999999999625,191,48,4
margin>=0.1 OR best>=0.425 dur[1.5s->0.0],0.1,0.425,1.5,0.0,pooled,438,0.9059360730593607,0.7990867579908676,0.1780821917808219,0.0228310502283105,13.790000000000006,350,78,10
margin>=0.1 OR best>=0.425 dur[1.5s->0.02],0.1,0.425,1.5,0.02,20260818-end,195,0.9076923076923077,0.8153846153846154,0.15384615384615385,0.03076923076923077,9.780000000000044,159,30,6
margin>=0.1 OR best>=0.425 dur[1.5s->0.02],0.1,0.425,1.5,0.02,20260825-end,243,0.8995884773662552,0.7736625514403292,0.20987654320987653,0.01646090534979424,4.0099999999999625,188,51,4
margin>=0.1 OR best>=0.425 dur[1.5s->0.02],0.1,0.425,1.5,0.02,pooled,438,0.9031963470319635,0.7922374429223744,0.18493150684931506,0.0228310502283105,13.790000000000006,347,81,10
margin>=0.1 OR best>=0.425 dur[1.5s->0.04],0.1,0.425,1.5,0.04,20260818-end,195,0.9076923076923077,0.8153846153846154,0.15384615384615385,0.03076923076923077,9.780000000000044,159,30,6
margin>=0.1 OR best>=0.425 dur[1.5s->0.04],0.1,0.425,1.5,0.04,20260825-end,243,0.8995884773662552,0.7736625514403292,0.20987654320987653,0.01646090534979424,4.0099999999999625,188,51,4
margin>=0.1 OR best>=0.425 dur[1.5s->0.04],0.1,0.425,1.5,0.04,pooled,438,0.9031963470319635,0.7922374429223744,0.18493150684931506,0.0228310502283105,13.790000000000006,347,81,10
margin>=0.1 OR best>=0.425 dur[1.5s->0.06],0.1,0.425,1.5,0.06,20260818-end,195,0.9087179487179488,0.8102564102564103,0.1641025641025641,0.02564102564102564,8.240000000000052,158,32,5
margin>=0.1 OR best>=0.425 dur[1.5s->0.06],0.1,0.425,1.5,0.06,20260825-end,243,0.8995884773662552,0.7736625514403292,0.20987654320987653,0.01646090534979424,4.0099999999999625,188,51,4
margin>=0.1 OR best>=0.425 dur[1.5s->0.06],0.1,0.425,1.5,0.06,pooled,438,0.9036529680365297,0.7899543378995434,0.18949771689497716,0.02054794520547945,12.250000000000014,346,83,9
margin>=0.1 OR best>=0.425 dur[2.0s->0.0],0.1,0.425,2.0,0.0,20260818-end,195,0.9107692307692308,0.8153846153846154,0.15897435897435896,0.02564102564102564,8.240000000000052,159,31,5
margin>=0.1 OR best>=0.425 dur[2.0s->0.0],0.1,0.425,2.0,0.0,20260825-end,243,0.9012345679012347,0.7777777777777778,0.205761316872428,0.01646090534979424,4.0099999999999625,189,50,4
margin>=0.1 OR best>=0.425 dur[2.0s->0.0],0.1,0.425,2.0,0.0,pooled,438,0.9054794520547946,0.7945205479452054,0.18493150684931506,0.02054794520547945,12.250000000000014,348,81,9
margin>=0.1 OR best>=0.425 dur[2.0s->0.02],0.1,0.425,2.0,0.02,20260818-end,195,0.9107692307692308,0.8153846153846154,0.15897435897435896,0.02564102564102564,8.240000000000052,159,31,5
margin>=0.1 OR best>=0.425 dur[2.0s->0.02],0.1,0.425,2.0,0.02,20260825-end,243,0.8979423868312758,0.7695473251028807,0.2139917695473251,0.01646090534979424,4.0099999999999625,187,52,4
margin>=0.1 OR best>=0.425 dur[2.0s->0.02],0.1,0.425,2.0,0.02,pooled,438,0.9036529680365297,0.7899543378995434,0.18949771689497716,0.02054794520547945,12.250000000000014,346,83,9
margin>=0.1 OR best>=0.425 dur[2.0s->0.04],0.1,0.425,2.0,0.04,20260818-end,195,0.9107692307692308,0.8153846153846154,0.15897435897435896,0.02564102564102564,8.240000000000052,159,31,5
margin>=0.1 OR best>=0.425 dur[2.0s->0.04],0.1,0.425,2.0,0.04,20260825-end,243,0.8979423868312758,0.7695473251028807,0.2139917695473251,0.01646090534979424,4.0099999999999625,187,52,4
margin>=0.1 OR best>=0.425 dur[2.0s->0.04],0.1,0.425,2.0,0.04,pooled,438,0.9036529680365297,0.7899543378995434,0.18949771689497716,0.02054794520547945,12.250000000000014,346,83,9
margin>=0.1 OR best>=0.425 dur[2.0s->0.06],0.1,0.425,2.0,0.06,20260818-end,195,0.9087179487179488,0.8102564102564103,0.1641025641025641,0.02564102564102564,8.240000000000052,158,32,5
margin>=0.1 OR best>=0.425 dur[2.0s->0.06],0.1,0.425,2.0,0.06,20260825-end,243,0.8979423868312758,0.7695473251028807,0.2139917695473251,0.01646090534979424,4.0099999999999625,187,52,4
margin>=0.1 OR best>=0.425 dur[2.0s->0.06],0.1,0.425,2.0,0.06,pooled,438,0.9027397260273973,0.7876712328767124,0.1917808219178082,0.02054794520547945,12.250000000000014,345,84,9
margin>=0.1 OR best>=0.425 dur[2.5s->0.0],0.1,0.425,2.5,0.0,20260818-end,195,0.9107692307692308,0.8153846153846154,0.15897435897435896,0.02564102564102564,8.240000000000052,159,31,5
margin>=0.1 OR best>=0.425 dur[2.5s->0.0],0.1,0.425,2.5,0.0,20260825-end,243,0.9012345679012347,0.7777777777777778,0.205761316872428,0.01646090534979424,4.0099999999999625,189,50,4
margin>=0.1 OR best>=0.425 dur[2.5s->0.0],0.1,0.425,2.5,0.0,pooled,438,0.9054794520547946,0.7945205479452054,0.18493150684931506,0.02054794520547945,12.250000000000014,348,81,9
margin>=0.1 OR best>=0.425 dur[2.5s->0.02],0.1,0.425,2.5,0.02,20260818-end,195,0.9107692307692308,0.8153846153846154,0.15897435897435896,0.02564102564102564,8.240000000000052,159,31,5
margin>=0.1 OR best>=0.425 dur[2.5s->0.02],0.1,0.425,2.5,0.02,20260825-end,243,0.8979423868312758,0.7695473251028807,0.2139917695473251,0.01646090534979424,4.0099999999999625,187,52,4
margin>=0.1 OR best>=0.425 dur[2.5s->0.02],0.1,0.425,2.5,0.02,pooled,438,0.9036529680365297,0.7899543378995434,0.18949771689497716,0.02054794520547945,12.250000000000014,346,83,9
margin>=0.1 OR best>=0.425 dur[2.5s->0.04],0.1,0.425,2.5,0.04,20260818-end,195,0.9107692307692308,0.8153846153846154,0.15897435897435896,0.02564102564102564,8.240000000000052,159,31,5
margin>=0.1 OR best>=0.425 dur[2.5s->0.04],0.1,0.425,2.5,0.04,20260825-end,243,0.8979423868312758,0.7695473251028807,0.2139917695473251,0.01646090534979424,4.0099999999999625,187,52,4
margin>=0.1 OR best>=0.425 dur[2.5s->0.04],0.1,0.425,2.5,0.04,pooled,438,0.9036529680365297,0.7899543378995434,0.18949771689497716,0.02054794520547945,12.250000000000014,346,83,9
margin>=0.1 OR best>=0.425 dur[2.5s->0.06],0.1,0.425,2.5,0.06,20260818-end,195,0.9087179487179488,0.8102564102564103,0.1641025641025641,0.02564102564102564,8.240000000000052,158,32,5
margin>=0.1 OR best>=0.425 dur[2.5s->0.06],0.1,0.425,2.5,0.06,20260825-end,243,0.8979423868312758,0.7695473251028807,0.2139917695473251,0.01646090534979424,4.0099999999999625,187,52,4
margin>=0.1 OR best>=0.425 dur[2.5s->0.06],0.1,0.425,2.5,0.06,pooled,438,0.9027397260273973,0.7876712328767124,0.1917808219178082,0.02054794520547945,12.250000000000014,345,84,9
margin>=0.1 OR best>=0.425 dur[3.0s->0.0],0.1,0.425,3.0,0.0,20260818-end,195,0.9087179487179488,0.8102564102564103,0.1641025641025641,0.02564102564102564,8.240000000000052,158,32,5
margin>=0.1 OR best>=0.425 dur[3.0s->0.0],0.1,0.425,3.0,0.0,20260825-end,243,0.8995884773662552,0.7736625514403292,0.20987654320987653,0.01646090534979424,4.0099999999999625,188,51,4
margin>=0.1 OR best>=0.425 dur[3.0s->0.0],0.1,0.425,3.0,0.0,pooled,438,0.9036529680365297,0.7899543378995434,0.18949771689497716,0.02054794520547945,12.250000000000014,346,83,9
margin>=0.1 OR best>=0.425 dur[3.0s->0.02],0.1,0.425,3.0,0.02,20260818-end,195,0.9087179487179488,0.8102564102564103,0.1641025641025641,0.02564102564102564,8.240000000000052,158,32,5
margin>=0.1 OR best>=0.425 dur[3.0s->0.02],0.1,0.425,3.0,0.02,20260825-end,243,0.8979423868312758,0.7695473251028807,0.2139917695473251,0.01646090534979424,4.0099999999999625,187,52,4
margin>=0.1 OR best>=0.425 dur[3.0s->0.02],0.1,0.425,3.0,0.02,pooled,438,0.9027397260273973,0.7876712328767124,0.1917808219178082,0.02054794520547945,12.250000000000014,345,84,9
margin>=0.1 OR best>=0.425 dur[3.0s->0.04],0.1,0.425,3.0,0.04,20260818-end,195,0.9087179487179488,0.8102564102564103,0.1641025641025641,0.02564102564102564,8.240000000000052,158,32,5
margin>=0.1 OR best>=0.425 dur[3.0s->0.04],0.1,0.425,3.0,0.04,20260825-end,243,0.8979423868312758,0.7695473251028807,0.2139917695473251,0.01646090534979424,4.0099999999999625,187,52,4
margin>=0.1 OR best>=0.425 dur[3.0s->0.04],0.1,0.425,3.0,0.04,pooled,438,0.9027397260273973,0.7876712328767124,0.1917808219178082,0.02054794520547945,12.250000000000014,345,84,9
margin>=0.1 OR best>=0.425 dur[3.0s->0.06],0.1,0.425,3.0,0.06,20260818-end,195,0.9066666666666666,0.8051282051282052,0.16923076923076924,0.02564102564102564,8.240000000000052,157,33,5
margin>=0.1 OR best>=0.425 dur[3.0s->0.06],0.1,0.425,3.0,0.06,20260825-end,243,0.8979423868312758,0.7695473251028807,0.2139917695473251,0.01646090534979424,4.0099999999999625,187,52,4
margin>=0.1 OR best>=0.425 dur[3.0s->0.06],0.1,0.425,3.0,0.06,pooled,438,0.9018264840182649,0.7853881278538812,0.19406392694063926,0.02054794520547945,12.250000000000014,344,85,9
margin>=0.1 OR best>=0.45,0.1,0.45,,,20260818-end,195,0.9066666666666666,0.8051282051282052,0.16923076923076924,0.02564102564102564,8.240000000000052,157,33,5
margin>=0.1 OR best>=0.45,0.1,0.45,,,20260825-end,243,0.8979423868312758,0.7695473251028807,0.2139917695473251,0.01646090534979424,4.0099999999999625,187,52,4
margin>=0.1 OR best>=0.45,0.1,0.45,,,pooled,438,0.9018264840182649,0.7853881278538812,0.19406392694063926,0.02054794520547945,12.250000000000014,344,85,9
margin>=0.1 OR best>=0.45 dur[1.0s->0.0],0.1,0.45,1.0,0.0,20260818-end,195,0.9128205128205128,0.8358974358974359,0.1282051282051282,0.035897435897435895,10.950000000000031,163,25,7
margin>=0.1 OR best>=0.45 dur[1.0s->0.0],0.1,0.45,1.0,0.0,20260825-end,243,0.9094650205761318,0.8106995884773662,0.1646090534979424,0.024691358024691357,6.469999999999999,197,40,6
margin>=0.1 OR best>=0.45 dur[1.0s->0.0],0.1,0.45,1.0,0.0,pooled,438,0.910958904109589,0.821917808219178,0.14840182648401826,0.02968036529680365,17.42000000000003,360,65,13
margin>=0.1 OR best>=0.45 dur[1.0s->0.02],0.1,0.45,1.0,0.02,20260818-end,195,0.9128205128205128,0.8358974358974359,0.1282051282051282,0.035897435897435895,10.950000000000031,163,25,7
margin>=0.1 OR best>=0.45 dur[1.0s->0.02],0.1,0.45,1.0,0.02,20260825-end,243,0.8995884773662552,0.7860082304526749,0.18930041152263374,0.024691358024691357,6.469999999999999,191,46,6
margin>=0.1 OR best>=0.45 dur[1.0s->0.02],0.1,0.45,1.0,0.02,pooled,438,0.9054794520547945,0.8082191780821918,0.16210045662100456,0.02968036529680365,17.42000000000003,354,71,13
margin>=0.1 OR best>=0.45 dur[1.0s->0.04],0.1,0.45,1.0,0.04,20260818-end,195,0.9138461538461539,0.8307692307692308,0.13846153846153847,0.03076923076923077,9.780000000000044,162,27,6
margin>=0.1 OR best>=0.45 dur[1.0s->0.04],0.1,0.45,1.0,0.04,20260825-end,243,0.9045267489711935,0.7860082304526749,0.19753086419753085,0.01646090534979424,4.0099999999999625,191,48,4
margin>=0.1 OR best>=0.45 dur[1.0s->0.04],0.1,0.45,1.0,0.04,pooled,438,0.908675799086758,0.8059360730593608,0.17123287671232876,0.0228310502283105,13.790000000000006,353,75,10
margin>=0.1 OR best>=0.45 dur[1.0s->0.06],0.1,0.45,1.0,0.06,20260818-end,195,0.9148717948717948,0.8256410256410256,0.14871794871794872,0.02564102564102564,8.240000000000052,161,29,5
margin>=0.1 OR best>=0.45 dur[1.0s->0.06],0.1,0.45,1.0,0.06,20260825-end,243,0.9012345679012347,0.7777777777777778,0.205761316872428,0.01646090534979424,4.0099999999999625,189,50,4
margin>=0.1 OR best>=0.45 dur[1.0s->0.06],0.1,0.45,1.0,0.06,pooled,438,0.9073059360730594,0.7990867579908676,0.18036529680365296,0.02054794520547945,12.250000000000014,350,79,9
margin>=0.1 OR best>=0.45 dur[1.5s->0.0],0.1,0.45,1.5,0.0,20260818-end,195,0.9076923076923077,0.8153846153846154,0.15384615384615385,0.03076923076923077,9.780000000000044,159,30,6
margin>=0.1 OR best>=0.45 dur[1.5s->0.0],0.1,0.45,1.5,0.0,20260825-end,243,0.9045267489711935,0.7860082304526749,0.19753086419753085,0.01646090534979424,4.0099999999999625,191,48,4
margin>=0.1 OR best>=0.45 dur[1.5s->0.0],0.1,0.45,1.5,0.0,pooled,438,0.9059360730593607,0.7990867579908676,0.1780821917808219,0.0228310502283105,13.790000000000006,350,78,10
margin>=0.1 OR best>=0.45 dur[1.5s->0.02],0.1,0.45,1.5,0.02,20260818-end,195,0.9076923076923077,0.8153846153846154,0.15384615384615385,0.03076923076923077,9.780000000000044,159,30,6
margin>=0.1 OR best>=0.45 dur[1.5s->0.02],0.1,0.45,1.5,0.02,20260825-end,243,0.8995884773662552,0.7736625514403292,0.20987654320987653,0.01646090534979424,4.0099999999999625,188,51,4
margin>=0.1 OR best>=0.45 dur[1.5s->0.02],0.1,0.45,1.5,0.02,pooled,438,0.9031963470319635,0.7922374429223744,0.18493150684931506,0.0228310502283105,13.790000000000006,347,81,10
margin>=0.1 OR best>=0.45 dur[1.5s->0.04],0.1,0.45,1.5,0.04,20260818-end,195,0.9076923076923077,0.8153846153846154,0.15384615384615385,0.03076923076923077,9.780000000000044,159,30,6
margin>=0.1 OR best>=0.45 dur[1.5s->0.04],0.1,0.45,1.5,0.04,20260825-end,243,0.8995884773662552,0.7736625514403292,0.20987654320987653,0.01646090534979424,4.0099999999999625,188,51,4
margin>=0.1 OR best>=0.45 dur[1.5s->0.04],0.1,0.45,1.5,0.04,pooled,438,0.9031963470319635,0.7922374429223744,0.18493150684931506,0.0228310502283105,13.790000000000006,347,81,10
margin>=0.1 OR best>=0.45 dur[1.5s->0.06],0.1,0.45,1.5,0.06,20260818-end,195,0.9087179487179488,0.8102564102564103,0.1641025641025641,0.02564102564102564,8.240000000000052,158,32,5
margin>=0.1 OR best>=0.45 dur[1.5s->0.06],0.1,0.45,1.5,0.06,20260825-end,243,0.8995884773662552,0.7736625514403292,0.20987654320987653,0.01646090534979424,4.0099999999999625,188,51,4
margin>=0.1 OR best>=0.45 dur[1.5s->0.06],0.1,0.45,1.5,0.06,pooled,438,0.9036529680365297,0.7899543378995434,0.18949771689497716,0.02054794520547945,12.250000000000014,346,83,9
margin>=0.1 OR best>=0.45 dur[2.0s->0.0],0.1,0.45,2.0,0.0,20260818-end,195,0.9107692307692308,0.8153846153846154,0.15897435897435896,0.02564102564102564,8.240000000000052,159,31,5
margin>=0.1 OR best>=0.45 dur[2.0s->0.0],0.1,0.45,2.0,0.0,20260825-end,243,0.9012345679012347,0.7777777777777778,0.205761316872428,0.01646090534979424,4.0099999999999625,189,50,4
margin>=0.1 OR best>=0.45 dur[2.0s->0.0],0.1,0.45,2.0,0.0,pooled,438,0.9054794520547946,0.7945205479452054,0.18493150684931506,0.02054794520547945,12.250000000000014,348,81,9
margin>=0.1 OR best>=0.45 dur[2.0s->0.02],0.1,0.45,2.0,0.02,20260818-end,195,0.9107692307692308,0.8153846153846154,0.15897435897435896,0.02564102564102564,8.240000000000052,159,31,5
margin>=0.1 OR best>=0.45 dur[2.0s->0.02],0.1,0.45,2.0,0.02,20260825-end,243,0.8979423868312758,0.7695473251028807,0.2139917695473251,0.01646090534979424,4.0099999999999625,187,52,4
margin>=0.1 OR best>=0.45 dur[2.0s->0.02],0.1,0.45,2.0,0.02,pooled,438,0.9036529680365297,0.7899543378995434,0.18949771689497716,0.02054794520547945,12.250000000000014,346,83,9
margin>=0.1 OR best>=0.45 dur[2.0s->0.04],0.1,0.45,2.0,0.04,20260818-end,195,0.9107692307692308,0.8153846153846154,0.15897435897435896,0.02564102564102564,8.240000000000052,159,31,5
margin>=0.1 OR best>=0.45 dur[2.0s->0.04],0.1,0.45,2.0,0.04,20260825-end,243,0.8979423868312758,0.7695473251028807,0.2139917695473251,0.01646090534979424,4.0099999999999625,187,52,4
margin>=0.1 OR best>=0.45 dur[2.0s->0.04],0.1,0.45,2.0,0.04,pooled,438,0.9036529680365297,0.7899543378995434,0.18949771689497716,0.02054794520547945,12.250000000000014,346,83,9
margin>=0.1 OR best>=0.45 dur[2.0s->0.06],0.1,0.45,2.0,0.06,20260818-end,195,0.9087179487179488,0.8102564102564103,0.1641025641025641,0.02564102564102564,8.240000000000052,158,32,5
margin>=0.1 OR best>=0.45 dur[2.0s->0.06],0.1,0.45,2.0,0.06,20260825-end,243,0.8979423868312758,0.7695473251028807,0.2139917695473251,0.01646090534979424,4.0099999999999625,187,52,4
margin>=0.1 OR best>=0.45 dur[2.0s->0.06],0.1,0.45,2.0,0.06,pooled,438,0.9027397260273973,0.7876712328767124,0.1917808219178082,0.02054794520547945,12.250000000000014,345,84,9
margin>=0.1 OR best>=0.45 dur[2.5s->0.0],0.1,0.45,2.5,0.0,20260818-end,195,0.9107692307692308,0.8153846153846154,0.15897435897435896,0.02564102564102564,8.240000000000052,159,31,5
margin>=0.1 OR best>=0.45 dur[2.5s->0.0],0.1,0.45,2.5,0.0,20260825-end,243,0.9012345679012347,0.7777777777777778,0.205761316872428,0.01646090534979424,4.0099999999999625,189,50,4
margin>=0.1 OR best>=0.45 dur[2.5s->0.0],0.1,0.45,2.5,0.0,pooled,438,0.9054794520547946,0.7945205479452054,0.18493150684931506,0.02054794520547945,12.250000000000014,348,81,9
margin>=0.1 OR best>=0.45 dur[2.5s->0.02],0.1,0.45,2.5,0.02,20260818-end,195,0.9107692307692308,0.8153846153846154,0.15897435897435896,0.02564102564102564,8.240000000000052,159,31,5
margin>=0.1 OR best>=0.45 dur[2.5s->0.02],0.1,0.45,2.5,0.02,20260825-end,243,0.8979423868312758,0.7695473251028807,0.2139917695473251,0.01646090534979424,4.0099999999999625,187,52,4
margin>=0.1 OR best>=0.45 dur[2.5s->0.02],0.1,0.45,2.5,0.02,pooled,438,0.9036529680365297,0.7899543378995434,0.18949771689497716,0.02054794520547945,12.250000000000014,346,83,9
margin>=0.1 OR best>=0.45 dur[2.5s->0.04],0.1,0.45,2.5,0.04,20260818-end,195,0.9107692307692308,0.8153846153846154,0.15897435897435896,0.02564102564102564,8.240000000000052,159,31,5
margin>=0.1 OR best>=0.45 dur[2.5s->0.04],0.1,0.45,2.5,0.04,20260825-end,243,0.8979423868312758,0.7695473251028807,0.2139917695473251,0.01646090534979424,4.0099999999999625,187,52,4
margin>=0.1 OR best>=0.45 dur[2.5s->0.04],0.1,0.45,2.5,0.04,pooled,438,0.9036529680365297,0.7899543378995434,0.18949771689497716,0.02054794520547945,12.250000000000014,346,83,9
margin>=0.1 OR best>=0.45 dur[2.5s->0.06],0.1,0.45,2.5,0.06,20260818-end,195,0.9087179487179488,0.8102564102564103,0.1641025641025641,0.02564102564102564,8.240000000000052,158,32,5
margin>=0.1 OR best>=0.45 dur[2.5s->0.06],0.1,0.45,2.5,0.06,20260825-end,243,0.8979423868312758,0.7695473251028807,0.2139917695473251,0.01646090534979424,4.0099999999999625,187,52,4
margin>=0.1 OR best>=0.45 dur[2.5s->0.06],0.1,0.45,2.5,0.06,pooled,438,0.9027397260273973,0.7876712328767124,0.1917808219178082,0.02054794520547945,12.250000000000014,345,84,9
margin>=0.1 OR best>=0.45 dur[3.0s->0.0],0.1,0.45,3.0,0.0,20260818-end,195,0.9087179487179488,0.8102564102564103,0.1641025641025641,0.02564102564102564,8.240000000000052,158,32,5
margin>=0.1 OR best>=0.45 dur[3.0s->0.0],0.1,0.45,3.0,0.0,20260825-end,243,0.8995884773662552,0.7736625514403292,0.20987654320987653,0.01646090534979424,4.0099999999999625,188,51,4
margin>=0.1 OR best>=0.45 dur[3.0s->0.0],0.1,0.45,3.0,0.0,pooled,438,0.9036529680365297,0.7899543378995434,0.18949771689497716,0.02054794520547945,12.250000000000014,346,83,9
margin>=0.1 OR best>=0.45 dur[3.0s->0.02],0.1,0.45,3.0,0.02,20260818-end,195,0.9087179487179488,0.8102564102564103,0.1641025641025641,0.02564102564102564,8.240000000000052,158,32,5
margin>=0.1 OR best>=0.45 dur[3.0s->0.02],0.1,0.45,3.0,0.02,20260825-end,243,0.8979423868312758,0.7695473251028807,0.2139917695473251,0.01646090534979424,4.0099999999999625,187,52,4
margin>=0.1 OR best>=0.45 dur[3.0s->0.02],0.1,0.45,3.0,0.02,pooled,438,0.9027397260273973,0.7876712328767124,0.1917808219178082,0.02054794520547945,12.250000000000014,345,84,9
margin>=0.1 OR best>=0.45 dur[3.0s->0.04],0.1,0.45,3.0,0.04,20260818-end,195,0.9087179487179488,0.8102564102564103,0.1641025641025641,0.02564102564102564,8.240000000000052,158,32,5
margin>=0.1 OR best>=0.45 dur[3.0s->0.04],0.1,0.45,3.0,0.04,20260825-end,243,0.8979423868312758,0.7695473251028807,0.2139917695473251,0.01646090534979424,4.0099999999999625,187,52,4
margin>=0.1 OR best>=0.45 dur[3.0s->0.04],0.1,0.45,3.0,0.04,pooled,438,0.9027397260273973,0.7876712328767124,0.1917808219178082,0.02054794520547945,12.250000000000014,345,84,9
margin>=0.1 OR best>=0.45 dur[3.0s->0.06],0.1,0.45,3.0,0.06,20260818-end,195,0.9066666666666666,0.8051282051282052,0.16923076923076924,0.02564102564102564,8.240000000000052,157,33,5
margin>=0.1 OR best>=0.45 dur[3.0s->0.06],0.1,0.45,3.0,0.06,20260825-end,243,0.8979423868312758,0.7695473251028807,0.2139917695473251,0.01646090534979424,4.0099999999999625,187,52,4
margin>=0.1 OR best>=0.45 dur[3.0s->0.06],0.1,0.45,3.0,0.06,pooled,438,0.9018264840182649,0.7853881278538812,0.19406392694063926,0.02054794520547945,12.250000000000014,344,85,9
